frame,NOSE_x,NOSE_y,NOSE_z,NOSE_vis,LEFT_EYE_INNER_x,LEFT_EYE_INNER_y,LEFT_EYE_INNER_z,LEFT_EYE_INNER_vis,LEFT_EYE_x,LEFT_EYE_y,LEFT_EYE_z,LEFT_EYE_vis,LEFT_EYE_OUTER_x,LEFT_EYE_OUTER_y,LEFT_EYE_OUTER_z,LEFT_EYE_OUTER_vis,RIGHT_EYE_INNER_x,RIGHT_EYE_INNER_y,RIGHT_EYE_INNER_z,RIGHT_EYE_INNER_vis,RIGHT_EYE_x,RIGHT_EYE_y,RIGHT_EYE_z,RIGHT_EYE_vis,RIGHT_EYE_OUTER_x,RIGHT_EYE_OUTER_y,RIGHT_EYE_OUTER_z,RIGHT_EYE_OUTER_vis,LEFT_EAR_x,LEFT_EAR_y,LEFT_EAR_z,LEFT_EAR_vis,RIGHT_EAR_x,RIGHT_EAR_y,RIGHT_EAR_z,RIGHT_EAR_vis,MOUTH_LEFT_x,MOUTH_LEFT_y,MOUTH_LEFT_z,MOUTH_LEFT_vis,MOUTH_RIGHT_x,MOUTH_RIGHT_y,MOUTH_RIGHT_z,MOUTH_RIGHT_vis,LEFT_SHOULDER_x,LEFT_SHOULDER_y,LEFT_SHOULDER_z,LEFT_SHOULDER_vis,RIGHT_SHOULDER_x,RIGHT_SHOULDER_y,RIGHT_SHOULDER_z,RIGHT_SHOULDER_vis,LEFT_ELBOW_x,LEFT_ELBOW_y,LEFT_ELBOW_z,LEFT_ELBOW_vis,RIGHT_ELBOW_x,RIGHT_ELBOW_y,RIGHT_ELBOW_z,RIGHT_ELBOW_vis,LEFT_WRIST_x,LEFT_WRIST_y,LEFT_WRIST_z,LEFT_WRIST_vis,RIGHT_WRIST_x,RIGHT_WRIST_y,RIGHT_WRIST_z,RIGHT_WRIST_vis,LEFT_PINKY_x,LEFT_PINKY_y,LEFT_PINKY_z,LEFT_PINKY_vis,RIGHT_PINKY_x,RIGHT_PINKY_y,RIGHT_PINKY_z,RIGHT_PINKY_vis,LEFT_INDEX_x,LEFT_INDEX_y,LEFT_INDEX_z,LEFT_INDEX_vis,RIGHT_INDEX_x,RIGHT_INDEX_y,RIGHT_INDEX_z,RIGHT_INDEX_vis,LEFT_THUMB_x,LEFT_THUMB_y,LEFT_THUMB_z,LEFT_THUMB_vis,RIGHT_THUMB_x,RIGHT_THUMB_y,RIGHT_THUMB_z,RIGHT_THUMB_vis,LEFT_HIP_x,LEFT_HIP_y,LEFT_HIP_z,LEFT_HIP_vis,RIGHT_HIP_x,RIGHT_HIP_y,RIGHT_HIP_z,RIGHT_HIP_vis,LEFT_KNEE_x,LEFT_KNEE_y,LEFT_KNEE_z,LEFT_KNEE_vis,RIGHT_KNEE_x,RIGHT_KNEE_y,RIGHT_KNEE_z,RIGHT_KNEE_vis,LEFT_ANKLE_x,LEFT_ANKLE_y,LEFT_ANKLE_z,LEFT_ANKLE_vis,RIGHT_ANKLE_x,RIGHT_ANKLE_y,RIGHT_ANKLE_z,RIGHT_ANKLE_vis,LEFT_HEEL_x,LEFT_HEEL_y,LEFT_HEEL_z,LEFT_HEEL_vis,RIGHT_HEEL_x,RIGHT_HEEL_y,RIGHT_HEEL_z,RIGHT_HEEL_vis,LEFT_FOOT_INDEX_x,LEFT_FOOT_INDEX_y,LEFT_FOOT_INDEX_z,LEFT_FOOT_INDEX_vis,RIGHT_FOOT_INDEX_x,RIGHT_FOOT_INDEX_y,RIGHT_FOOT_INDEX_z,RIGHT_FOOT_INDEX_vis
0,0.46584445238113403,0.2066585123538971,-0.2411450892686844,0.9999160766601562,0.46845123171806335,0.1980534791946411,-0.2248900681734085,0.999772846698761,0.47008392214775085,0.1994664967060089,-0.22493323683738708,0.9996881484985352,0.47167035937309265,0.20070672035217285,-0.22494493424892426,0.9996738433837891,0.4614883065223694,0.19392302632331848,-0.23597308993339539,0.9998335838317871,0.4582642912864685,0.19275283813476562,-0.2360147088766098,0.9998182654380798,0.4550769627094269,0.19196400046348572,-0.23609210550785065,0.9998383522033691,0.46912330389022827,0.20909714698791504,-0.1237235888838768,0.9992212057113647,0.44730791449546814,0.19735631346702576,-0.17477737367153168,0.9997813105583191,0.46638599038124084,0.22268423438072205,-0.20170825719833374,0.9998977184295654,0.4571353495121002,0.21712884306907654,-0.21663782000541687,0.9999442100524902,0.4836333990097046,0.2897067070007324,-0.04492717608809471,0.9997939467430115,0.40628543496131897,0.288324773311615,-0.12672020494937897,0.9999098777770996,0.4881364107131958,0.39338403940200806,-0.007862072438001633,0.9219813942909241,0.40436309576034546,0.3999871015548706,-0.11839532107114792,0.9852790832519531,0.4733603298664093,0.48446735739707947,-0.10484936088323593,0.8710595369338989,0.4253668487071991,0.47072362899780273,-0.19487833976745605,0.9757118821144104,0.47380802035331726,0.5162031054496765,-0.1322670727968216,0.7997149229049683,0.4270476996898651,0.49224281311035156,-0.22697655856609344,0.9557124376296997,0.4670974314212799,0.5125201344490051,-0.15812288224697113,0.8124516010284424,0.4317675828933716,0.4823513329029083,-0.2473878562450409,0.9579015374183655,0.46552297472953796,0.5019736289978027,-0.11756426841020584,0.7857962250709534,0.43088191747665405,0.4754239618778229,-0.20325402915477753,0.9384136199951172,0.4644591212272644,0.49441465735435486,0.01584366150200367,0.9995012283325195,0.42353084683418274,0.4925021827220917,-0.015811966732144356,0.9995943903923035,0.47979485988616943,0.6426146030426025,-0.004237107466906309,0.974496603012085,0.40091654658317566,0.6462981104850769,-0.04579862579703331,0.9767389297485352,0.49157145619392395,0.7871734499931335,0.11321005970239639,0.9741346836090088,0.3876070976257324,0.7906761169433594,0.07677774876356125,0.9871644973754883,0.4842741787433624,0.8095476031303406,0.11776763945817947,0.8852612376213074,0.38832855224609375,0.8181151151657104,0.0824534222483635,0.8765886425971985,0.5029274821281433,0.8379756212234497,0.01279318518936634,0.9630059599876404,0.37438851594924927,0.8278207778930664,-0.031887996941804886,0.9769558310508728
1,0.46979573369026184,0.21693123877048492,-0.2619630694389343,0.9999186396598816,0.470486044883728,0.2037823349237442,-0.25008517503738403,0.9997756481170654,0.47132012248039246,0.2041730135679245,-0.250103235244751,0.9996952414512634,0.472202867269516,0.20458272099494934,-0.2501012682914734,0.99968022108078,0.46519526839256287,0.20195257663726807,-0.2618117332458496,0.9998369812965393,0.4619395434856415,0.20110945403575897,-0.2618584632873535,0.9998226165771484,0.4584161043167114,0.2003713846206665,-0.26192086935043335,0.9998414516448975,0.46874234080314636,0.20978784561157227,-0.15944598615169525,0.999243974685669,0.4491446316242218,0.20400406420230865,-0.21330222487449646,0.9997842907905579,0.46748533844947815,0.23059363663196564,-0.22500406205654144,0.9998956918716431,0.4603756368160248,0.23064522445201874,-0.2407880276441574,0.9999426007270813,0.48374632000923157,0.28983214497566223,-0.09107030928134918,0.9997990131378174,0.40711939334869385,0.28832581639289856,-0.14810435473918915,0.9999120235443115,0.48825642466545105,0.39540356397628784,-0.0456538163125515,0.921805739402771,0.40468600392341614,0.40325284004211426,-0.12465960532426834,0.9854094982147217,0.4746136963367462,0.4902328550815582,-0.1290345937013626,0.8689364790916443,0.42598503828048706,0.4838016629219055,-0.18780739605426788,0.9751310348510742,0.47475966811180115,0.5222030878067017,-0.15538381040096283,0.796297550201416,0.4278942048549652,0.5117068886756897,-0.21429963409900665,0.9544022679328918,0.4691902697086334,0.5186038613319397,-0.17946352064609528,0.8089392781257629,0.43356484174728394,0.5104528069496155,-0.23692473769187927,0.9564856290817261,0.4672314524650574,0.5082663893699646,-0.14066237211227417,0.7810366749763489,0.4332789480686188,0.4989740550518036,-0.1966264545917511,0.9367513060569763,0.4661354422569275,0.49795594811439514,0.0024208726827055216,0.9994940161705017,0.4241959750652313,0.4973822832107544,-0.0023907111026346684,0.9995951056480408,0.4835238754749298,0.649427592754364,0.0024658835027366877,0.9764729142189026,0.4001733064651489,0.6466670036315918,0.0025384912732988596,0.9783935546875,0.49338090419769287,0.7942521572113037,0.11216025799512863,0.9760202765464783,0.3881707787513733,0.7906647324562073,0.13910730183124542,0.9878565073013306,0.485095351934433,0.8149464130401611,0.11593376100063324,0.8908390998840332,0.39008522033691406,0.8164914846420288,0.14626525342464447,0.882658064365387,0.5040044784545898,0.84639573097229,0.011523325927555561,0.9655259251594543,0.3737475275993347,0.8284505009651184,0.0457020029425621,0.9780486822128296
2,0.47070857882499695,0.21969224512577057,-0.2752676010131836,0.9999228715896606,0.47115954756736755,0.20644009113311768,-0.26202353835105896,0.999786376953125,0.47179970145225525,0.20666581392288208,-0.26203492283821106,0.9997111558914185,0.47245854139328003,0.20696763694286346,-0.2620341181755066,0.9996970891952515,0.4661121368408203,0.2054130733013153,-0.2732436954975128,0.9998449087142944,0.462858647108078,0.20487014949321747,-0.2732883095741272,0.99983149766922,0.4593207538127899,0.2043905258178711,-0.2733357548713684,0.9998492002487183,0.4684273898601532,0.2118103802204132,-0.1641891449689865,0.9992846250534058,0.4500609338283539,0.20835018157958984,-0.21571476757526398,0.9997943043708801,0.4678269922733307,0.2335350066423416,-0.23596897721290588,0.9998990297317505,0.4612017273902893,0.23453480005264282,-0.25107458233833313,0.9999442100524902,0.4838825762271881,0.2908821702003479,-0.08660294115543365,0.9998058080673218,0.4081534147262573,0.2883197069168091,-0.14889509975910187,0.9999136924743652,0.48882609605789185,0.3964122235774994,-0.03818633034825325,0.9211239218711853,0.4052256941795349,0.40417179465293884,-0.12414322793483734,0.9855722784996033,0.4747743010520935,0.4899351894855499,-0.12795916199684143,0.8663650155067444,0.42714786529541016,0.4855310618877411,-0.18785005807876587,0.9739035964012146,0.47482484579086304,0.5217985510826111,-0.1544266790151596,0.7924548983573914,0.4305533766746521,0.5153999924659729,-0.21611198782920837,0.9518758654594421,0.4694153666496277,0.5184377431869507,-0.18090656399726868,0.8049354553222656,0.435188889503479,0.5114437341690063,-0.2373533844947815,0.9538885354995728,0.4674549698829651,0.5077419877052307,-0.14055271446704865,0.7752869129180908,0.434919536113739,0.49840307235717773,-0.1963672935962677,0.9333140254020691,0.46790364384651184,0.5001014471054077,0.005350810941308737,0.9995017051696777,0.42579931020736694,0.49893805384635925,-0.005321739707142115,0.9996042847633362,0.4870964586734772,0.6560200452804565,0.008457730524241924,0.9784911870956421,0.4000517427921295,0.6478126645088196,-0.014319038018584251,0.9802719950675964,0.49331942200660706,0.798904299736023,0.1314428448677063,0.9780135154724121,0.3880932033061981,0.7907617092132568,0.12326864153146744,0.9888054132461548,0.48503151535987854,0.8197219967842102,0.13647818565368652,0.8971678018569946,0.3900083601474762,0.815506100654602,0.13026753067970276,0.8894304633140564,0.5047220587730408,0.8549060225486755,0.025868922472000122,0.9681677222251892,0.37394440174102783,0.8291162848472595,0.020885663107037544,0.9796133637428284
3,0.46588602662086487,0.2234858125448227,-0.29194527864456177,0.999920666217804,0.46825987100601196,0.20975519716739655,-0.27937695384025574,0.9997769594192505,0.46922123432159424,0.20999516546726227,-0.2793883681297302,0.9997052550315857,0.4701050817966461,0.21032291650772095,-0.27939483523368835,0.9996896982192993,0.46248337626457214,0.2094465047121048,-0.2851371467113495,0.999837338924408,0.4594982862472534,0.20930081605911255,-0.2851887345314026,0.9998263120651245,0.45644456148147583,0.2090628296136856,-0.2852473258972168,0.9998440146446228,0.46701934933662415,0.21596716344356537,-0.18310332298278809,0.9992745518684387,0.45004361867904663,0.21381936967372894,-0.21024037897586823,0.9997796416282654,0.4638932943344116,0.23909592628479004,-0.2533549964427948,0.9998906254768372,0.45707187056541443,0.2403576374053955,-0.2611430287361145,0.9999373555183411,0.4839382767677307,0.2926088273525238,-0.11167645454406738,0.99980229139328,0.4090706408023834,0.2885662019252777,-0.1468023806810379,0.9999080300331116,0.49049869179725647,0.398237943649292,-0.07274911552667618,0.922620952129364,0.40592044591903687,0.40546199679374695,-0.1169930249452591,0.9844005703926086,0.47486498951911926,0.4891100227832794,-0.15856455266475677,0.8644825220108032,0.42744943499565125,0.4840555191040039,-0.18609213829040527,0.9705729484558105,0.47482773661613464,0.52074134349823,-0.18704544007778168,0.7900976538658142,0.4304274320602417,0.5129574537277222,-0.21454671025276184,0.9463498592376709,0.46941491961479187,0.5165629386901855,-0.21114014089107513,0.8021746277809143,0.4360466003417969,0.5096009969711304,-0.23671388626098633,0.9484207034111023,0.4674958884716034,0.5050675868988037,-0.1699388176202774,0.770751416683197,0.43571195006370544,0.4964214861392975,-0.1952781230211258,0.9267230033874512,0.46872422099113464,0.5016276240348816,-0.0036590867675840855,0.9995033740997314,0.42688044905662537,0.5003541707992554,0.003638848662376404,0.9996082186698914,0.48686203360557556,0.6566404104232788,0.006732822395861149,0.9802467226982117,0.40005752444267273,0.6480056047439575,0.007066705264151096,0.9818572402000427,0.4948355257511139,0.7995622754096985,0.12643121182918549,0.9798035621643066,0.388252854347229,0.7907077074050903,0.1411975920200348,0.9895719289779663,0.4876611828804016,0.8199560642242432,0.1311986893415451,0.9001576900482178,0.39025360345840454,0.8143693208694458,0.1483001708984375,0.8946179747581482,0.5005992650985718,0.8522035479545593,0.02529189921915531,0.9704992771148682,0.37394747138023376,0.8291126489639282,0.04492326080799103,0.9808707237243652
4,0.4652767777442932,0.22784075140953064,-0.27717769145965576,0.9999244213104248,0.4665551781654358,0.21452534198760986,-0.2627081573009491,0.9997870326042175,0.4676041603088379,0.21491208672523499,-0.262738436460495,0.9997193813323975,0.4685631990432739,0.21529421210289001,-0.26275238394737244,0.9997042417526245,0.46099889278411865,0.2138098180294037,-0.273110032081604,0.9998449683189392,0.45839202404022217,0.21361112594604492,-0.2731717526912689,0.9998350143432617,0.45578712224960327,0.21320830285549164,-0.27327144145965576,0.9998517036437988,0.46611228585243225,0.22034795582294464,-0.16520358622074127,0.9993056654930115,0.4500122666358948,0.21774223446846008,-0.19678373634815216,0.9997897148132324,0.4615536034107208,0.2453199326992035,-0.23863430321216583,0.9998928904533386,0.4551202058792114,0.24517960846424103,-0.25486505031585693,0.9999389052391052,0.4833833575248718,0.29440808296203613,-0.09287777543067932,0.9998061060905457,0.40955492854118347,0.28934648633003235,-0.13085827231407166,0.9999103546142578,0.4914172291755676,0.39726144075393677,-0.0642147958278656,0.9236711859703064,0.4061509668827057,0.40669217705726624,-0.11084846407175064,0.9847576022148132,0.47637829184532166,0.48398539423942566,-0.14517515897750854,0.866532027721405,0.427967369556427,0.4830549955368042,-0.1827249675989151,0.9710410237312317,0.47568443417549133,0.5175308585166931,-0.17072191834449768,0.7923396825790405,0.43255820870399475,0.5111556053161621,-0.21237753331661224,0.9468309879302979,0.47157779335975647,0.5105717182159424,-0.19701415300369263,0.8039753437042236,0.43917030096054077,0.5079545974731445,-0.2326270192861557,0.9487584829330444,0.46964746713638306,0.49848729372024536,-0.15666159987449646,0.77149897813797,0.4380185902118683,0.49500465393066406,-0.19102878868579865,0.9270561933517456,0.4685194194316864,0.50281822681427,0.0002812294114846736,0.9995158314704895,0.4271806478500366,0.5016136169433594,-0.0002829509030561894,0.9996204972267151,0.48675110936164856,0.6578773856163025,0.006784768309444189,0.9818426370620728,0.40003496408462524,0.6482518315315247,-0.007499805185943842,0.9833871126174927,0.4947260618209839,0.8000908493995667,0.11434943974018097,0.9814268350601196,0.3871209919452667,0.7921200394630432,0.12904614210128784,0.990359902381897,0.48737069964408875,0.821723997592926,0.11728250235319138,0.9055066704750061,0.3886052966117859,0.815302312374115,0.14013099670410156,0.9001528024673462,0.5024444460868835,0.8518349528312683,0.010035630315542221,0.9726585745811462,0.3743497431278229,0.8297303915023804,0.022526759654283524,0.9821968674659729
5,0.47012147307395935,0.22555284202098846,-0.2917693555355072,0.9999253153800964,0.4706670641899109,0.21350057423114777,-0.2774215638637543,0.999788224697113,0.47156617045402527,0.21428099274635315,-0.2774364650249481,0.9997231960296631,0.4723309278488159,0.21507562696933746,-0.27743977308273315,0.999705970287323,0.46506649255752563,0.21229907870292664,-0.2896482050418854,0.9998456239700317,0.46202993392944336,0.21230049431324005,-0.28969934582710266,0.9998376369476318,0.4588741660118103,0.21211107075214386,-0.2897605299949646,0.9998541474342346,0.4682731330394745,0.21868164837360382,-0.1774088442325592,0.9993084669113159,0.4518985450267792,0.21693436801433563,-0.23171411454677582,0.9997946619987488,0.4669894874095917,0.24309486150741577,-0.25188443064689636,0.9998915195465088,0.4602135717868805,0.2414647936820984,-0.2685045599937439,0.9999394416809082,0.48422524333000183,0.2952273488044739,-0.09359852224588394,0.9998038411140442,0.40954941511154175,0.2894081771373749,-0.173020601272583,0.9999130368232727,0.4913142919540405,0.40234890580177307,-0.04966236278414726,0.9189918041229248,0.40614792704582214,0.40659794211387634,-0.15657716989517212,0.9856319427490234,0.47567540407180786,0.490778386592865,-0.13883155584335327,0.8571455478668213,0.4294315576553345,0.4867613613605499,-0.22090820968151093,0.9723215699195862,0.4748534560203552,0.5220476388931274,-0.16608324646949768,0.7802174687385559,0.4338403344154358,0.5156334042549133,-0.2526110112667084,0.9486952424049377,0.4713234603404999,0.5187981724739075,-0.19142358005046844,0.7918704152107239,0.4404294788837433,0.5117787718772888,-0.27186673879623413,0.9504507780075073,0.4693828225135803,0.507027268409729,-0.15121427178382874,0.7587328553199768,0.4396246671676636,0.4997665286064148,-0.2284397929906845,0.9291200637817383,0.4673604965209961,0.5030463933944702,0.0036147425416857004,0.9995323419570923,0.42394933104515076,0.5012803673744202,-0.003638346679508686,0.9996287226676941,0.4863821268081665,0.6568849086761475,0.015216216444969177,0.9832217693328857,0.40004685521125793,0.6488870978355408,-0.0011533312499523163,0.9845426678657532,0.4946326017379761,0.8008736371994019,0.14589251577854156,0.9827694296836853,0.3872710168361664,0.7921108603477478,0.15352749824523926,0.9908273220062256,0.4873293340206146,0.8210004568099976,0.1517961025238037,0.9092025756835938,0.3886529803276062,0.8132591247558594,0.1629181057214737,0.9020657539367676,0.5028058290481567,0.8507488965988159,0.04125388339161873,0.9744125604629517,0.3742656707763672,0.8304620981216431,0.0512104257941246,0.982994794845581
6,0.47702646255493164,0.2251112163066864,-0.287263959646225,0.9999292492866516,0.47516024112701416,0.21130473911762238,-0.27550992369651794,0.9997990131378174,0.47548171877861023,0.21131108701229095,-0.27548152208328247,0.9997377991676331,0.4757043719291687,0.21138912439346313,-0.2754543721675873,0.9997214674949646,0.47080713510513306,0.2111717164516449,-0.2773755192756653,0.999853789806366,0.46783098578453064,0.2110036462545395,-0.27741920948028564,0.9998466968536377,0.4644804000854492,0.21047016978263855,-0.2774859368801117,0.9998624324798584,0.4698251485824585,0.21397744119167328,-0.16737648844718933,0.9993436336517334,0.45499280095100403,0.21365708112716675,-0.22846385836601257,0.9998072385787964,0.4744005799293518,0.23919621109962463,-0.24934911727905273,0.999894380569458,0.4691409766674042,0.23995092511177063,-0.2554952800273895,0.9999417662620544,0.48469266295433044,0.2951619029045105,-0.08843918144702911,0.9998037815093994,0.40975064039230347,0.28939804434776306,-0.17769092321395874,0.9999155402183533,0.49135562777519226,0.40206316113471985,-0.037165459245443344,0.9140599966049194,0.4061186611652374,0.4078134000301361,-0.16660088300704956,0.9865980744361877,0.4756409823894501,0.4922770857810974,-0.12317902594804764,0.8513917922973633,0.432295024394989,0.4892401695251465,-0.22434434294700623,0.9738677740097046,0.47510528564453125,0.5238970518112183,-0.14881370961666107,0.7713882923126221,0.4391060471534729,0.5185659527778625,-0.2547963261604309,0.9510272741317749,0.4714178144931793,0.5206422805786133,-0.17370954155921936,0.7835406064987183,0.44433432817459106,0.5134375095367432,-0.272405207157135,0.9526068568229675,0.46928420662879944,0.5087624788284302,-0.13613776862621307,0.7498064637184143,0.4432311952114105,0.5017842650413513,-0.23089948296546936,0.931801974773407,0.46729788184165955,0.5028455257415771,0.006802718620747328,0.9995362758636475,0.42391616106033325,0.5005614757537842,-0.006799214985221624,0.9996309876441956,0.4861098527908325,0.6562681794166565,0.0014446007553488016,0.9841267466545105,0.3988814651966095,0.6474907398223877,-0.029783625155687332,0.9854105114936829,0.49463075399398804,0.801897406578064,0.11086276918649673,0.9837026596069336,0.3872769773006439,0.7927518486976624,0.10913833975791931,0.9910492300987244,0.4872255027294159,0.8223433494567871,0.11460008472204208,0.9125050902366638,0.3884732127189636,0.813299834728241,0.1163722351193428,0.9036412239074707,0.5030239820480347,0.8516204953193665,0.005528333596885204,0.975600004196167,0.3739752471446991,0.830848753452301,0.007584542967379093,0.9832340478897095
7,0.4786003828048706,0.223948135972023,-0.2782258987426758,0.9999316930770874,0.4768005907535553,0.21055743098258972,-0.26489928364753723,0.9998045563697815,0.47709718346595764,0.2107614129781723,-0.26490235328674316,0.99974524974823,0.4772825241088867,0.21105922758579254,-0.2648937702178955,0.999728262424469,0.47242334485054016,0.2099013775587082,-0.2746475040912628,0.9998586773872375,0.4694080352783203,0.20955760776996613,-0.27469635009765625,0.9998527765274048,0.46596914529800415,0.20900858938694,-0.2747529447078705,0.9998680949211121,0.4709089994430542,0.2134234458208084,-0.1628521829843521,0.9993579387664795,0.45583102107048035,0.2133796066045761,-0.23057731986045837,0.9998166561126709,0.47612035274505615,0.2384406179189682,-0.2396635264158249,0.999894380569458,0.47044485807418823,0.2383473664522171,-0.2539981007575989,0.99994295835495,0.4848751127719879,0.29411616921424866,-0.08609025180339813,0.9998025298118591,0.40972664952278137,0.2896267771720886,-0.17588679492473602,0.9999184012413025,0.49206337332725525,0.3985729217529297,-0.027221636846661568,0.9076511859893799,0.40617093443870544,0.4087926149368286,-0.1608910709619522,0.9875539541244507,0.4759041368961334,0.49108803272247314,-0.11613360792398453,0.8421609997749329,0.43275439739227295,0.490732878446579,-0.2211632877588272,0.9755037426948547,0.4755913019180298,0.5231314301490784,-0.141371488571167,0.759179413318634,0.4385242164134979,0.5195213556289673,-0.2521612346172333,0.953633725643158,0.4721010625362396,0.516423761844635,-0.16660836338996887,0.7717303037643433,0.4447750449180603,0.5143714547157288,-0.26950380206108093,0.9550644755363464,0.4696674644947052,0.5063332319259644,-0.12930119037628174,0.737495481967926,0.4436807334423065,0.5042403340339661,-0.22769594192504883,0.9350141882896423,0.4672393500804901,0.5025498867034912,0.006932599935680628,0.9995334148406982,0.4236694872379303,0.5004953742027283,-0.006916635669767857,0.9996260404586792,0.4860822260379791,0.650303840637207,-0.011321911588311195,0.9848600029945374,0.39891594648361206,0.6453055143356323,-0.03609183058142662,0.986022412776947,0.4949447810649872,0.8015879988670349,0.10805115103721619,0.9842928647994995,0.3876124322414398,0.7924045324325562,0.10497219860553741,0.9911640882492065,0.4874594807624817,0.8205696940422058,0.11292751878499985,0.9146764874458313,0.3886597752571106,0.81295245885849,0.11246328800916672,0.9052846431732178,0.5030356645584106,0.8477894067764282,0.005426886025816202,0.9762741923332214,0.37314555048942566,0.8310432434082031,0.0029703108593821526,0.9832518100738525
8,0.47942039370536804,0.22319354116916656,-0.27174869179725647,0.9999298453330994,0.47800156474113464,0.21003662049770355,-0.2571123242378235,0.999798595905304,0.47831669449806213,0.21032856404781342,-0.2571316361427307,0.9997373223304749,0.4785187840461731,0.21073505282402039,-0.2571336627006531,0.9997187256813049,0.4734179377555847,0.20909811556339264,-0.27377504110336304,0.9998564124107361,0.4703139364719391,0.20864517986774445,-0.27382010221481323,0.9998517036437988,0.4668266475200653,0.208102285861969,-0.2738780677318573,0.9998680353164673,0.47173458337783813,0.21302734315395355,-0.15466517210006714,0.9993338584899902,0.45662084221839905,0.21313059329986572,-0.22445407509803772,0.9998193383216858,0.4766251742839813,0.23784561455249786,-0.23154664039611816,0.9998875856399536,0.4707390069961548,0.237370103597641,-0.2519126236438751,0.9999414086341858,0.48538050055503845,0.29405367374420166,-0.0685623362660408,0.9997844099998474,0.4097607731819153,0.2903635799884796,-0.17313003540039062,0.999918520450592,0.49212777614593506,0.3981077969074249,-0.011917673982679844,0.8929647207260132,0.40675559639930725,0.4099476635456085,-0.16011278331279755,0.9882575273513794,0.4760751724243164,0.48634421825408936,-0.1053030863404274,0.8205389976501465,0.433347225189209,0.4904702603816986,-0.22331228852272034,0.9765167832374573,0.4760156273841858,0.5173298716545105,-0.1306351274251938,0.7355889081954956,0.4389535188674927,0.5185929536819458,-0.25595372915267944,0.9551571607589722,0.47256118059158325,0.5091692209243774,-0.15683728456497192,0.7486631870269775,0.4448690116405487,0.5131461024284363,-0.2724413573741913,0.9564536213874817,0.47045576572418213,0.4977777600288391,-0.1190631091594696,0.7144127488136292,0.44391247630119324,0.5027498006820679,-0.22971847653388977,0.9365904331207275,0.4672078788280487,0.5030164122581482,0.010445218533277512,0.9995164275169373,0.42368900775909424,0.5010475516319275,-0.010398938320577145,0.9996111392974854,0.48616525530815125,0.6502947807312012,-0.008416738361120224,0.9856125712394714,0.39889994263648987,0.6453539133071899,-0.03726121038198471,0.9867398142814636,0.49552997946739197,0.8011251091957092,0.12832984328269958,0.9848703742027283,0.38826677203178406,0.7925813794136047,0.1103672981262207,0.9913841485977173,0.4874715805053711,0.8191518187522888,0.13561393320560455,0.9165881276130676,0.3894466459751129,0.8130033612251282,0.11906914412975311,0.9067716598510742,0.5054641962051392,0.8471314311027527,0.02855396457016468,0.9769777059555054,0.37413087487220764,0.8327511548995972,0.007298273034393787,0.9834933280944824
9,0.4782114326953888,0.22327083349227905,-0.26598379015922546,0.9999299645423889,0.47755056619644165,0.21015147864818573,-0.25097113847732544,0.9997987747192383,0.47808918356895447,0.2103762924671173,-0.25099146366119385,0.9997380971908569,0.47849923372268677,0.21067018806934357,-0.2509844899177551,0.9997186660766602,0.4725135266780853,0.20887678861618042,-0.2674490213394165,0.9998572468757629,0.46937477588653564,0.2081766575574875,-0.26748690009117126,0.9998529553413391,0.46592506766319275,0.20746828615665436,-0.267529159784317,0.9998692274093628,0.47218650579452515,0.21311260759830475,-0.14875192940235138,0.9993284344673157,0.4563690423965454,0.21221518516540527,-0.22228381037712097,0.999822735786438,0.4757007360458374,0.2373841404914856,-0.2255011945962906,0.9998841881752014,0.4694054424762726,0.237105131149292,-0.24629677832126617,0.9999405145645142,0.486036479473114,0.29428377747535706,-0.06331110745668411,0.9997768402099609,0.41036856174468994,0.2910442650318146,-0.1711398810148239,0.9999189972877502,0.49215278029441833,0.3986591398715973,-0.006701455917209387,0.885378897190094,0.4072001874446869,0.41018402576446533,-0.1486225426197052,0.9886196851730347,0.4764079451560974,0.4863308370113373,-0.09641771763563156,0.8096458315849304,0.4334951639175415,0.489860475063324,-0.20650169253349304,0.9767576456069946,0.4763585031032562,0.5172767043113708,-0.12074030190706253,0.7233296632766724,0.4383721351623535,0.5176225304603577,-0.2380942553281784,0.955329954624176,0.4727407693862915,0.5084981322288513,-0.14810021221637726,0.736534833908081,0.44441351294517517,0.5120975971221924,-0.25541120767593384,0.9565356969833374,0.47045058012008667,0.49807998538017273,-0.11013588309288025,0.7019962668418884,0.4435768723487854,0.5016206502914429,-0.21331483125686646,0.9365301728248596,0.4675534963607788,0.5050303936004639,0.012658318504691124,0.9995050430297852,0.4247117042541504,0.502549409866333,-0.012621813453733921,0.9996045827865601,0.48739126324653625,0.6540745496749878,0.016744278371334076,0.9865024089813232,0.3988999128341675,0.647838830947876,-0.027427081018686295,0.9876492023468018,0.4952436089515686,0.8010998964309692,0.14502382278442383,0.9857473969459534,0.388823926448822,0.7928252220153809,0.11926726996898651,0.991828978061676,0.4872913360595703,0.818979024887085,0.15072175860404968,0.9194668531417847,0.389978289604187,0.8130890727043152,0.12713097035884857,0.9092968106269836,0.5062791109085083,0.847176730632782,0.04250426962971687,0.978166937828064,0.37470120191574097,0.8330828547477722,0.016158906742930412,0.9842569828033447
10,0.4796641170978546,0.2230193167924881,-0.25082990527153015,0.9999108910560608,0.4781360924243927,0.209975004196167,-0.23663397133350372,0.9997406005859375,0.4784708619117737,0.2101922631263733,-0.23666076362133026,0.9996729493141174,0.47869107127189636,0.2104560285806656,-0.23666350543498993,0.9996494054794312,0.4735577702522278,0.20857268571853638,-0.2529028654098511,0.9998152256011963,0.4705290198326111,0.20779968798160553,-0.25293800234794617,0.9998109936714172,0.4671381413936615,0.2070389986038208,-0.2530023753643036,0.9998311996459961,0.472188264131546,0.21313942968845367,-0.14210627973079681,0.9991864562034607,0.45763495564460754,0.2115378975868225,-0.22060534358024597,0.9997659921646118,0.47679445147514343,0.23701389133930206,-0.21324311196804047,0.9998487234115601,0.4711553454399109,0.23670874536037445,-0.23457401990890503,0.9999207854270935,0.48632490634918213,0.29441389441490173,-0.06460092216730118,0.999754011631012,0.4107636511325836,0.2911311388015747,-0.16641788184642792,0.9999094605445862,0.4921129643917084,0.39967095851898193,-0.011019422672688961,0.8746735453605652,0.40737587213516235,0.4100225865840912,-0.14838674664497375,0.9883318543434143,0.4765191078186035,0.48706522583961487,-0.09689591825008392,0.7937060594558716,0.43329715728759766,0.4896147549152374,-0.19896718859672546,0.9754960536956787,0.4765278697013855,0.5178478956222534,-0.12087257206439972,0.7065764665603638,0.4379933774471283,0.5172222852706909,-0.22861838340759277,0.9531600475311279,0.4729261100292206,0.5104151368141174,-0.14749346673488617,0.7200222015380859,0.44390782713890076,0.5115876197814941,-0.2474723905324936,0.954257607460022,0.4704872667789459,0.4996100068092346,-0.11020028591156006,0.6853758692741394,0.44307759404182434,0.5013828277587891,-0.20646539330482483,0.9331362247467041,0.4673973619937897,0.5052439570426941,0.01251893863081932,0.9994794726371765,0.42461517453193665,0.5027696490287781,-0.012484660372138023,0.9995801448822021,0.487182080745697,0.6532206535339355,0.012099135667085648,0.9873268008232117,0.39886993169784546,0.648639440536499,-0.016185514628887177,0.9882664084434509,0.4943890869617462,0.7989331483840942,0.14189454913139343,0.9864781498908997,0.3893306851387024,0.7929010391235352,0.13394388556480408,0.9921163320541382,0.486756831407547,0.8166074156761169,0.14798174798488617,0.9205604195594788,0.39097797870635986,0.8132246136665344,0.14190255105495453,0.9106038212776184,0.5061851143836975,0.8453003168106079,0.03948116675019264,0.9791480302810669,0.3738681972026825,0.8331766724586487,0.030410995706915855,0.9847567081451416
11,0.48192867636680603,0.22552862763404846,-0.2666615843772888,0.9999025464057922,0.48031702637672424,0.21127666532993317,-0.2528277635574341,0.9997147917747498,0.48054593801498413,0.21126487851142883,-0.2528592646121979,0.9996442198753357,0.48066145181655884,0.21128420531749725,-0.25286629796028137,0.9996165633201599,0.47600123286247253,0.21006743609905243,-0.2706339955329895,0.9997959733009338,0.4730071425437927,0.2091652750968933,-0.270681232213974,0.9997931122779846,0.46956247091293335,0.20818683505058289,-0.2707483470439911,0.9998142719268799,0.47323453426361084,0.21367591619491577,-0.15493430197238922,0.999114453792572,0.45912930369377136,0.21137340366840363,-0.23493261635303497,0.9997466206550598,0.4784456789493561,0.2389969676733017,-0.2268781065940857,0.9998325705528259,0.47302761673927307,0.2386728972196579,-0.25054672360420227,0.9999127984046936,0.48702272772789,0.29438701272010803,-0.07085421681404114,0.9997475743293762,0.41081103682518005,0.29203736782073975,-0.17870444059371948,0.9999068379402161,0.4920816421508789,0.4006425738334656,-0.01322172861546278,0.8697625994682312,0.4077855348587036,0.411425918340683,-0.15712782740592957,0.9887184500694275,0.47660669684410095,0.4887942969799042,-0.10029656440019608,0.7875497937202454,0.43321555852890015,0.49012938141822815,-0.21211488544940948,0.9759044051170349,0.4767936170101166,0.520639955997467,-0.12556412816047668,0.6988267302513123,0.4377519488334656,0.5183033347129822,-0.24318139255046844,0.9537312388420105,0.47317904233932495,0.5157248973846436,-0.15056225657463074,0.7127897143363953,0.4439185857772827,0.5132972598075867,-0.2617012858390808,0.9547877907752991,0.47057607769966125,0.5039846897125244,-0.11270168423652649,0.678294837474823,0.4430428445339203,0.5021533370018005,-0.21923837065696716,0.9336280822753906,0.46737241744995117,0.5064730048179626,0.013146051205694675,0.9994375705718994,0.42472490668296814,0.5035949945449829,-0.013099811039865017,0.9995414018630981,0.4869917333126068,0.6538975834846497,0.02251734957098961,0.9876294136047363,0.3988662660121918,0.6500979661941528,-0.015250668860971928,0.9885083436965942,0.4947426915168762,0.7993967533111572,0.16211175918579102,0.9865224361419678,0.38929569721221924,0.793063759803772,0.13637390732765198,0.9919731616973877,0.48770713806152344,0.8168770670890808,0.16941775381565094,0.919957160949707,0.3906843960285187,0.8132773041725159,0.14494021236896515,0.9088621139526367,0.5062023997306824,0.8513652682304382,0.06317837536334991,0.979176938533783,0.3753570020198822,0.8336676955223083,0.0320543609559536,0.9843615293502808
12,0.4860290586948395,0.22693409025669098,-0.2763891816139221,0.9999045133590698,0.4840194284915924,0.21228908002376556,-0.26335734128952026,0.9997201561927795,0.4838947355747223,0.21207039058208466,-0.263376921415329,0.9996527433395386,0.4836062490940094,0.21184775233268738,-0.26339057087898254,0.9996262192726135,0.48071396350860596,0.21138623356819153,-0.28373780846595764,0.9998008012771606,0.4781297743320465,0.21050453186035156,-0.2837882339954376,0.9997984766960144,0.47505733370780945,0.20947541296482086,-0.2838380038738251,0.9998182654380798,0.47421035170555115,0.21375331282615662,-0.16731110215187073,0.9991463422775269,0.46229568123817444,0.21134349703788757,-0.25903069972991943,0.9997561573982239,0.4824228286743164,0.2399538904428482,-0.2367495894432068,0.9998361468315125,0.477754682302475,0.23954924941062927,-0.2636750638484955,0.999914288520813,0.4875178337097168,0.29449528455734253,-0.07664866000413895,0.9997560977935791,0.41096603870391846,0.293183833360672,-0.20899352431297302,0.9999104738235474,0.49208295345306396,0.4016041159629822,-0.014369966462254524,0.8662374019622803,0.40972286462783813,0.4131159782409668,-0.18922284245491028,0.9893444776535034,0.47754284739494324,0.4916515648365021,-0.10176229476928711,0.7825992107391357,0.4332561790943146,0.4964023232460022,-0.23854191601276398,0.9768332242965698,0.477761834859848,0.5264267921447754,-0.1275355964899063,0.6911914348602295,0.4375597834587097,0.5250906348228455,-0.2704864740371704,0.9550560116767883,0.474508672952652,0.5219539999961853,-0.15340615808963776,0.7059069871902466,0.44377073645591736,0.5223362445831299,-0.2876001000404358,0.9560489058494568,0.4721768796443939,0.5097808837890625,-0.11659588664770126,0.6707700490951538,0.44303926825523376,0.5111485123634338,-0.24504026770591736,0.9350019693374634,0.4675849676132202,0.5072346329689026,0.01694013923406601,0.9994294047355652,0.424908310174942,0.5043218731880188,-0.016899490728974342,0.9995362758636475,0.4871218502521515,0.6595558524131775,0.027997104451060295,0.9884207844734192,0.39899006485939026,0.6536065340042114,-0.016653528437018394,0.9891514182090759,0.4956802725791931,0.8050665259361267,0.1611141562461853,0.9872928857803345,0.38966548442840576,0.794822633266449,0.13443918526172638,0.9923098683357239,0.48846569657325745,0.8242352604866028,0.16727304458618164,0.9223546981811523,0.3907976746559143,0.8147345185279846,0.1425216943025589,0.9110264182090759,0.5073705911636353,0.8609543442726135,0.05778088420629501,0.9802222847938538,0.37567803263664246,0.8348454833030701,0.02834930643439293,0.9849660396575928
13,0.4846152663230896,0.24152196943759918,-0.30418726801872253,0.9999017715454102,0.48321956396102905,0.22621172666549683,-0.2914080321788788,0.9997084736824036,0.4831521213054657,0.22619475424289703,-0.29143014550209045,0.9996388554573059,0.48290956020355225,0.2259475141763687,-0.2914503216743469,0.9996083378791809,0.47955581545829773,0.22424925863742828,-0.3063124418258667,0.9997931122779846,0.4768204987049103,0.22295434772968292,-0.30636173486709595,0.9997919201850891,0.473593533039093,0.22127942740917206,-0.3064110577106476,0.9998114109039307,0.4741160571575165,0.22540102899074554,-0.1887085884809494,0.999100923538208,0.46134036779403687,0.22035269439220428,-0.2572897970676422,0.9997502565383911,0.4800620377063751,0.25288769602775574,-0.26175397634506226,0.9998277425765991,0.4746167063713074,0.25210314989089966,-0.28173622488975525,0.999910295009613,0.48751792311668396,0.296444833278656,-0.09146399796009064,0.9997559189796448,0.4112077057361603,0.29530665278434753,-0.19543951749801636,0.9999122023582458,0.4920651614665985,0.4053618013858795,-0.03550540655851364,0.8648129105567932,0.4102172553539276,0.4134700894355774,-0.17600290477275848,0.9896623492240906,0.4776265025138855,0.4932163953781128,-0.13288086652755737,0.7770387530326843,0.433430552482605,0.49566733837127686,-0.2396823614835739,0.9770210981369019,0.4781785309314728,0.5264212489128113,-0.16018135845661163,0.6831085681915283,0.43747472763061523,0.5244256854057312,-0.2731323838233948,0.9552081227302551,0.4750429689884186,0.522914469242096,-0.18772293627262115,0.6980148553848267,0.4436242878437042,0.5220062136650085,-0.2911957800388336,0.956132709980011,0.4724944531917572,0.510612428188324,-0.1470884382724762,0.6623088121414185,0.4429072141647339,0.5105677247047424,-0.24684137105941772,0.9348493218421936,0.46756941080093384,0.5089892745018005,0.016293756663799286,0.9994193315505981,0.42491015791893005,0.5047689080238342,-0.01624367944896221,0.999529242515564,0.48703110218048096,0.6600347757339478,0.02448180876672268,0.9890273809432983,0.3989950716495514,0.6544075608253479,-0.011046287603676319,0.9897188544273376,0.4958520531654358,0.8047281503677368,0.1624274104833603,0.9878398776054382,0.3896583616733551,0.7953103184700012,0.14377310872077942,0.992594838142395,0.4884412884712219,0.8235609531402588,0.16951411962509155,0.9249407052993774,0.39045387506484985,0.8149442672729492,0.15253396332263947,0.9131250977516174,0.5073217153549194,0.8587356805801392,0.061740219593048096,0.9809252619743347,0.37587621808052063,0.8351287841796875,0.038643933832645416,0.9853551387786865
14,0.4835515022277832,0.24082663655281067,-0.2886573076248169,0.9998967051506042,0.4823336899280548,0.22686171531677246,-0.27530989050865173,0.9996941089630127,0.48241186141967773,0.22690428793430328,-0.2753483057022095,0.9996218085289001,0.48230934143066406,0.22670213878154755,-0.27535685896873474,0.999588668346405,0.47831106185913086,0.22496922314167023,-0.29284635186195374,0.9997826218605042,0.4754642844200134,0.22384189069271088,-0.29287394881248474,0.999782145023346,0.47218021750450134,0.22237978875637054,-0.29291999340057373,0.9998013973236084,0.4741063117980957,0.2268657237291336,-0.1698741614818573,0.9990366697311401,0.46086356043815613,0.22195963561534882,-0.24982476234436035,0.9997396469116211,0.47979262471199036,0.2528983950614929,-0.24495211243629456,0.999815046787262,0.4742194712162018,0.2524566948413849,-0.2678832411766052,0.9999048709869385,0.4874829053878784,0.29672881960868835,-0.0711732730269432,0.9997543096542358,0.41157180070877075,0.2962769865989685,-0.1887577623128891,0.9999122023582458,0.49227088689804077,0.4049703776836395,-0.0157060157507658,0.8629563450813293,0.410722553730011,0.4143331050872803,-0.16828587651252747,0.9898849725723267,0.4778757393360138,0.49460190534591675,-0.11363866925239563,0.7760654091835022,0.4334957003593445,0.4948202669620514,-0.2306857705116272,0.9774565696716309,0.47840002179145813,0.5278282761573792,-0.13922490179538727,0.6812227964401245,0.43736928701400757,0.523449718952179,-0.2630825340747833,0.9559718370437622,0.47530698776245117,0.523701548576355,-0.16780339181423187,0.696191132068634,0.4435644745826721,0.5206526517868042,-0.2813184857368469,0.956824004650116,0.47292962670326233,0.5117735266685486,-0.128097802400589,0.6606144905090332,0.4428424537181854,0.5094705820083618,-0.23794619739055634,0.9354716539382935,0.4675097167491913,0.5107482075691223,0.01933346875011921,0.99941486120224,0.4248866140842438,0.5076233744621277,-0.019292227923870087,0.9995165467262268,0.48696115612983704,0.6595504283905029,0.03064286708831787,0.9894972443580627,0.39909791946411133,0.6564916372299194,-0.013157058507204056,0.990188479423523,0.49477723240852356,0.8044207692146301,0.16005513072013855,0.988279402256012,0.38883543014526367,0.7960456609725952,0.1377761960029602,0.9928063154220581,0.48725223541259766,0.8234249949455261,0.1663314402103424,0.9274036288261414,0.387861430644989,0.8153085708618164,0.14546726644039154,0.9135569334030151,0.507249116897583,0.8528704643249512,0.06141122803092003,0.981522798538208,0.37774622440338135,0.8360114097595215,0.03208852931857109,0.9856655597686768
15,0.48345687985420227,0.2439160943031311,-0.2882366478443146,0.9998435974121094,0.48186784982681274,0.22972363233566284,-0.2721068263053894,0.9995417594909668,0.4820899963378906,0.22971211373806,-0.2721300721168518,0.9994549751281738,0.482109010219574,0.22948862612247467,-0.27212342619895935,0.9994063973426819,0.4774862825870514,0.2279645949602127,-0.28675147891044617,0.9996623396873474,0.47457754611968994,0.22680087387561798,-0.28678643703460693,0.9996684193611145,0.47131308913230896,0.22526229918003082,-0.2868195176124573,0.9996886849403381,0.4740310311317444,0.2287251502275467,-0.16716080904006958,0.9985963702201843,0.4608704745769501,0.22367601096630096,-0.24344654381275177,0.9995837807655334,0.47849372029304504,0.25547677278518677,-0.24436311423778534,0.9997277855873108,0.4734545946121216,0.25535282492637634,-0.2635725438594818,0.9998570084571838,0.48745590448379517,0.29803934693336487,-0.07153098285198212,0.9997371435165405,0.4119929075241089,0.2964513599872589,-0.19217562675476074,0.9999032616615295,0.4923876225948334,0.405804842710495,-0.019828522577881813,0.8610395789146423,0.41060125827789307,0.4156700074672699,-0.17996004223823547,0.9899160861968994,0.47731199860572815,0.49850374460220337,-0.11509253829717636,0.7737935185432434,0.43456798791885376,0.4942645728588104,-0.2328508496284485,0.9773147106170654,0.47830647230148315,0.5311309099197388,-0.14079301059246063,0.6770471930503845,0.4393683969974518,0.5228329300880432,-0.26486316323280334,0.9557300806045532,0.47518858313560486,0.5281408429145813,-0.1686493456363678,0.6924041509628296,0.44557270407676697,0.5203251242637634,-0.28216812014579773,0.9565151333808899,0.4721128046512604,0.5151728391647339,-0.12920887768268585,0.6573264598846436,0.44406792521476746,0.5091873407363892,-0.2393179088830948,0.9344632625579834,0.4664609730243683,0.5105435848236084,0.02149018459022045,0.9993568062782288,0.4242238998413086,0.5072811245918274,-0.021434253081679344,0.9994468688964844,0.48589378595352173,0.6594085097312927,0.04298194497823715,0.9893924593925476,0.39957645535469055,0.6577144861221313,-0.004402071703225374,0.9899678230285645,0.4936787784099579,0.8027099967002869,0.17318286001682281,0.9879831075668335,0.38881629705429077,0.7975066304206848,0.13737717270851135,0.9924859404563904,0.48572203516960144,0.8219886422157288,0.17978323996067047,0.9272497296333313,0.3871108591556549,0.8159452676773071,0.14493364095687866,0.9092770218849182,0.5056019425392151,0.8496087789535522,0.07707692682743073,0.9811354279518127,0.3785816431045532,0.8359604477882385,0.03119819238781929,0.9849873781204224
16,0.4833274185657501,0.24168963730335236,-0.29708153009414673,0.9998248219490051,0.48133939504623413,0.22738660871982574,-0.28325775265693665,0.9994874000549316,0.48163336515426636,0.22744837403297424,-0.2832784652709961,0.9993963241577148,0.4817894995212555,0.2273598313331604,-0.28329160809516907,0.9993380308151245,0.4769946038722992,0.2256888598203659,-0.29934799671173096,0.9996238946914673,0.47410956025123596,0.22462858259677887,-0.29940229654312134,0.9996337294578552,0.4708554148674011,0.22328662872314453,-0.29946252703666687,0.9996514320373535,0.47455012798309326,0.2282290905714035,-0.17918449640274048,0.9984690546989441,0.4605799913406372,0.2230573147535324,-0.2536216974258423,0.9995536208152771,0.47844746708869934,0.25395771861076355,-0.2541508376598358,0.9997004866600037,0.4728931784629822,0.2542065382003784,-0.2753499746322632,0.9998406767845154,0.4882250726222992,0.2997668981552124,-0.08136653900146484,0.9997336864471436,0.41242703795433044,0.29731860756874084,-0.19754019379615784,0.9998977780342102,0.4928065538406372,0.406721293926239,-0.02256879210472107,0.8604516983032227,0.4106459319591522,0.4159429669380188,-0.18165245652198792,0.9899661540985107,0.47806915640830994,0.49830684065818787,-0.11507269740104675,0.7736835479736328,0.43656036257743835,0.49387049674987793,-0.23539526760578156,0.9765058755874634,0.47840452194213867,0.5303554534912109,-0.1406080573797226,0.6768597960472107,0.4423213303089142,0.5224138498306274,-0.2676760256290436,0.9540432095527649,0.47512510418891907,0.5270223021507263,-0.1684933304786682,0.6922470331192017,0.44769391417503357,0.519551157951355,-0.285193532705307,0.9547656178474426,0.47228488326072693,0.5144795179367065,-0.12906618416309357,0.6569510698318481,0.4463731348514557,0.5083487629890442,-0.24209171533584595,0.931978166103363,0.4681124985218048,0.5122761130332947,0.020347023382782936,0.9993267059326172,0.42638662457466125,0.5103937983512878,-0.020298343151807785,0.9994211196899414,0.4881449341773987,0.6610296964645386,0.043723512440919876,0.9900229573249817,0.40135684609413147,0.6623730063438416,0.004664726089686155,0.9903998374938965,0.49431291222572327,0.804132878780365,0.17147427797317505,0.9884921908378601,0.38911327719688416,0.7976244688034058,0.14890800416469574,0.9927045702934265,0.48693037033081055,0.8253776431083679,0.1772533506155014,0.9274539351463318,0.387663334608078,0.8163343071937561,0.15643130242824554,0.9095720052719116,0.5064143538475037,0.8612337708473206,0.06983175873756409,0.9816842675209045,0.3785513639450073,0.8360279202461243,0.04346480593085289,0.9853390455245972
17,0.48275500535964966,0.24067473411560059,-0.29553452134132385,0.9997886419296265,0.4810261130332947,0.22618690133094788,-0.2811568081378937,0.9993691444396973,0.4814194142818451,0.22627989947795868,-0.28118741512298584,0.9992698431015015,0.4817116856575012,0.22624246776103973,-0.28120630979537964,0.9991933107376099,0.4765820801258087,0.22442437708377838,-0.29773932695388794,0.9995244741439819,0.47370821237564087,0.223360076546669,-0.297791987657547,0.9995467066764832,0.47050052881240845,0.22204658389091492,-0.2978701591491699,0.9995666146278381,0.4751604497432709,0.22750148177146912,-0.17624326050281525,0.9981293678283691,0.46050596237182617,0.2222173660993576,-0.25145426392555237,0.99946528673172,0.47817888855934143,0.2534138560295105,-0.252476304769516,0.9996556043624878,0.47268643975257874,0.2534225583076477,-0.27437835931777954,0.9998171329498291,0.48967257142066956,0.30020445585250854,-0.08043476194143295,0.9997325539588928,0.41254064440727234,0.2972257137298584,-0.2018314152956009,0.9998936653137207,0.4930568039417267,0.41079652309417725,-0.027321165427565575,0.8586148619651794,0.4105812609195709,0.4162696301937103,-0.19478464126586914,0.9902852773666382,0.478120893239975,0.5030986666679382,-0.12781380116939545,0.77289879322052,0.4365434944629669,0.493601530790329,-0.25343355536460876,0.9769185781478882,0.47866445779800415,0.5349164009094238,-0.15684019029140472,0.6763439774513245,0.4423484206199646,0.5221834182739258,-0.28888970613479614,0.9547431468963623,0.4750472903251648,0.5315853953361511,-0.1841687560081482,0.6919564008712769,0.44754186272621155,0.5192043781280518,-0.30655336380004883,0.9554093480110168,0.4722568094730377,0.5194776654243469,-0.142133429646492,0.6572354435920715,0.4464731216430664,0.5078446269035339,-0.26036176085472107,0.9326781630516052,0.46807271242141724,0.5119432806968689,0.022960716858506203,0.9993119239807129,0.42604705691337585,0.5099315047264099,-0.022894149646162987,0.9993969798088074,0.4877963960170746,0.6578415632247925,0.03994589298963547,0.9902507662773132,0.40177983045578003,0.6616324782371521,-0.001953631639480591,0.9904263615608215,0.4947631061077118,0.800792396068573,0.19416628777980804,0.9885350465774536,0.3884929418563843,0.7977425456047058,0.14776204526424408,0.9925776124000549,0.4879594147205353,0.8224100470542908,0.20336104929447174,0.9262742400169373,0.3871672749519348,0.8163651823997498,0.15706992149353027,0.905977189540863,0.5048133134841919,0.8529552221298218,0.09810619056224823,0.9816613793373108,0.38010385632514954,0.8374959230422974,0.04152805730700493,0.9850208163261414
18,0.48217275738716125,0.23982998728752136,-0.29082298278808594,0.9997731447219849,0.4811529219150543,0.22534683346748352,-0.2766931653022766,0.9993113875389099,0.4816104471683502,0.2254590392112732,-0.2767217457294464,0.999207615852356,0.48198017477989197,0.22545376420021057,-0.27673742175102234,0.9991236925125122,0.4766426384449005,0.22359175980091095,-0.2929590940475464,0.9994823932647705,0.47377851605415344,0.22254067659378052,-0.2930096983909607,0.9995068907737732,0.47059646248817444,0.22125780582427979,-0.2930831015110016,0.9995272159576416,0.4756150543689728,0.22703023254871368,-0.17404061555862427,0.9979724884033203,0.4607629179954529,0.2216973751783371,-0.24817238748073578,0.9994165897369385,0.47808757424354553,0.2526093125343323,-0.24891455471515656,0.9996183514595032,0.47228994965553284,0.25262758135795593,-0.2705012857913971,0.9997968077659607,0.4907050132751465,0.30036407709121704,-0.0836554616689682,0.9997164607048035,0.41276422142982483,0.2974776327610016,-0.19573256373405457,0.9998833537101746,0.49315595626831055,0.4108833968639374,-0.03344734385609627,0.855634331703186,0.4105628728866577,0.4165758490562439,-0.18492552638053894,0.9902269840240479,0.47818461060523987,0.5034313797950745,-0.12760230898857117,0.7695363759994507,0.4369577169418335,0.4934261739253998,-0.2433754950761795,0.9760738015174866,0.4786772131919861,0.5356687307357788,-0.15491530299186707,0.6722425222396851,0.442745566368103,0.5222007036209106,-0.27706626057624817,0.9530345797538757,0.47498878836631775,0.5328078866004944,-0.1823449581861496,0.6881601214408875,0.4475466310977936,0.5186138153076172,-0.2949596643447876,0.9536442756652832,0.4722246527671814,0.5203927755355835,-0.1416064202785492,0.6532241106033325,0.44661945104599,0.5073443651199341,-0.2503114640712738,0.9301275014877319,0.46830955147743225,0.5118577480316162,0.018442003056406975,0.9992641806602478,0.42649951577186584,0.5098248720169067,-0.018343981355428696,0.9993704557418823,0.48769864439964294,0.6572020053863525,0.03617816045880318,0.990592896938324,0.40281617641448975,0.6608055830001831,-0.004083225037902594,0.9906221032142639,0.49537351727485657,0.800508439540863,0.18685433268547058,0.988793671131134,0.38856127858161926,0.7985715270042419,0.145113006234169,0.9926515817642212,0.48841527104377747,0.8223176598548889,0.1967296153306961,0.9262593984603882,0.38794705271720886,0.8177392482757568,0.15449252724647522,0.9062901735305786,0.5050450563430786,0.8511819839477539,0.09554938971996307,0.9818947315216064,0.37983638048171997,0.8375672101974487,0.04080253466963768,0.9850158095359802
19,0.4829031825065613,0.23941147327423096,-0.28543248772621155,0.9997241497039795,0.4820459187030792,0.2247903198003769,-0.27142900228500366,0.9991599917411804,0.48236456513404846,0.22488732635974884,-0.27146151661872864,0.9990477561950684,0.48261430859565735,0.22489507496356964,-0.2714819610118866,0.9989418387413025,0.4778098464012146,0.22306343913078308,-0.2915118634700775,0.999381422996521,0.4749738276004791,0.22199231386184692,-0.291577011346817,0.9994158744812012,0.4717572033405304,0.22071018815040588,-0.29167571663856506,0.9994378089904785,0.47573190927505493,0.22694069147109985,-0.169090136885643,0.9975597262382507,0.4611952602863312,0.22127819061279297,-0.24786154925823212,0.9993333220481873,0.4791439175605774,0.25212016701698303,-0.24321433901786804,0.9995318055152893,0.4733513593673706,0.25208839774131775,-0.26936084032058716,0.9997553825378418,0.4908756613731384,0.300363689661026,-0.07325926423072815,0.9996985793113708,0.4127422273159027,0.29749542474746704,-0.1967455893754959,0.9998778700828552,0.4934086799621582,0.41053494811058044,-0.016533274203538895,0.8491020798683167,0.4104294180870056,0.41638341546058655,-0.18246731162071228,0.9905027747154236,0.47887441515922546,0.5026017427444458,-0.11420907825231552,0.7620073556900024,0.4369710087776184,0.49199652671813965,-0.23948661983013153,0.9763994216918945,0.4788820445537567,0.5345093607902527,-0.1403050571680069,0.6648461222648621,0.44272345304489136,0.5211557745933533,-0.2726074755191803,0.9535183906555176,0.4751528799533844,0.5310805439949036,-0.16881026327610016,0.6811660528182983,0.44730865955352783,0.5149608254432678,-0.29081591963768005,0.954086184501648,0.47265368700027466,0.5182534456253052,-0.1287432163953781,0.6463351845741272,0.44640737771987915,0.5056340098381042,-0.2466110736131668,0.9304097890853882,0.4684106111526489,0.5115514397621155,0.02144538052380085,0.9991931319236755,0.4262470602989197,0.5095500946044922,-0.021346505731344223,0.9993225932121277,0.4878537952899933,0.6569080948829651,0.04012115299701691,0.9907780289649963,0.40330246090888977,0.6602863073348999,-0.012769361026585102,0.9907029867172241,0.4951215386390686,0.800449013710022,0.176621213555336,0.9888683557510376,0.3882535696029663,0.7986344695091248,0.12974773347377777,0.9926020503044128,0.48790690302848816,0.8222754001617432,0.1841648370027542,0.9256699085235596,0.38782405853271484,0.8177655935287476,0.13740772008895874,0.9044933319091797,0.5049830079078674,0.8484480977058411,0.07932551950216293,0.9818399548530579,0.37975624203681946,0.838546872138977,0.021539079025387764,0.9848062992095947
20,0.4831058084964752,0.23858888447284698,-0.2751109302043915,0.9997230172157288,0.4823436439037323,0.2242841273546219,-0.26076334714889526,0.9991657137870789,0.48264777660369873,0.22443707287311554,-0.26079457998275757,0.999055802822113,0.4828709661960602,0.22452056407928467,-0.26081061363220215,0.9989495277404785,0.47796425223350525,0.22249123454093933,-0.2797063887119293,0.9993874430656433,0.47500377893447876,0.22138136625289917,-0.27975767850875854,0.9994219541549683,0.47168752551078796,0.22010838985443115,-0.27982744574546814,0.9994419813156128,0.4757571816444397,0.2267715334892273,-0.15716448426246643,0.9975738525390625,0.461092084646225,0.22123776376247406,-0.2388908416032791,0.9993475079536438,0.47948262095451355,0.25139129161834717,-0.23264864087104797,0.9995279908180237,0.4734880328178406,0.2515542209148407,-0.25740480422973633,0.9997535347938538,0.4907333552837372,0.30008354783058167,-0.05897669121623039,0.999704122543335,0.412741482257843,0.29748180508613586,-0.18575261533260345,0.9998766779899597,0.4935828149318695,0.4054076075553894,0.005006088875234127,0.8488005995750427,0.4094390571117401,0.4158994257450104,-0.1668742299079895,0.9907795786857605,0.4794979989528656,0.4946146011352539,-0.0920843705534935,0.7667801380157471,0.43686237931251526,0.49048733711242676,-0.22698932886123657,0.976952850818634,0.47919905185699463,0.5260398387908936,-0.11720749735832214,0.6710012555122375,0.4424495995044708,0.5187811851501465,-0.26044824719429016,0.9544348120689392,0.4758453667163849,0.518317699432373,-0.14751233160495758,0.6872212290763855,0.4471423923969269,0.5105621218681335,-0.27774563431739807,0.954951822757721,0.47377118468284607,0.5058861970901489,-0.10704060643911362,0.6520342826843262,0.44629064202308655,0.4998568594455719,-0.2336018830537796,0.9313596487045288,0.46857550740242004,0.5113873481750488,0.02202174812555313,0.9991769790649414,0.42625096440315247,0.5094866752624512,-0.02192574180662632,0.999304473400116,0.4889175295829773,0.656880259513855,0.03938369080424309,0.9912840723991394,0.40345799922943115,0.6598799824714661,-0.013100787065923214,0.9911288619041443,0.4951286315917969,0.8006717562675476,0.16312795877456665,0.9894220232963562,0.3867020010948181,0.7986117601394653,0.11764321476221085,0.9929157495498657,0.4877249598503113,0.8228078484535217,0.16726736724376678,0.9278641939163208,0.3876122832298279,0.8177855610847473,0.12341263145208359,0.9059146046638489,0.506596028804779,0.8493227958679199,0.05866410955786705,0.9825646281242371,0.3783876299858093,0.8406200408935547,0.006943600717931986,0.9853707551956177
21,0.47999805212020874,0.23387806117534637,-0.31041330099105835,0.9997329711914062,0.48036691546440125,0.2195112407207489,-0.2953426241874695,0.9991987943649292,0.48112374544143677,0.2198440432548523,-0.29536309838294983,0.9990906715393066,0.48175176978111267,0.22013027966022491,-0.2953830659389496,0.9989868402481079,0.47465386986732483,0.2174525409936905,-0.309270441532135,0.999415397644043,0.47130945324897766,0.21641051769256592,-0.30933496356010437,0.9994497895240784,0.4677852392196655,0.21546827256679535,-0.30939072370529175,0.99947190284729,0.47570398449897766,0.22466272115707397,-0.18858829140663147,0.9976486563682556,0.4583866000175476,0.21915940940380096,-0.2512844204902649,0.9993805885314941,0.4779830873012543,0.24815958738327026,-0.2677100598812103,0.9995374083518982,0.47069063782691956,0.24787861108779907,-0.2860036790370941,0.9997620582580566,0.4906429648399353,0.3001251816749573,-0.09032106399536133,0.9996813535690308,0.4125014841556549,0.2984636127948761,-0.19197699427604675,0.9998761415481567,0.49382367730140686,0.40227019786834717,-0.030353061854839325,0.844541609287262,0.4080008566379547,0.4163362383842468,-0.17458270490169525,0.9910798668861389,0.4787076711654663,0.4919516146183014,-0.12147366255521774,0.7539495229721069,0.4367513060569763,0.48953977227211,-0.24032481014728546,0.9770042896270752,0.4785657823085785,0.5233150124549866,-0.14753039181232452,0.6575310230255127,0.442268043756485,0.5173937082290649,-0.27380749583244324,0.9541680812835693,0.47545331716537476,0.5160351991653442,-0.17579078674316406,0.6735709309577942,0.4470164477825165,0.509174644947052,-0.2915518879890442,0.9546685218811035,0.47334572672843933,0.5033756494522095,-0.13559462130069733,0.6383550763130188,0.4462467432022095,0.49777209758758545,-0.2472834438085556,0.930972158908844,0.4680856168270111,0.5112394094467163,0.01972787454724312,0.9991767406463623,0.4249868094921112,0.5087653398513794,-0.01967325434088707,0.9993086457252502,0.488813191652298,0.654041588306427,0.026640135794878006,0.9917115569114685,0.40332454442977905,0.6592044234275818,-0.009230160154402256,0.9915065169334412,0.49444952607154846,0.800016462802887,0.14851638674736023,0.9899457097053528,0.3860635459423065,0.7987748980522156,0.12120403349399567,0.993192732334137,0.48692476749420166,0.8226795196533203,0.15322747826576233,0.9289419054985046,0.38756006956100464,0.818016529083252,0.12780216336250305,0.9067465662956238,0.5056947469711304,0.8456584215164185,0.04114867001771927,0.9832248091697693,0.3760288655757904,0.8405208587646484,0.011741435155272484,0.9858333468437195
22,0.47850045561790466,0.23835545778274536,-0.3268495798110962,0.9997333288192749,0.47914040088653564,0.2236204594373703,-0.3130728006362915,0.9992008209228516,0.479927659034729,0.22365954518318176,-0.3130934536457062,0.9990886449813843,0.48062199354171753,0.22359579801559448,-0.3131180703639984,0.9989818334579468,0.47334739565849304,0.22231543064117432,-0.328358918428421,0.999424934387207,0.4699293076992035,0.221427321434021,-0.32842981815338135,0.9994587898254395,0.4663487374782562,0.22031821310520172,-0.3284957706928253,0.9994837045669556,0.4748958945274353,0.22569745779037476,-0.20604796707630157,0.9976038932800293,0.4570130407810211,0.22104859352111816,-0.27527564764022827,0.9994001388549805,0.4764767587184906,0.2511860132217407,-0.2830245792865753,0.9995256066322327,0.46905699372291565,0.25170785188674927,-0.30326953530311584,0.9997621178627014,0.49062928557395935,0.3001704812049866,-0.09992261976003647,0.9996548891067505,0.41236934065818787,0.29905590415000916,-0.21471825242042542,0.9998767971992493,0.49362802505493164,0.4035404324531555,-0.04032804071903229,0.8336471319198608,0.40713804960250854,0.4167756736278534,-0.19866904616355896,0.9913703203201294,0.47771722078323364,0.4921933710575104,-0.13014288246631622,0.7347670197486877,0.4364842474460602,0.4914896786212921,-0.25524675846099854,0.9766610860824585,0.4777489900588989,0.5237873196601868,-0.15530943870544434,0.6380717158317566,0.4421447217464447,0.52079176902771,-0.2891198992729187,0.9529382586479187,0.4744874835014343,0.5178737044334412,-0.18411102890968323,0.6540573239326477,0.4472283720970154,0.5140131711959839,-0.30369406938552856,0.9533535242080688,0.4726739823818207,0.5052757859230042,-0.14454865455627441,0.6194754242897034,0.44632402062416077,0.5014014840126038,-0.26084285974502563,0.9291000962257385,0.46805229783058167,0.5120605230331421,0.019887305796146393,0.999147891998291,0.42503902316093445,0.5099253058433533,-0.019834641367197037,0.9993056058883667,0.4891584515571594,0.6558113694190979,0.052390627562999725,0.9920629858970642,0.40212878584861755,0.660612165927887,-0.003354122629389167,0.991919755935669,0.4945133328437805,0.8010610938072205,0.18999075889587402,0.9903263449668884,0.3860173225402832,0.799669623374939,0.1397087126970291,0.9934832453727722,0.487154096364975,0.822558581829071,0.19685204327106476,0.9301172494888306,0.3875272572040558,0.8185347318649292,0.14756996929645538,0.9080097675323486,0.5057132244110107,0.8460151553153992,0.08803816884756088,0.9836302995681763,0.37594884634017944,0.8406361937522888,0.0294351764023304,0.9862620830535889
23,0.47629567980766296,0.2381807118654251,-0.3227076828479767,0.999742865562439,0.4771699905395508,0.22351127862930298,-0.30830344557762146,0.9992340207099915,0.47808200120925903,0.22352394461631775,-0.3083222508430481,0.9991244673728943,0.47888699173927307,0.2234373390674591,-0.30834683775901794,0.9990195035934448,0.47135454416275024,0.2222050279378891,-0.3210279047489166,0.9994520545005798,0.4680262506008148,0.22130531072616577,-0.3210959732532501,0.9994849562644958,0.4645417332649231,0.22018307447433472,-0.32115599513053894,0.9995107650756836,0.4740593135356903,0.22550903260707855,-0.2046719640493393,0.9976761341094971,0.4555465877056122,0.22084379196166992,-0.26429498195648193,0.9994291067123413,0.4746699333190918,0.251132607460022,-0.2811146676540375,0.9995290637016296,0.4671911895275116,0.25162655115127563,-0.2979656457901001,0.9997687935829163,0.48938533663749695,0.3035522401332855,-0.11385478079319,0.9996004104614258,0.41126376390457153,0.29983779788017273,-0.20629429817199707,0.9998753666877747,0.4901575446128845,0.40990251302719116,-0.06660532206296921,0.8255237936973572,0.40581703186035156,0.4178234934806824,-0.19385084509849548,0.9914994835853577,0.47025585174560547,0.49458906054496765,-0.1443403661251068,0.7140232920646667,0.4364483654499054,0.4918753206729889,-0.2493390291929245,0.9756202697753906,0.4695349633693695,0.52455735206604,-0.1702202409505844,0.6168821454048157,0.4420804977416992,0.5208001136779785,-0.2817581295967102,0.950362503528595,0.4664287269115448,0.5193934440612793,-0.19503015279769897,0.6323240995407104,0.4474637806415558,0.5140277147293091,-0.2975270450115204,0.9507075548171997,0.4651724398136139,0.5074410438537598,-0.15684440732002258,0.5983798503875732,0.4463883638381958,0.5015415549278259,-0.25523924827575684,0.9259424209594727,0.4664034843444824,0.5134674310684204,0.014004632830619812,0.9991449117660522,0.4241803288459778,0.510477602481842,-0.013965808786451817,0.9993175864219666,0.48894450068473816,0.6583067774772644,0.038453359156847,0.9924383759498596,0.4016963243484497,0.6615207195281982,0.009608831256628036,0.9922464489936829,0.4960867166519165,0.8045178055763245,0.1503792703151703,0.9908288717269897,0.386258989572525,0.8009026646614075,0.13854628801345825,0.9937570095062256,0.4882967174053192,0.8250263929367065,0.15458936989307404,0.9324941635131836,0.3881862461566925,0.8221171498298645,0.14558355510234833,0.9100167155265808,0.5090683102607727,0.8528590202331543,0.04752771928906441,0.9842936396598816,0.37317517399787903,0.8407813310623169,0.029827548190951347,0.9866989850997925
24,0.47535935044288635,0.2380279302597046,-0.35318171977996826,0.999756395816803,0.47676461935043335,0.22335049510002136,-0.3382419943809509,0.9992760419845581,0.47772306203842163,0.22337523102760315,-0.33825889229774475,0.9991707801818848,0.4785936176776886,0.22332821786403656,-0.33829399943351746,0.9990687370300293,0.47073307633399963,0.2220384031534195,-0.35019204020500183,0.9994819760322571,0.4672587513923645,0.22117947041988373,-0.3502656817436218,0.9995135068893433,0.46361425518989563,0.22014617919921875,-0.3503383696079254,0.9995385408401489,0.4737701416015625,0.22557587921619415,-0.22999981045722961,0.997785747051239,0.4542671740055084,0.22059184312820435,-0.28453147411346436,0.9994600415229797,0.47358307242393494,0.2511705458164215,-0.3096175789833069,0.9995510578155518,0.4653639495372772,0.25154802203178406,-0.3255617320537567,0.9997812509536743,0.4879470467567444,0.30366653203964233,-0.13339683413505554,0.9996114373207092,0.40997326374053955,0.2998111844062805,-0.2208596020936966,0.9998799562454224,0.4874360263347626,0.4160062372684479,-0.08991078287363052,0.8269820809364319,0.4047740697860718,0.41814783215522766,-0.2171250879764557,0.9918972849845886,0.46677112579345703,0.49846023321151733,-0.18554764986038208,0.7149332761764526,0.4349770247936249,0.4928114116191864,-0.2873013913631439,0.9765933156013489,0.46722713112831116,0.5294708013534546,-0.21691791713237762,0.6177443861961365,0.4388071894645691,0.5209333300590515,-0.32186922430992126,0.9520653486251831,0.4635767638683319,0.5255213379859924,-0.24245914816856384,0.6326173543930054,0.44480592012405396,0.5141006708145142,-0.34011110663414,0.9523310661315918,0.4618869423866272,0.512997031211853,-0.1987253874540329,0.5978630781173706,0.4439448416233063,0.501971960067749,-0.29440009593963623,0.9282374978065491,0.4659498333930969,0.5133050680160522,0.012264364399015903,0.9992071390151978,0.4215300381183624,0.510373592376709,-0.012220223434269428,0.9993582367897034,0.48895424604415894,0.6582293510437012,-0.016354413703083992,0.9928559064865112,0.4012213349342346,0.6612861156463623,0.028357001021504402,0.992152750492096,0.4967021644115448,0.8061152100563049,0.10995729267597198,0.9911858439445496,0.3884734511375427,0.8008456826210022,0.19681639969348907,0.9936452507972717,0.4885198771953583,0.8288331627845764,0.1155998706817627,0.9347407817840576,0.38956111669540405,0.8220013380050659,0.20712776482105255,0.9090206623077393,0.5108478665351868,0.8562254309654236,0.0009258005302399397,0.9847792983055115,0.3714371621608734,0.8400663137435913,0.09255392849445343,0.986479640007019
25,0.4755808115005493,0.23920245468616486,-0.2987649738788605,0.9997608661651611,0.4764268100261688,0.22433684766292572,-0.28615161776542664,0.9992947578430176,0.4771547317504883,0.2241603285074234,-0.2861848771572113,0.9991906881332397,0.47779589891433716,0.22392019629478455,-0.2862125337123871,0.9990909099578857,0.470847487449646,0.22319026291370392,-0.2989996671676636,0.9994975924491882,0.4674811363220215,0.22215460240840912,-0.2990444004535675,0.9995244145393372,0.46391674876213074,0.2208193838596344,-0.29909273982048035,0.9995473623275757,0.4719965159893036,0.2255123406648636,-0.19218327105045319,0.9978542923927307,0.4543880522251129,0.22061939537525177,-0.2501121163368225,0.9994655847549438,0.47365328669548035,0.2520640194416046,-0.2604014575481415,0.9995545744895935,0.4654619097709656,0.25219953060150146,-0.27759507298469543,0.9997811913490295,0.48579347133636475,0.3037923574447632,-0.11730507761240005,0.9996173977851868,0.40941107273101807,0.3002767562866211,-0.1875382959842682,0.9998791813850403,0.48631948232650757,0.4156387448310852,-0.06698727607727051,0.8292837738990784,0.40358227491378784,0.4180992841720581,-0.17240433394908905,0.9909301996231079,0.4684346318244934,0.49407270550727844,-0.16073845326900482,0.7169696092605591,0.43011513352394104,0.4917238652706146,-0.22941970825195312,0.9733341336250305,0.4686819911003113,0.5262324810028076,-0.1867053210735321,0.6192961931228638,0.4341782033443451,0.5205780863761902,-0.25837019085884094,0.9468141198158264,0.46493154764175415,0.5188365578651428,-0.20740458369255066,0.6339705586433411,0.43875810503959656,0.5133858323097229,-0.276865690946579,0.9469993710517883,0.4632321298122406,0.5067558288574219,-0.1694689244031906,0.5983446836471558,0.4385480284690857,0.5012216567993164,-0.23682473599910736,0.9213381409645081,0.4654143750667572,0.5163683295249939,0.011213229037821293,0.9992229342460632,0.42175474762916565,0.5140857100486755,-0.01116148754954338,0.9993762373924255,0.48773717880249023,0.6613738536834717,0.02316339872777462,0.9930815100669861,0.4006075859069824,0.6640491485595703,0.022176174446940422,0.9924303293228149,0.4967932105064392,0.805891215801239,0.1172342523932457,0.9915475249290466,0.3885793089866638,0.8020440936088562,0.1685609519481659,0.9939388632774353,0.48850172758102417,0.8284556269645691,0.11612839251756668,0.9374154806137085,0.3902829885482788,0.825923502445221,0.1777912676334381,0.9125658869743347,0.5168129205703735,0.8584824204444885,0.0382680781185627,0.9853628277778625,0.3695252239704132,0.839984655380249,0.06309922784566879,0.9870041608810425
26,0.4743780791759491,0.23791563510894775,-0.3192547857761383,0.999771237373352,0.474972665309906,0.22300904989242554,-0.30417245626449585,0.9993266463279724,0.4757370352745056,0.22288227081298828,-0.30419018864631653,0.999224841594696,0.4764523208141327,0.22271877527236938,-0.3042200207710266,0.9991291761398315,0.4696778655052185,0.22137735784053802,-0.3188249468803406,0.999523401260376,0.466482013463974,0.21999524533748627,-0.3188852071762085,0.9995488524436951,0.46307623386383057,0.2184704840183258,-0.31894582509994507,0.9995717406272888,0.47131940722465515,0.22506529092788696,-0.20101799070835114,0.9979128241539001,0.4536935091018677,0.2190658301115036,-0.267713725566864,0.999494194984436,0.47251707315444946,0.25111064314842224,-0.27801549434661865,0.9995655417442322,0.4650192856788635,0.25052669644355774,-0.29760217666625977,0.999790370464325,0.4847196340560913,0.3051145374774933,-0.11036111414432526,0.9996017813682556,0.4085838198661804,0.3005819618701935,-0.21814633905887604,0.9998838305473328,0.4848821759223938,0.41912147402763367,-0.06100799888372421,0.8268901109695435,0.4034266173839569,0.41893091797828674,-0.21700741350650787,0.9914171695709229,0.46909672021865845,0.4980625808238983,-0.15061143040657043,0.7172695994377136,0.4303816854953766,0.49658721685409546,-0.27412286400794983,0.9745992422103882,0.4693453907966614,0.5308062434196472,-0.17733658850193024,0.6184442043304443,0.43467339873313904,0.5255287289619446,-0.30842098593711853,0.948858916759491,0.4658108651638031,0.5252694487571716,-0.20348218083381653,0.6330032348632812,0.4389536678791046,0.5190762281417847,-0.32339802384376526,0.9489527344703674,0.4640444219112396,0.5132240056991577,-0.1633291095495224,0.5970433354377747,0.43918272852897644,0.5085505247116089,-0.27991899847984314,0.923947274684906,0.46462586522102356,0.5163185596466064,0.018394630402326584,0.9992531538009644,0.42044368386268616,0.5136620998382568,-0.018373776227235794,0.9994102120399475,0.48773816227912903,0.6618366837501526,0.04614682123064995,0.9933826923370361,0.4008682072162628,0.6646955013275146,0.01616252399981022,0.9928040504455566,0.49509429931640625,0.8057974576950073,0.1687411665916443,0.9919494986534119,0.3904213607311249,0.8042042255401611,0.16021309792995453,0.9942717552185059,0.48632946610450745,0.8281480073928833,0.17335166037082672,0.9400995373725891,0.39139726758003235,0.8278999328613281,0.16880422830581665,0.9151833057403564,0.5153467655181885,0.8581145405769348,0.07251254469156265,0.9859578609466553,0.3700704276561737,0.842907190322876,0.057301707565784454,0.9876336455345154
27,0.4747947156429291,0.2393554449081421,-0.27857187390327454,0.9997677803039551,0.4750465750694275,0.22411012649536133,-0.26361897587776184,0.9993259310722351,0.47584956884384155,0.22382128238677979,-0.2636498212814331,0.999222457408905,0.47659939527511597,0.22347843647003174,-0.2636738121509552,0.9991304278373718,0.4705120325088501,0.222572922706604,-0.2809140384197235,0.9995231628417969,0.46760067343711853,0.22116051614284515,-0.2809525430202484,0.999544084072113,0.4643767476081848,0.21957466006278992,-0.28100621700286865,0.999564528465271,0.47110429406166077,0.22509314119815826,-0.1627102643251419,0.9979099631309509,0.453917920589447,0.21941155195236206,-0.24193696677684784,0.9994845986366272,0.47254788875579834,0.2519092857837677,-0.23819884657859802,0.9995561838150024,0.4658266305923462,0.25140783190727234,-0.2612288296222687,0.9997850060462952,0.4842715859413147,0.3063710629940033,-0.07466920465230942,0.9996074438095093,0.4086554944515228,0.30068886280059814,-0.2017311155796051,0.9998838305473328,0.48542848229408264,0.41873815655708313,-0.0255952849984169,0.8266077041625977,0.40318939089775085,0.4188556671142578,-0.21525581181049347,0.9915670156478882,0.46926870942115784,0.49763891100883484,-0.11979512870311737,0.7232622504234314,0.4291843771934509,0.4956528842449188,-0.2590368390083313,0.9750086665153503,0.47021088004112244,0.5285403728485107,-0.14617134630680084,0.6241999268531799,0.43239012360572815,0.5249555706977844,-0.29270705580711365,0.9495248198509216,0.4670960307121277,0.5221026539802551,-0.1743481457233429,0.6386973857879639,0.4385709762573242,0.5186668634414673,-0.3064941465854645,0.9495242238044739,0.4651630222797394,0.5104947090148926,-0.133922278881073,0.6021693348884583,0.4387369751930237,0.5078340172767639,-0.2643718421459198,0.924362301826477,0.46362990140914917,0.5175490975379944,0.02294016256928444,0.999281644821167,0.42015427350997925,0.5137648582458496,-0.022868847474455833,0.9994295239448547,0.48791372776031494,0.6609774827957153,0.037503503262996674,0.993587851524353,0.40086454153060913,0.6648684740066528,0.014487379230558872,0.992942750453949,0.49219876527786255,0.8054412603378296,0.14313073456287384,0.9921719431877136,0.3905588984489441,0.8041470646858215,0.14528322219848633,0.9944325089454651,0.4806818664073944,0.828093945980072,0.1471574604511261,0.9430434107780457,0.3914679288864136,0.8273487091064453,0.15149280428886414,0.9165918827056885,0.5145602822303772,0.8575837016105652,0.04665080085396767,0.9863865375518799,0.3697751760482788,0.8427252173423767,0.04267178103327751,0.9879530072212219
28,0.4748878479003906,0.23925572633743286,-0.2570831775665283,0.9997749328613281,0.4751720428466797,0.2257642149925232,-0.24303607642650604,0.9993458390235901,0.47587740421295166,0.22610460221767426,-0.2430601418018341,0.9992427229881287,0.4765082597732544,0.22637112438678741,-0.2430705726146698,0.999154806137085,0.47062814235687256,0.2234451174736023,-0.2574428915977478,0.9995385408401489,0.4677025377750397,0.22199001908302307,-0.2574763298034668,0.9995558261871338,0.464468777179718,0.22056500613689423,-0.2575310170650482,0.999575138092041,0.4710167646408081,0.22929415106773376,-0.1473958045244217,0.9979466199874878,0.45404499769210815,0.22183860838413239,-0.2140895277261734,0.9994885325431824,0.47234535217285156,0.2519526183605194,-0.21900354325771332,0.9995639324188232,0.4658190608024597,0.2513502240180969,-0.23839740455150604,0.9997888207435608,0.48369649052619934,0.30743345618247986,-0.06852972507476807,0.9996077418327332,0.40868815779685974,0.30070924758911133,-0.16826000809669495,0.9998856782913208,0.4857712686061859,0.41871437430381775,-0.0219253096729517,0.8283188343048096,0.4032054543495178,0.4188404679298401,-0.16409151256084442,0.9915443062782288,0.4697681963443756,0.49849140644073486,-0.11094919592142105,0.7322127223014832,0.42931121587753296,0.49553990364074707,-0.2207074761390686,0.975567102432251,0.47056666016578674,0.528514564037323,-0.13673657178878784,0.6336521506309509,0.4330320358276367,0.5246160626411438,-0.2515154182910919,0.9506525993347168,0.46740010380744934,0.5222381949424744,-0.16373246908187866,0.6478949785232544,0.4392123520374298,0.5183407664299011,-0.2675665020942688,0.9505808353424072,0.4654691815376282,0.5112162232398987,-0.12432966381311417,0.6105843782424927,0.439035564661026,0.5073615312576294,-0.22697173058986664,0.9257199764251709,0.46366649866104126,0.517410397529602,0.022375719621777534,0.9993025064468384,0.4202810227870941,0.513569176197052,-0.02230498008430004,0.9994502663612366,0.4877990186214447,0.6594935655593872,0.017013872042298317,0.9936532974243164,0.40101784467697144,0.6628285646438599,-0.0008193906396627426,0.993032693862915,0.4916307330131531,0.8064812421798706,0.10856983065605164,0.9923067688941956,0.39264291524887085,0.8043311238288879,0.11963226646184921,0.9945570230484009,0.4803135097026825,0.8294668197631836,0.11113687604665756,0.9451621174812317,0.3931540548801422,0.8270666599273682,0.12459824979305267,0.9179978966712952,0.5142809152603149,0.8572307229042053,0.009881495498120785,0.9866927266120911,0.37390702962875366,0.8425689339637756,0.016971075907349586,0.9881917238235474
29,0.47500279545783997,0.24165485799312592,-0.27223411202430725,0.9997770190238953,0.47520262002944946,0.22744518518447876,-0.2574148178100586,0.9993507862091064,0.4759122133255005,0.22784972190856934,-0.25744515657424927,0.9992467761039734,0.476544588804245,0.22818337380886078,-0.2574586570262909,0.9991614818572998,0.4707889258861542,0.22500959038734436,-0.2707822620868683,0.9995393753051758,0.4679926931858063,0.22366611659526825,-0.2708175480365753,0.9995532035827637,0.4648819863796234,0.2223326861858368,-0.2708668112754822,0.9995712041854858,0.47108814120292664,0.23083262145519257,-0.15575432777404785,0.9979625940322876,0.45471832156181335,0.22346416115760803,-0.21609966456890106,0.9994668960571289,0.4723441004753113,0.25488346815109253,-0.23193307220935822,0.999560534954071,0.4658799171447754,0.2541501522064209,-0.2498878836631775,0.999783992767334,0.4837890863418579,0.3087906539440155,-0.07633830606937408,0.9996153116226196,0.40906789898872375,0.30164825916290283,-0.15315811336040497,0.9998728632926941,0.48746633529663086,0.4169725775718689,-0.02970256842672825,0.8344341516494751,0.40328437089920044,0.4187828302383423,-0.1478758305311203,0.9908192157745361,0.47029921412467957,0.49846509099006653,-0.13266198337078094,0.7442201375961304,0.42482641339302063,0.4831421375274658,-0.22746464610099792,0.9746264219284058,0.47092437744140625,0.5283973813056946,-0.16266398131847382,0.6476170420646667,0.42726996541023254,0.510415256023407,-0.2601011097431183,0.9496142268180847,0.4674617052078247,0.5216270089149475,-0.18913333117961884,0.6613220572471619,0.4329568147659302,0.5053398609161377,-0.27759402990341187,0.9495977759361267,0.46553662419319153,0.5110087990760803,-0.14576946198940277,0.6234105229377747,0.4350583851337433,0.49540653824806213,-0.23496867716312408,0.9244599938392639,0.4646860659122467,0.5172141194343567,0.013180771842598915,0.9992995262145996,0.42187386751174927,0.5136468410491943,-0.013101362623274326,0.9994447827339172,0.48753389716148376,0.6592358350753784,0.008754304610192776,0.9936640858650208,0.40101906657218933,0.6616746187210083,-0.005931382533162832,0.9930029511451721,0.4916945993900299,0.8066443800926208,0.11828027665615082,0.9921807050704956,0.3926105797290802,0.8042095303535461,0.12369831651449203,0.9944825768470764,0.4809035360813141,0.8293335437774658,0.12239154428243637,0.9442844390869141,0.39304864406585693,0.8265098929405212,0.12969253957271576,0.9180038571357727,0.513638436794281,0.8554113507270813,0.01668514683842659,0.9864826798439026,0.37376391887664795,0.8403737545013428,0.020915206521749496,0.9879485368728638
30,0.4750848710536957,0.24168068170547485,-0.2875644564628601,0.9997835159301758,0.47529336810112,0.22750523686408997,-0.273419052362442,0.9993706941604614,0.4761193096637726,0.22792211174964905,-0.27344799041748047,0.9992706179618835,0.4768635332584381,0.22825832664966583,-0.2734622657299042,0.999186635017395,0.4708647131919861,0.22511321306228638,-0.2824755609035492,0.9995529055595398,0.46803048253059387,0.22374141216278076,-0.2825140953063965,0.9995650053024292,0.4648551344871521,0.2223999798297882,-0.2825522720813751,0.9995816946029663,0.4720718264579773,0.23148539662361145,-0.17069809138774872,0.9980249404907227,0.4547668993473053,0.22391803562641144,-0.22690080106258392,0.999477207660675,0.4723567068576813,0.2549245059490204,-0.24678513407707214,0.999567985534668,0.4659290313720703,0.2543657422065735,-0.25861841440200806,0.999785840511322,0.48551708459854126,0.30901703238487244,-0.09297910332679749,0.9996218681335449,0.40975823998451233,0.30242517590522766,-0.16685371100902557,0.9998695254325867,0.4897831678390503,0.41657426953315735,-0.04777798429131508,0.8393562436103821,0.403342604637146,0.4187648892402649,-0.15841810405254364,0.9904243350028992,0.4705508351325989,0.49851688742637634,-0.1414918452501297,0.7519365549087524,0.4256944954395294,0.4831482470035553,-0.23049038648605347,0.9734668731689453,0.47106170654296875,0.5282264947891235,-0.16997914016246796,0.6563696265220642,0.42872974276542664,0.5088271498680115,-0.26292672753334045,0.9477949142456055,0.4674786627292633,0.5212704539299011,-0.1962122917175293,0.6695783734321594,0.43326684832572937,0.5045973658561707,-0.2806510627269745,0.9477647542953491,0.4656260311603546,0.5106921195983887,-0.15423670411109924,0.63121098279953,0.4351252317428589,0.4943186938762665,-0.2379288226366043,0.9221379160881042,0.46513497829437256,0.5174893140792847,0.011758582666516304,0.9993094801902771,0.42192965745925903,0.5137450695037842,-0.011701424606144428,0.9994556307792664,0.48586219549179077,0.6615527272224426,0.02444283477962017,0.9939031600952148,0.4010162353515625,0.6618541479110718,0.002330376533791423,0.9933515191078186,0.49181321263313293,0.8092535734176636,0.12454720586538315,0.9925636649131775,0.3924947679042816,0.804461658000946,0.12461962550878525,0.9947640895843506,0.48104387521743774,0.8323860764503479,0.12609845399856567,0.9462894797325134,0.3929823935031891,0.8266081213951111,0.13215646147727966,0.9207931756973267,0.5147847533226013,0.8608757853507996,0.022434372454881668,0.9870988130569458,0.3737615942955017,0.8405619263648987,0.024228308349847794,0.9884834289550781
31,0.47340747714042664,0.24293990433216095,-0.29491662979125977,0.9997871518135071,0.4752306640148163,0.23126986622810364,-0.2814902067184448,0.9993797540664673,0.4761642813682556,0.23224622011184692,-0.28151214122772217,0.9992832541465759,0.4769177734851837,0.23292529582977295,-0.2815251350402832,0.9991999268531799,0.47024357318878174,0.22804760932922363,-0.28709933161735535,0.9995562434196472,0.4674122631549835,0.22674322128295898,-0.2871386706829071,0.9995666742324829,0.4643462002277374,0.22527725994586945,-0.28718674182891846,0.9995824098587036,0.47333019971847534,0.23693396151065826,-0.17987829446792603,0.9980762600898743,0.4553483724594116,0.22766439616680145,-0.2242540866136551,0.9994753003120422,0.4716537594795227,0.25697457790374756,-0.25416532158851624,0.9995763301849365,0.4643346667289734,0.2561527192592621,-0.2594734728336334,0.9997852444648743,0.4868362545967102,0.3101012408733368,-0.10447370260953903,0.999634861946106,0.41125765442848206,0.303700715303421,-0.15465672314167023,0.9998666048049927,0.4911257326602936,0.41670548915863037,-0.06109152361750603,0.8463432192802429,0.4033963978290558,0.41892480850219727,-0.136982262134552,0.9891777634620667,0.4709216058254242,0.5009535551071167,-0.15240545570850372,0.7596463561058044,0.42610302567481995,0.483157753944397,-0.2060510367155075,0.9700151085853577,0.4711385667324066,0.5296590328216553,-0.18155981600284576,0.6658039689064026,0.4309534728527069,0.5100495219230652,-0.23647241294384003,0.9424178600311279,0.4674759805202484,0.5223513841629028,-0.206649050116539,0.6782835125923157,0.4337543845176697,0.5043707489967346,-0.2568223774433136,0.9424154758453369,0.4657383859157562,0.5122366547584534,-0.1644919514656067,0.6391474008560181,0.43537262082099915,0.49384769797325134,-0.21460703015327454,0.9157630801200867,0.46679767966270447,0.5221120119094849,0.0042795585468411446,0.9993200898170471,0.42381444573402405,0.5173206329345703,-0.004246958531439304,0.9994648694992065,0.485874742269516,0.6671551465988159,0.024138499051332474,0.9941573739051819,0.40005558729171753,0.6665295362472534,0.013329100795090199,0.9936763644218445,0.4921157956123352,0.8118546605110168,0.12976476550102234,0.9929307103157043,0.3925260305404663,0.8049836754798889,0.14886511862277985,0.9949876666069031,0.48182424902915955,0.8344946503639221,0.13235674798488617,0.9472815990447998,0.39364051818847656,0.8265286684036255,0.15624108910560608,0.9238910675048828,0.5152116417884827,0.8645618557929993,0.02597244456410408,0.9876435995101929,0.373628705739975,0.8415980339050293,0.05145575478672981,0.9889423251152039
32,0.4732489287853241,0.23725537955760956,-0.29485976696014404,0.9997950196266174,0.4751727283000946,0.22760805487632751,-0.28124570846557617,0.9993985295295715,0.47620072960853577,0.22893215715885162,-0.28126925230026245,0.9993059635162354,0.47694724798202515,0.23010240495204926,-0.2812843918800354,0.9992262125015259,0.4696027636528015,0.22443635761737823,-0.28773534297943115,0.9995712041854858,0.4665974974632263,0.22359322011470795,-0.28777965903282166,0.9995812177658081,0.4634152054786682,0.2228536754846573,-0.28783294558525085,0.9995978474617004,0.47430792450904846,0.2359892576932907,-0.17988872528076172,0.9981357455253601,0.4553283452987671,0.2272261530160904,-0.22026492655277252,0.9994864463806152,0.4717347323894501,0.25294962525367737,-0.25462639331817627,0.9995875954627991,0.46447786688804626,0.25290048122406006,-0.2623726427555084,0.9997899532318115,0.4878388047218323,0.31031110882759094,-0.10724957287311554,0.9996293187141418,0.41230520606040955,0.30408650636672974,-0.1507718712091446,0.9998630881309509,0.4921362102031708,0.4174867272377014,-0.06287682801485062,0.8518646359443665,0.40341508388519287,0.41890373826026917,-0.12973271310329437,0.9884630441665649,0.4726218283176422,0.502319872379303,-0.1491178721189499,0.7639355659484863,0.42729270458221436,0.48354604840278625,-0.19383525848388672,0.9677726626396179,0.47220227122306824,0.5310137271881104,-0.17691278457641602,0.6709189414978027,0.4317077100276947,0.5108345746994019,-0.2231779545545578,0.9384904503822327,0.4686264395713806,0.5233398079872131,-0.20264433324337006,0.6829315423965454,0.43520715832710266,0.5049540400505066,-0.24319373071193695,0.9385417699813843,0.4669758081436157,0.5132420063018799,-0.16141901910305023,0.643170177936554,0.4363408088684082,0.49433186650276184,-0.20212772488594055,0.9113407731056213,0.46927013993263245,0.5223076343536377,0.002421107143163681,0.9993084669113159,0.4255657494068146,0.5179676413536072,-0.0024106870405375957,0.9994745850563049,0.48652422428131104,0.667355477809906,0.026196615770459175,0.9943931102752686,0.4004136919975281,0.6664473414421082,0.011007164604961872,0.9940074682235718,0.492768257856369,0.8138368725776672,0.13984240591526031,0.9932702779769897,0.3929116427898407,0.8059251308441162,0.1471131145954132,0.9952327013015747,0.4831431210041046,0.8356518149375916,0.14318330585956573,0.9469414353370667,0.39428454637527466,0.8278753757476807,0.15450701117515564,0.9264112114906311,0.5132220387458801,0.8637478947639465,0.026815377175807953,0.9881337881088257,0.37410968542099,0.8421384692192078,0.04750100523233414,0.9894228577613831
33,0.4735075831413269,0.23718762397766113,-0.2988559305667877,0.9998031854629517,0.4754928648471832,0.2274135947227478,-0.28415659070014954,0.9994184374809265,0.47665923833847046,0.22882303595542908,-0.28417065739631653,0.9993293285369873,0.47760164737701416,0.2300049364566803,-0.2841768264770508,0.9992522597312927,0.46963053941726685,0.22407029569149017,-0.29182058572769165,0.9995869994163513,0.4666515588760376,0.22313380241394043,-0.29186883568763733,0.9995971322059631,0.46348604559898376,0.2223493456840515,-0.29192039370536804,0.9996141195297241,0.47530603408813477,0.235275536775589,-0.1818624585866928,0.9981926083564758,0.4553564190864563,0.22695240378379822,-0.22469833493232727,0.9995015263557434,0.47276780009269714,0.25279882550239563,-0.25856339931488037,0.999600350856781,0.46522238850593567,0.25247257947921753,-0.2683209180831909,0.9997961521148682,0.48825159668922424,0.31059348583221436,-0.10687024891376495,0.9996264576911926,0.41290855407714844,0.305061399936676,-0.1565062254667282,0.9998602867126465,0.4929259419441223,0.4175065755844116,-0.05996018648147583,0.8560670614242554,0.4041914939880371,0.41990092396736145,-0.1369277387857437,0.987954318523407,0.47516635060310364,0.5039884448051453,-0.1477985829114914,0.7685937881469727,0.4292411804199219,0.4848273992538452,-0.20471951365470886,0.9662964940071106,0.47394004464149475,0.5325114727020264,-0.17575615644454956,0.6765021681785583,0.43573182821273804,0.514316976070404,-0.2357586771249771,0.9359467625617981,0.4697311222553253,0.5248918533325195,-0.2022997885942459,0.6881541013717651,0.4389609098434448,0.5069037079811096,-0.255565345287323,0.9360821843147278,0.468234121799469,0.515448808670044,-0.16054973006248474,0.647809624671936,0.43953603506088257,0.49801504611968994,-0.21298304200172424,0.9085716009140015,0.47128522396087646,0.5219137668609619,0.0031293800566345453,0.9993027448654175,0.4278562366962433,0.5182662010192871,-0.0031202458776533604,0.9994835257530212,0.4864639937877655,0.6695855259895325,0.03313914313912392,0.9946902394294739,0.4009089469909668,0.6667556166648865,0.014681573957204819,0.9943342208862305,0.4930703341960907,0.8146368861198425,0.1534765064716339,0.9936346411705017,0.39290866255760193,0.8062577247619629,0.14980193972587585,0.995486319065094,0.48457595705986023,0.8363060355186462,0.1576700210571289,0.946745753288269,0.3943546712398529,0.8277298808097839,0.15627899765968323,0.9288250207901001,0.510917603969574,0.8629351854324341,0.04187949001789093,0.9886792302131653,0.3741210699081421,0.8429357409477234,0.04649413377046585,0.9899426698684692
34,0.4736233949661255,0.23382218182086945,-0.2827465236186981,0.9998095035552979,0.4755198657512665,0.2239486128091812,-0.26664140820503235,0.9994416236877441,0.47669506072998047,0.22547681629657745,-0.2666592299938202,0.9993560910224915,0.47770413756370544,0.22693535685539246,-0.266658216714859,0.9992843866348267,0.46971428394317627,0.22064179182052612,-0.2742675244808197,0.9996029734611511,0.4667222201824188,0.21987684071063995,-0.2743133306503296,0.99961256980896,0.463545024394989,0.21948793530464172,-0.2743663787841797,0.9996306300163269,0.47544994950294495,0.23489314317703247,-0.16610565781593323,0.9982593655586243,0.45574599504470825,0.22602804005146027,-0.20298199355602264,0.9995096325874329,0.473018616437912,0.25034868717193604,-0.24414582550525665,0.9996064305305481,0.46544039249420166,0.24921487271785736,-0.25423571467399597,0.9997977614402771,0.4885881841182709,0.31170475482940674,-0.105185367166996,0.999590277671814,0.41429269313812256,0.3059001564979553,-0.13675625622272491,0.9998405575752258,0.4934190809726715,0.4170632064342499,-0.05829707533121109,0.8560735583305359,0.404855877161026,0.419918030500412,-0.11991022527217865,0.986422061920166,0.4757973551750183,0.5033966302871704,-0.14450721442699432,0.7645614743232727,0.4299764931201935,0.483829140663147,-0.18769611418247223,0.9627956748008728,0.4743937849998474,0.5312982797622681,-0.17104806005954742,0.6724808216094971,0.43574029207229614,0.5113316178321838,-0.2167091816663742,0.9305368661880493,0.47063568234443665,0.5232407450675964,-0.19471651315689087,0.6837981343269348,0.44006556272506714,0.5059162378311157,-0.2360210418701172,0.930774986743927,0.46925032138824463,0.5141748785972595,-0.1556546688079834,0.6428644061088562,0.44039446115493774,0.49591201543807983,-0.19582250714302063,0.9022614359855652,0.4715328812599182,0.5224761962890625,0.0005277874297462404,0.9992936849594116,0.4290379583835602,0.519025981426239,-0.0005276863812468946,0.999481201171875,0.48667338490486145,0.6693011522293091,0.0210492555052042,0.9947433471679688,0.40120404958724976,0.6642729043960571,0.013001943938434124,0.9944961071014404,0.49340006709098816,0.8151326775550842,0.1400773823261261,0.9938060641288757,0.3928307294845581,0.8063188195228577,0.1441430002450943,0.9956038594245911,0.4848199188709259,0.8365254998207092,0.14442631602287292,0.9456848502159119,0.39431706070899963,0.8277608156204224,0.150387242436409,0.9296206831932068,0.5106846690177917,0.8625035881996155,0.03272467106580734,0.9889091849327087,0.3742632269859314,0.8428469896316528,0.044706474989652634,0.9901698231697083
35,0.4772597551345825,0.23378166556358337,-0.277681827545166,0.9998120069503784,0.4783300459384918,0.22368739545345306,-0.26153919100761414,0.9994519948959351,0.4793567955493927,0.22509558498859406,-0.2615636885166168,0.9993683695793152,0.48024782538414,0.22649984061717987,-0.2615678608417511,0.999300479888916,0.4726979434490204,0.22050000727176666,-0.27196547389030457,0.999610424041748,0.4695817232131958,0.21965579688549042,-0.27200940251350403,0.9996190071105957,0.4662308692932129,0.21918660402297974,-0.27206534147262573,0.999638557434082,0.47674715518951416,0.23459568619728088,-0.160870760679245,0.9982946515083313,0.4577319025993347,0.22587193548679352,-0.20881451666355133,0.9995113015174866,0.4762248396873474,0.24974964559078217,-0.2388414591550827,0.9996075630187988,0.4691005349159241,0.24864152073860168,-0.25262564420700073,0.9997974038124084,0.4901849329471588,0.3122739791870117,-0.095353864133358,0.9995619058609009,0.4153846204280853,0.30670392513275146,-0.14589084684848785,0.9998288154602051,0.4934569001197815,0.4171485900878906,-0.04845123365521431,0.8520029187202454,0.40548190474510193,0.4194488227367401,-0.12994225323200226,0.9855876564979553,0.4773208200931549,0.503190815448761,-0.13108745217323303,0.7536015510559082,0.430010586977005,0.484128475189209,-0.1950099915266037,0.9598594307899475,0.47653236985206604,0.5313089489936829,-0.15639303624629974,0.6615417003631592,0.4354807734489441,0.5114491581916809,-0.22473660111427307,0.9258628487586975,0.47285354137420654,0.5232996940612793,-0.18163421750068665,0.6727463006973267,0.4400945007801056,0.5061091184616089,-0.2437530905008316,0.926131546497345,0.4713546633720398,0.5141142010688782,-0.14322856068611145,0.6316998600959778,0.4404546320438385,0.49607929587364197,-0.20304442942142487,0.8964501619338989,0.4714416563510895,0.5236926674842834,0.0021354216150939465,0.9992926716804504,0.4286366105079651,0.5197018384933472,-0.002122514648362994,0.9994820356369019,0.4867076575756073,0.6701235771179199,0.020222637802362442,0.9949201941490173,0.4014837145805359,0.6642211079597473,0.006043874192982912,0.9947408437728882,0.4934394955635071,0.815410315990448,0.1405087262392044,0.9940778613090515,0.39280325174331665,0.806867778301239,0.14024287462234497,0.9957883358001709,0.4849637448787689,0.8366966247558594,0.14494024217128754,0.9463648796081543,0.3942173421382904,0.8281433582305908,0.1466427445411682,0.9313113689422607,0.5103580355644226,0.8624425530433655,0.03426913544535637,0.989341139793396,0.37562817335128784,0.8439626693725586,0.038701124489307404,0.9905455112457275
36,0.47998860478401184,0.23700888454914093,-0.2811308205127716,0.9998206496238708,0.4807584583759308,0.22567202150821686,-0.26553985476493835,0.9994779229164124,0.48165619373321533,0.22664184868335724,-0.2655627131462097,0.9993975758552551,0.4824568033218384,0.22760891914367676,-0.2655695974826813,0.9993332028388977,0.47542962431907654,0.22285443544387817,-0.27634647488594055,0.9996303915977478,0.4723041355609894,0.22174806892871857,-0.2763915956020355,0.9996384382247925,0.46894600987434387,0.22086097300052643,-0.2764490842819214,0.9996578693389893,0.478122353553772,0.2344719022512436,-0.1644868701696396,0.9983727931976318,0.4596909284591675,0.22611761093139648,-0.21415932476520538,0.9995359182357788,0.4786602854728699,0.25176164507865906,-0.24170848727226257,0.99961918592453,0.47177332639694214,0.25104695558547974,-0.256132572889328,0.9998044967651367,0.4917807877063751,0.3134356737136841,-0.09402045607566833,0.9995501637458801,0.4159795641899109,0.30781036615371704,-0.1511457860469818,0.9998292922973633,0.4936350882053375,0.41884469985961914,-0.04764145240187645,0.8503795266151428,0.4069448709487915,0.41946494579315186,-0.13611935079097748,0.9855936169624329,0.4791119396686554,0.5035184621810913,-0.13202638924121857,0.7477022409439087,0.43094179034233093,0.48470816016197205,-0.20034390687942505,0.9596832990646362,0.47817113995552063,0.5316004157066345,-0.15793749690055847,0.6554830074310303,0.4359273612499237,0.5117263197898865,-0.2307354062795639,0.9254181981086731,0.47476139664649963,0.524122953414917,-0.18380358815193176,0.66668301820755,0.4416450262069702,0.5073403120040894,-0.24832843244075775,0.9257895946502686,0.4733709394931793,0.5148574113845825,-0.144588440656662,0.62514328956604,0.44180721044540405,0.496772825717926,-0.20761613547801971,0.8960318565368652,0.47182953357696533,0.5234547853469849,0.00313953566364944,0.9992838501930237,0.4288552403450012,0.5195148587226868,-0.003119498025625944,0.9994857907295227,0.4867854416370392,0.6698412895202637,0.011388232931494713,0.9951815605163574,0.4012995660305023,0.6628198027610779,-0.0039288741536438465,0.9950374960899353,0.4934580624103546,0.8151137828826904,0.11637530475854874,0.9943985342979431,0.3927662670612335,0.8065637946128845,0.11639471352100372,0.9960144758224487,0.4851073920726776,0.836470365524292,0.11913179606199265,0.9476516246795654,0.394424170255661,0.8281233310699463,0.12093236297369003,0.9341437816619873,0.5091423392295837,0.8597366213798523,0.007724608760327101,0.9898314476013184,0.3737889528274536,0.8433980345726013,0.01178482361137867,0.9909930229187012
37,0.48179012537002563,0.23776422441005707,-0.2907649278640747,0.9998283386230469,0.4824005961418152,0.2263605296611786,-0.2743399441242218,0.9994981288909912,0.4832988679409027,0.22723135352134705,-0.27435919642448425,0.999419093132019,0.4841051995754242,0.22809195518493652,-0.27436259388923645,0.9993556141853333,0.47706037759780884,0.2237561196088791,-0.28769880533218384,0.9996465444564819,0.4739013612270355,0.22269655764102936,-0.2877570688724518,0.9996546506881714,0.4705081284046173,0.22181539237499237,-0.2878172695636749,0.9996745586395264,0.4795376658439636,0.2349330335855484,-0.16769319772720337,0.9984057545661926,0.4611434042453766,0.22719325125217438,-0.22953839600086212,0.9995599985122681,0.4805353283882141,0.25234848260879517,-0.24919001758098602,0.9996269345283508,0.473554790019989,0.2518916428089142,-0.26700717210769653,0.999811589717865,0.4931500554084778,0.3152782917022705,-0.0889820083975792,0.9995278120040894,0.4165964126586914,0.30870935320854187,-0.17065294086933136,0.9998346567153931,0.4938213527202606,0.4212839901447296,-0.03619823232293129,0.8424339890480042,0.40787631273269653,0.42127785086631775,-0.1573334038257599,0.9862411022186279,0.4792737364768982,0.5056324601173401,-0.12681756913661957,0.737657368183136,0.4333513081073761,0.4873208999633789,-0.22638140618801117,0.9613029360771179,0.47907912731170654,0.5346067547798157,-0.15210272371768951,0.6452566981315613,0.4386226534843445,0.5138568878173828,-0.2595159113407135,0.9279425740242004,0.4758562743663788,0.5289372801780701,-0.18031087517738342,0.6568867564201355,0.44381362199783325,0.5083645582199097,-0.27606329321861267,0.928302526473999,0.4740501344203949,0.5185344219207764,-0.14073196053504944,0.6157081723213196,0.44376233220100403,0.49801817536354065,-0.23311583697795868,0.8990648984909058,0.47195035219192505,0.5233845710754395,0.010097747668623924,0.9992761015892029,0.428804486989975,0.5202308893203735,-0.01006702147424221,0.9994920492172241,0.48780080676078796,0.6688408255577087,0.012736499309539795,0.9951837658882141,0.4029413163661957,0.6625707745552063,-0.02332620695233345,0.9952180981636047,0.4941142201423645,0.8155373930931091,0.11841892451047897,0.9945068359375,0.39301598072052,0.8076956868171692,0.11060893535614014,0.9961405396461487,0.4851164221763611,0.8369746208190918,0.12223935127258301,0.9485745429992676,0.3943891227245331,0.8285349011421204,0.11663029342889786,0.9350975751876831,0.5109971165657043,0.8627223372459412,0.016385812312364578,0.9899981021881104,0.37777307629585266,0.8466154932975769,0.0017031165771186352,0.9911940693855286
38,0.4847222566604614,0.2421693056821823,-0.291504830121994,0.9998340606689453,0.4851026237010956,0.23042163252830505,-0.27606201171875,0.9995129108428955,0.48583051562309265,0.23103749752044678,-0.2760781943798065,0.9994348883628845,0.4864737391471863,0.23160706460475922,-0.27608722448349,0.9993721842765808,0.4800930917263031,0.22789300978183746,-0.29128140211105347,0.9996609091758728,0.4769838750362396,0.22668689489364624,-0.2913404703140259,0.9996679425239563,0.47358080744743347,0.22549384832382202,-0.2913932800292969,0.9996874928474426,0.48109155893325806,0.23655396699905396,-0.17217054963111877,0.9984499216079712,0.4634062647819519,0.2290341556072235,-0.24348655343055725,0.999581515789032,0.4828011095523834,0.2555924952030182,-0.25014427304267883,0.9996346831321716,0.47610270977020264,0.255151629447937,-0.2702043652534485,0.9998171925544739,0.4935738742351532,0.31646427512168884,-0.08942362666130066,0.9995244741439819,0.41699090600013733,0.3094843626022339,-0.18567469716072083,0.9998423457145691,0.49444711208343506,0.4224616587162018,-0.035006243735551834,0.8381808400154114,0.4090612828731537,0.42215073108673096,-0.1697719544172287,0.9867793917655945,0.48095548152923584,0.5061538815498352,-0.12644554674625397,0.7311660051345825,0.4353637397289276,0.48985448479652405,-0.23042665421962738,0.9625095129013062,0.48067185282707214,0.5351573824882507,-0.1512819081544876,0.6383457779884338,0.4413091242313385,0.5166842937469482,-0.2630341649055481,0.9297734498977661,0.4775601029396057,0.5291643142700195,-0.1802649199962616,0.6502055525779724,0.44700416922569275,0.5109912157058716,-0.2788184583187103,0.9300939440727234,0.47580063343048096,0.519191563129425,-0.14067846536636353,0.6092125177383423,0.44600123167037964,0.5020275115966797,-0.23677799105644226,0.9011015892028809,0.4721547067165375,0.523439347743988,0.01347652543336153,0.9992638230323792,0.42882147431373596,0.5211597084999084,-0.013431686908006668,0.9995066523551941,0.489796906709671,0.6715529561042786,0.04346827417612076,0.9952982664108276,0.4047802686691284,0.6634302139282227,-0.01492264773696661,0.9954530000686646,0.49429091811180115,0.8153676390647888,0.16690856218338013,0.9946263432502747,0.3949117064476013,0.807654619216919,0.11879296600818634,0.9963266849517822,0.4852641522884369,0.8368481993675232,0.17226889729499817,0.9493415355682373,0.3978620171546936,0.8285933136940002,0.12486009299755096,0.9374175071716309,0.5129719376564026,0.8624408841133118,0.06844677031040192,0.9901865720748901,0.3774932622909546,0.8463899493217468,0.012477224692702293,0.9915450215339661
39,0.48465293645858765,0.24326632916927338,-0.30374306440353394,0.9998388886451721,0.485289067029953,0.23095017671585083,-0.28870126605033875,0.9995269179344177,0.48617079854011536,0.23153875768184662,-0.28871968388557434,0.9994518756866455,0.486958771944046,0.232069730758667,-0.28873690962791443,0.9993898272514343,0.47987425327301025,0.2285108119249344,-0.3016064465045929,0.9996716976165771,0.4766790568828583,0.2273576855659485,-0.30166861414909363,0.9996781349182129,0.4732620120048523,0.2262117564678192,-0.30172017216682434,0.9996973872184753,0.4819374978542328,0.23685093224048615,-0.18452201783657074,0.9985107183456421,0.4633708894252777,0.2295360267162323,-0.24402032792568207,0.9995977878570557,0.4827090799808502,0.2577485740184784,-0.2623406946659088,0.999645471572876,0.47576433420181274,0.25701093673706055,-0.2795121967792511,0.9998223185539246,0.49475476145744324,0.3185335397720337,-0.10160243511199951,0.9995293617248535,0.417373389005661,0.310954213142395,-0.18072599172592163,0.999844491481781,0.49619564414024353,0.4252423346042633,-0.049108218401670456,0.8406070470809937,0.40933144092559814,0.4229373037815094,-0.16690579056739807,0.9868219494819641,0.48204973340034485,0.5075581073760986,-0.14106853306293488,0.7314549088478088,0.4350978434085846,0.49001458287239075,-0.23855434358119965,0.9621307849884033,0.4812839925289154,0.5375692844390869,-0.16786101460456848,0.6384849548339844,0.4410538971424103,0.517089307308197,-0.2714756429195404,0.929094672203064,0.47807684540748596,0.5315048694610596,-0.1955077201128006,0.6502166390419006,0.44669708609580994,0.5109858512878418,-0.28946956992149353,0.9294302463531494,0.47655513882637024,0.5203282833099365,-0.1546352505683899,0.609225869178772,0.4457284212112427,0.50193190574646,-0.24625186622142792,0.9002708196640015,0.4722212851047516,0.5245835781097412,0.013030990958213806,0.9992570877075195,0.42871516942977905,0.523252010345459,-0.012988901697099209,0.999508798122406,0.4908824861049652,0.67280513048172,0.03825754299759865,0.9954017996788025,0.40607520937919617,0.6678273677825928,-0.0076488349586725235,0.9955774545669556,0.49453848600387573,0.8152942061424255,0.1583898514509201,0.994730532169342,0.39673489332199097,0.809220016002655,0.13553138077259064,0.9963839054107666,0.4854837954044342,0.8367391228675842,0.16352203488349915,0.9489154815673828,0.39896783232688904,0.8295128345489502,0.14243721961975098,0.9378224015235901,0.5129852890968323,0.8630841374397278,0.05599721893668175,0.9903367161750793,0.38019734621047974,0.8478072285652161,0.029948515817523003,0.9916296601295471
40,0.4877936542034149,0.25021594762802124,-0.3091631531715393,0.9998425841331482,0.48877981305122375,0.2361449897289276,-0.29532524943351746,0.9995385408401489,0.4895589053630829,0.23635666072368622,-0.29533690214157104,0.9994659423828125,0.4902131259441376,0.2364943027496338,-0.29535722732543945,0.9994057416915894,0.4834246039390564,0.2338920533657074,-0.3101389706134796,0.9996827840805054,0.4801987111568451,0.23252210021018982,-0.3102017343044281,0.9996885657310486,0.47666388750076294,0.2310166209936142,-0.31024789810180664,0.9997071623802185,0.4842110872268677,0.23855571448802948,-0.19280847907066345,0.9985666275024414,0.46545884013175964,0.2319469302892685,-0.26064494252204895,0.9996156096458435,0.48503240942955017,0.2630937099456787,-0.26761913299560547,0.9996543526649475,0.47837814688682556,0.2627030909061432,-0.28725987672805786,0.9998271465301514,0.49523648619651794,0.31956520676612854,-0.10666783899068832,0.9995364546775818,0.4178273379802704,0.3118339776992798,-0.1917714625597,0.9998493194580078,0.4967937171459198,0.4268939197063446,-0.04894615709781647,0.8394119143486023,0.40944549441337585,0.4231685996055603,-0.16845732927322388,0.987005352973938,0.48263734579086304,0.5074391961097717,-0.1399785578250885,0.7242913246154785,0.43518275022506714,0.4952359199523926,-0.23550724983215332,0.9613163471221924,0.4819941818714142,0.5375176668167114,-0.1639598309993744,0.6304428577423096,0.4406994581222534,0.5220825672149658,-0.26888370513916016,0.9272651672363281,0.4790801405906677,0.5314093828201294,-0.19299755990505219,0.6424079537391663,0.44647952914237976,0.5172300338745117,-0.28540197014808655,0.9276658296585083,0.4775198996067047,0.5200318098068237,-0.15398547053337097,0.6012485027313232,0.44567564129829407,0.5072198510169983,-0.2442016899585724,0.8979036211967468,0.4724627435207367,0.5244603753089905,0.012631461955606937,0.9992335438728333,0.4287576973438263,0.5231300592422485,-0.012592186219990253,0.9995042085647583,0.49238815903663635,0.673677384853363,0.03507141023874283,0.9955748915672302,0.40669935941696167,0.6687628030776978,-0.007023117039352655,0.9957504868507385,0.49584874510765076,0.8165040612220764,0.15120354294776917,0.9949290752410889,0.39712315797805786,0.8100255727767944,0.12996706366539001,0.9965179562568665,0.48711585998535156,0.8389482498168945,0.1552075296640396,0.949451208114624,0.3994857668876648,0.8308753967285156,0.13561362028121948,0.9393984079360962,0.5153668522834778,0.8653718829154968,0.04695704206824303,0.9906246066093445,0.37961941957473755,0.8480297327041626,0.023969529196619987,0.9918801784515381
41,0.48868945240974426,0.25755563378334045,-0.33830806612968445,0.9998385906219482,0.4899899363517761,0.2425452619791031,-0.32399171590805054,0.99952232837677,0.4907620847225189,0.24250395596027374,-0.32401180267333984,0.9994492530822754,0.4914000332355499,0.24235548079013824,-0.32404348254203796,0.9993855953216553,0.4846171438694,0.2405015379190445,-0.3408561944961548,0.9996764063835144,0.4813985824584961,0.23903091251850128,-0.340929239988327,0.9996827244758606,0.4778808355331421,0.23731717467308044,-0.3409934937953949,0.999701738357544,0.4851684868335724,0.24202844500541687,-0.2144281268119812,0.9985275864601135,0.46630826592445374,0.23597007989883423,-0.29120680689811707,0.9996210336685181,0.48585715889930725,0.26916179060935974,-0.29337212443351746,0.999645471572876,0.4790744483470917,0.26919302344322205,-0.3158015310764313,0.999825656414032,0.4956015646457672,0.3196333646774292,-0.11393177509307861,0.9995511174201965,0.4181968867778778,0.3121455907821655,-0.22106163203716278,0.999855101108551,0.4972289204597473,0.42698609828948975,-0.05542406812310219,0.8388990759849548,0.4096013307571411,0.4243144094944,-0.2037820667028427,0.9877278208732605,0.4832017123699188,0.507359504699707,-0.15676768124103546,0.7232444286346436,0.4353901147842407,0.4987460672855377,-0.2656267583370209,0.9627741575241089,0.4825030267238617,0.5374424457550049,-0.18373411893844604,0.6295403242111206,0.4405994713306427,0.5246961712837219,-0.30015262961387634,0.9295174479484558,0.47955867648124695,0.5307762026786804,-0.21377836167812347,0.6417465209960938,0.44636306166648865,0.5192628502845764,-0.3158658444881439,0.9298747777938843,0.47806039452552795,0.5191937685012817,-0.1717325896024704,0.6006127595901489,0.44553133845329285,0.5093036890029907,-0.27220770716667175,0.9003766775131226,0.4725269377231598,0.5243661403656006,0.015426406636834145,0.9991958737373352,0.42870649695396423,0.5231423377990723,-0.015359124168753624,0.9994863271713257,0.4934345483779907,0.6719803810119629,0.038597222417593,0.9956543445587158,0.406767338514328,0.6715856194496155,-0.00754948565736413,0.9957308173179626,0.4976540803909302,0.8151445388793945,0.16923967003822327,0.9948949217796326,0.3975766897201538,0.8104112148284912,0.13370683789253235,0.9964582324028015,0.48830458521842957,0.8375367522239685,0.1755899041891098,0.9485413432121277,0.3993428647518158,0.8310641050338745,0.14054958522319794,0.9376487135887146,0.515150249004364,0.8639771938323975,0.06718190759420395,0.99049311876297,0.38274243474006653,0.8507314920425415,0.024295922368764877,0.9916334748268127
42,0.49022379517555237,0.2576684355735779,-0.32888728380203247,0.9998294711112976,0.49118244647979736,0.24296295642852783,-0.3167259097099304,0.9994956851005554,0.4918059706687927,0.24296393990516663,-0.3167829215526581,0.9994195103645325,0.49231043457984924,0.242854505777359,-0.31684160232543945,0.9993487596511841,0.48628103733062744,0.24087820947170258,-0.328762948513031,0.9996653199195862,0.48321086168289185,0.23937222361564636,-0.328819215297699,0.9996708035469055,0.4797975420951843,0.23764467239379883,-0.328867644071579,0.9996895790100098,0.48587000370025635,0.24286314845085144,-0.2013709992170334,0.9984524846076965,0.4678204655647278,0.23654507100582123,-0.26853689551353455,0.9996185898780823,0.48716121912002563,0.2697363793849945,-0.27926188707351685,0.9996243715286255,0.4806358218193054,0.26966285705566406,-0.3078041672706604,0.9998191595077515,0.4963202178478241,0.320296049118042,-0.09524839371442795,0.9995533227920532,0.4185897409915924,0.3121028542518616,-0.2020544856786728,0.999859094619751,0.4979018270969391,0.42679205536842346,-0.03377503529191017,0.8346012234687805,0.40959978103637695,0.42421987652778625,-0.18514719605445862,0.9881618022918701,0.4835411608219147,0.5044440627098083,-0.13699017465114594,0.7178240418434143,0.4352995455265045,0.49796968698501587,-0.2508162558078766,0.9635216593742371,0.4827030301094055,0.5342005491256714,-0.16222375631332397,0.6245229244232178,0.43975943326950073,0.5245305895805359,-0.2832179069519043,0.9306591749191284,0.4799351096153259,0.5241625905036926,-0.19305352866649628,0.637084424495697,0.4452274739742279,0.5188143849372864,-0.30434614419937134,0.9310546517372131,0.4785333573818207,0.5126021504402161,-0.15220025181770325,0.5958966016769409,0.4448932409286499,0.509093165397644,-0.2596507668495178,0.901435136795044,0.4724750220775604,0.5242892503738403,0.017087439075112343,0.999148964881897,0.42852628231048584,0.523041844367981,-0.017003824934363365,0.9994801878929138,0.4946278929710388,0.6686705946922302,0.04936153441667557,0.9957185387611389,0.406814306974411,0.671055257320404,-0.017973454669117928,0.9958670139312744,0.49792367219924927,0.8136854767799377,0.17524820566177368,0.9949788451194763,0.3973352015018463,0.8114566802978516,0.10826972126960754,0.9965680837631226,0.4883604347705841,0.8370435237884521,0.18099887669086456,0.9490944147109985,0.39909887313842773,0.8332750797271729,0.11340390890836716,0.938489556312561,0.5150986909866333,0.8615655899047852,0.07585465162992477,0.9905707836151123,0.38317206501960754,0.8511108160018921,-0.0026000184006989002,0.9917736053466797
43,0.48992908000946045,0.25583139061927795,-0.2684154212474823,0.9998313188552856,0.49077314138412476,0.24224503338336945,-0.255073606967926,0.9995032548904419,0.49141913652420044,0.24267609417438507,-0.2550988495349884,0.9994242787361145,0.49189379811286926,0.24297067523002625,-0.255107045173645,0.9993544220924377,0.4857558310031891,0.23977282643318176,-0.26603472232818604,0.9996717572212219,0.48272940516471863,0.23843052983283997,-0.2660764455795288,0.9996750354766846,0.47937342524528503,0.23697246611118317,-0.2661215364933014,0.9996945858001709,0.48525652289390564,0.24516929686069489,-0.1554907262325287,0.9984714388847351,0.46715253591537476,0.23796586692333221,-0.2072749137878418,0.9996231198310852,0.48668041825294495,0.2682894766330719,-0.2281937301158905,0.9996270537376404,0.4803141951560974,0.26818692684173584,-0.24420885741710663,0.99982088804245,0.4960496723651886,0.3207095265388489,-0.07500672340393066,0.9995510578155518,0.4194946587085724,0.3122899532318115,-0.14413295686244965,0.999860942363739,0.498041033744812,0.4262969195842743,-0.020488493144512177,0.8359789252281189,0.4099169075489044,0.4242103099822998,-0.12380777299404144,0.9878067970275879,0.48334723711013794,0.5040098428726196,-0.10748152434825897,0.722811222076416,0.4353141784667969,0.49763476848602295,-0.18691383302211761,0.9629870653152466,0.48255008459091187,0.5338628888130188,-0.13091926276683807,0.6303403377532959,0.4396624267101288,0.5241093635559082,-0.21578894555568695,0.9299063086509705,0.47962623834609985,0.5237116813659668,-0.15935850143432617,0.6425477266311646,0.4451592266559601,0.5183526873588562,-0.23382018506526947,0.9303812980651855,0.47816428542137146,0.5123239159584045,-0.12092050164937973,0.60133957862854,0.4448328912258148,0.5084371566772461,-0.19431348145008087,0.9009290933609009,0.472824364900589,0.5249344706535339,0.015649856999516487,0.9991096258163452,0.4291572868824005,0.5235862731933594,-0.015566188842058182,0.9994683265686035,0.4945512115955353,0.6697496771812439,0.035173285752534866,0.9956800937652588,0.40719494223594666,0.6707900166511536,-0.0152649050578475,0.9959413409233093,0.49805328249931335,0.8137589693069458,0.13142700493335724,0.99485844373703,0.3976799547672272,0.8125008940696716,0.09758231788873672,0.9966272711753845,0.48870983719825745,0.8371597528457642,0.1341278851032257,0.9479964375495911,0.39940670132637024,0.8362133502960205,0.10093310475349426,0.9387412667274475,0.5163692235946655,0.861530065536499,0.03244243189692497,0.9903724789619446,0.38261425495147705,0.8508355617523193,-0.008592055179178715,0.9918606877326965
44,0.48851579427719116,0.2548932135105133,-0.26514869928359985,0.9998377561569214,0.4902404546737671,0.24220344424247742,-0.25078096985816956,0.999523937702179,0.49115708470344543,0.24287612736225128,-0.2508019208908081,0.9994455575942993,0.4917686879634857,0.24333269894123077,-0.25080519914627075,0.9993777275085449,0.4846179187297821,0.2395050823688507,-0.26183271408081055,0.9996865391731262,0.48141002655029297,0.23839342594146729,-0.26187676191329956,0.9996886253356934,0.47793856263160706,0.23725758492946625,-0.26192352175712585,0.9997079968452454,0.4848344624042511,0.24657770991325378,-0.15029101073741913,0.9985191822052002,0.4671032726764679,0.2402481883764267,-0.2012903392314911,0.9996390342712402,0.48628947138786316,0.26756176352500916,-0.2252206802368164,0.9996371865272522,0.47910743951797485,0.26750653982162476,-0.24023033678531647,0.9998273849487305,0.4958997070789337,0.3212581276893616,-0.07017496228218079,0.9995480179786682,0.42021241784095764,0.3133297860622406,-0.14311780035495758,0.9998656511306763,0.49791985750198364,0.4261285066604614,-0.021253906190395355,0.8376046419143677,0.4103802740573883,0.4251232147216797,-0.13022318482398987,0.987982451915741,0.48318272829055786,0.5040286183357239,-0.1111794039607048,0.728754460811615,0.4368208050727844,0.49727901816368103,-0.1954411119222641,0.963988184928894,0.4824059307575226,0.5342631340026855,-0.13604043424129486,0.6368922591209412,0.4415256083011627,0.5239498615264893,-0.22585679590702057,0.9315637946128845,0.47944366931915283,0.5249035954475403,-0.16431625187397003,0.6488991975784302,0.4474618136882782,0.5181505084037781,-0.2423010617494583,0.932030975818634,0.47795918583869934,0.5129846930503845,-0.12475991249084473,0.6076897382736206,0.4463423490524292,0.5079720616340637,-0.20210160315036774,0.9031348824501038,0.47310760617256165,0.5248759984970093,0.015168129466474056,0.9990999698638916,0.43002158403396606,0.5236004590988159,-0.01509279664605856,0.9994764924049377,0.49493226408958435,0.6693648099899292,0.0281482245773077,0.9956621527671814,0.4077415466308594,0.6707300543785095,-0.018291546031832695,0.9960637092590332,0.49808114767074585,0.81379634141922,0.12537868320941925,0.9948685765266418,0.3977484405040741,0.8136082887649536,0.08575517684221268,0.9967444539070129,0.4887341558933258,0.8374544382095337,0.12815167009830475,0.9489367604255676,0.3993312418460846,0.8388143181800842,0.08876689523458481,0.9398218393325806,0.5175312757492065,0.8612633347511292,0.026192838326096535,0.9903748631477356,0.38257259130477905,0.8508026599884033,-0.021636750549077988,0.9920555949211121
45,0.4882817566394806,0.2542414665222168,-0.2501477003097534,0.9998398423194885,0.4901767075061798,0.24170048534870148,-0.23510350286960602,0.9995356202125549,0.49109935760498047,0.24245935678482056,-0.235127791762352,0.9994563460350037,0.4916622042655945,0.24303285777568817,-0.2351316660642624,0.9993901252746582,0.48442327976226807,0.23901821672916412,-0.24970698356628418,0.9996957182884216,0.4811857044696808,0.23799195885658264,-0.24974855780601501,0.9996978640556335,0.4777142405509949,0.2369566708803177,-0.24979843199253082,0.9997170567512512,0.4845590591430664,0.24671314656734467,-0.1337222307920456,0.9985283613204956,0.46673911809921265,0.240074023604393,-0.20034363865852356,0.9996527433395386,0.48588666319847107,0.26698869466781616,-0.20978230237960815,0.9996416568756104,0.4787028729915619,0.26689818501472473,-0.2292364090681076,0.9998313188552856,0.49579235911369324,0.3211756944656372,-0.04676590859889984,0.9995526075363159,0.4204641580581665,0.3143061399459839,-0.150200754404068,0.999868631362915,0.4978894293308258,0.4237649738788605,0.00681401789188385,0.8353995680809021,0.41107022762298584,0.4266602396965027,-0.14021870493888855,0.988417387008667,0.4832861125469208,0.5009980797767639,-0.08576904982328415,0.7328072786331177,0.43811947107315063,0.49702730774879456,-0.20478208363056183,0.9656811356544495,0.48264119029045105,0.5313048958778381,-0.11035332083702087,0.6410077214241028,0.4429699182510376,0.5237331986427307,-0.23514364659786224,0.9344679713249207,0.47994211316108704,0.5200284123420715,-0.13964594900608063,0.653057873249054,0.4492444694042206,0.517855167388916,-0.25248491764068604,0.9348413348197937,0.4783823788166046,0.5105453133583069,-0.10014574229717255,0.6120808124542236,0.4483976662158966,0.5076866149902344,-0.21142295002937317,0.9065696001052856,0.47333747148513794,0.5251461863517761,0.018816674128174782,0.9990948438644409,0.4309989809989929,0.5240681171417236,-0.01873767375946045,0.9994744658470154,0.49472540616989136,0.6702602505683899,0.0444493293762207,0.995672345161438,0.4076153039932251,0.6711447238922119,-0.019512640312314034,0.996168315410614,0.49811655282974243,0.8152341246604919,0.15089792013168335,0.9948636293411255,0.3976537585258484,0.814275860786438,0.09176559746265411,0.9968233704566956,0.48892495036125183,0.8389420509338379,0.1542624533176422,0.9493615031242371,0.3992983400821686,0.8386114835739136,0.09580925852060318,0.9396196603775024,0.5176073908805847,0.8636874556541443,0.051031146198511124,0.990318238735199,0.38224393129348755,0.8507816791534424,-0.017368638888001442,0.9922057390213013
46,0.4877604842185974,0.25422677397727966,-0.25209811329841614,0.9998452663421631,0.48939454555511475,0.24149848520755768,-0.23705294728279114,0.9995516538619995,0.4902965724468231,0.2421625703573227,-0.23707632720470428,0.9994715452194214,0.49091893434524536,0.24266724288463593,-0.23707038164138794,0.9994072318077087,0.4837648272514343,0.238838791847229,-0.2525942921638489,0.9997079372406006,0.480547159910202,0.23771260678768158,-0.2526363134384155,0.9997097253799438,0.4770905077457428,0.23656757175922394,-0.2526850700378418,0.9997287392616272,0.48448076844215393,0.24619683623313904,-0.13663695752620697,0.9985536932945251,0.46653681993484497,0.2395027130842209,-0.20732562243938446,0.9996670484542847,0.485516220331192,0.26682305335998535,-0.21211034059524536,0.9996505975723267,0.4785049557685852,0.2666647732257843,-0.23275955021381378,0.9998374581336975,0.4957081973552704,0.32125383615493774,-0.054335735738277435,0.999557375907898,0.42057004570961,0.31562352180480957,-0.15454509854316711,0.9998706579208374,0.4980689585208893,0.42260879278182983,-0.0033268106635659933,0.8350355625152588,0.4121106266975403,0.4295079708099365,-0.14378021657466888,0.9887436032295227,0.48365429043769836,0.5008205771446228,-0.09784392267465591,0.7374410033226013,0.4397639036178589,0.4977862238883972,-0.20780840516090393,0.9671097993850708,0.4830600321292877,0.5313131809234619,-0.12351596355438232,0.6457005739212036,0.4444419741630554,0.5249665975570679,-0.23918721079826355,0.9369178414344788,0.4802859127521515,0.5203707218170166,-0.15186701714992523,0.6579387784004211,0.45032885670661926,0.5183102488517761,-0.25540247559547424,0.937234103679657,0.4787517189979553,0.5104218125343323,-0.11195347458124161,0.6171146035194397,0.44966021180152893,0.508661150932312,-0.2140200138092041,0.9095991253852844,0.47420719265937805,0.5259256362915039,0.017937608063220978,0.9990741014480591,0.43292877078056335,0.5248305797576904,-0.017866434529423714,0.9994614124298096,0.4948026239871979,0.6702681183815002,0.04012330248951912,0.9956133961677551,0.4076456129550934,0.6709784865379333,-0.018849605694413185,0.9961385130882263,0.4987010955810547,0.8160264492034912,0.14123491942882538,0.9947694540023804,0.397600382566452,0.8160461783409119,0.09762702882289886,0.9968262314796448,0.4895978271961212,0.8406959772109985,0.14430607855319977,0.9492698311805725,0.39885589480400085,0.8411769866943359,0.10210464149713516,0.939850389957428,0.5176221132278442,0.8649163842201233,0.040637221187353134,0.9901798963546753,0.38190993666648865,0.8504630327224731,-0.009570482186973095,0.9921907186508179
47,0.48750612139701843,0.2524033486843109,-0.2551094889640808,0.9998555183410645,0.48896461725234985,0.2390604019165039,-0.23993998765945435,0.9995822906494141,0.48990052938461304,0.2397579848766327,-0.23995839059352875,0.999505877494812,0.49064701795578003,0.24039733409881592,-0.2399514764547348,0.9994450211524963,0.4833572208881378,0.2362261563539505,-0.2546989321708679,0.9997285008430481,0.4801464080810547,0.23494680225849152,-0.25474274158477783,0.999730110168457,0.47669675946235657,0.23390312492847443,-0.2547835111618042,0.9997480511665344,0.4852721095085144,0.24544073641300201,-0.13976320624351501,0.9986424446105957,0.46653228998184204,0.23781585693359375,-0.20741599798202515,0.9996917843818665,0.4856136739253998,0.26502862572669983,-0.21541938185691833,0.9996728301048279,0.47847989201545715,0.2647243142127991,-0.2350771576166153,0.9998487830162048,0.49584147334098816,0.3220387101173401,-0.05797462910413742,0.9995635151863098,0.420500248670578,0.3166378140449524,-0.15587906539440155,0.9998767971992493,0.4981456995010376,0.4249633252620697,-0.0037835019174963236,0.8326867818832397,0.4127482771873474,0.4312092959880829,-0.1444961279630661,0.9891691207885742,0.4836002290248871,0.5068455934524536,-0.0921296700835228,0.7362964153289795,0.4409305453300476,0.4980471432209015,-0.20561650395393372,0.9685987234115601,0.4830910563468933,0.5373464226722717,-0.11652222275733948,0.644275426864624,0.44628697633743286,0.5259197354316711,-0.2365465611219406,0.9394389390945435,0.48028677701950073,0.527787446975708,-0.1440565139055252,0.6565200090408325,0.4516970217227936,0.5186804533004761,-0.2519989311695099,0.93971848487854,0.47869637608528137,0.5189855694770813,-0.10584693402051926,0.6163690686225891,0.45087718963623047,0.508486807346344,-0.2114824503660202,0.9129505753517151,0.4746922254562378,0.5273689031600952,0.017425397410988808,0.9990975856781006,0.4331125020980835,0.5259900689125061,-0.017360160127282143,0.9994735717773438,0.4953165054321289,0.672812283039093,0.0330277755856514,0.9956116080284119,0.4075900614261627,0.6711112260818481,-0.017412573099136353,0.9961536526679993,0.4998055398464203,0.8201878070831299,0.1321803331375122,0.9947769641876221,0.3976224660873413,0.8179057240486145,0.099347323179245,0.9968523383140564,0.49101072549819946,0.8454009890556335,0.13497863709926605,0.9496436715126038,0.39886292815208435,0.8425751328468323,0.10374831408262253,0.9400886297225952,0.5217013359069824,0.871086061000824,0.03140607103705406,0.9901971220970154,0.3811205327510834,0.8515253067016602,-0.006803212221711874,0.9922671914100647
48,0.4885771870613098,0.25224021077156067,-0.2594433128833771,0.9998631477355957,0.48973286151885986,0.23897583782672882,-0.2444322258234024,0.9996051788330078,0.49062374234199524,0.23967579007148743,-0.24445070326328278,0.9995322227478027,0.49135854840278625,0.2403237521648407,-0.24444715678691864,0.9994745850563049,0.4842281937599182,0.23616626858711243,-0.25929033756256104,0.9997432231903076,0.4810495972633362,0.23489020764827728,-0.259333074092865,0.9997443556785583,0.47758403420448303,0.2338331788778305,-0.25937244296073914,0.999761164188385,0.48588255047798157,0.2451774924993515,-0.14378301799297333,0.9987174868583679,0.4679097831249237,0.23761653900146484,-0.21154409646987915,0.9997084736824036,0.48660820722579956,0.26495054364204407,-0.21942344307899475,0.9996902346611023,0.47961661219596863,0.2646840810775757,-0.2392132431268692,0.9998566508293152,0.4963381886482239,0.3239469826221466,-0.06286361068487167,0.9995787143707275,0.4209820330142975,0.3170689344406128,-0.15605789422988892,0.9998795390129089,0.4983983635902405,0.426254004240036,-0.008486696518957615,0.8345413208007812,0.41298043727874756,0.43086063861846924,-0.1408161073923111,0.9892147183418274,0.48355284333229065,0.5104684829711914,-0.09844021499156952,0.7401958703994751,0.44047510623931885,0.4979645311832428,-0.20342114567756653,0.9689599871635437,0.4830515682697296,0.5407391786575317,-0.12317470461130142,0.6482800245285034,0.4457627236843109,0.5260744690895081,-0.23469093441963196,0.9400783181190491,0.48019498586654663,0.533000111579895,-0.15135259926319122,0.6604850888252258,0.45114341378211975,0.518569827079773,-0.2508040964603424,0.9403524398803711,0.4786035120487213,0.5227457284927368,-0.112236388027668,0.6202830076217651,0.45040690898895264,0.5083403587341309,-0.20976169407367706,0.9136801362037659,0.4752437472343445,0.5279765725135803,0.017335135489702225,0.9991120100021362,0.43342825770378113,0.5261067152023315,-0.017273129895329475,0.9994786381721497,0.495641827583313,0.6752543449401855,0.030184593051671982,0.9956764578819275,0.4075760245323181,0.6714759469032288,-0.01687059924006462,0.996224582195282,0.5005782246589661,0.8212710618972778,0.13232900202274323,0.9948590397834778,0.39801597595214844,0.818533182144165,0.1012326180934906,0.9969109296798706,0.49175959825515747,0.8456831574440002,0.13536453247070312,0.9497743248939514,0.39958012104034424,0.8430095911026001,0.10574101656675339,0.9407464861869812,0.5210530757904053,0.8719856142997742,0.0291798897087574,0.9903396368026733,0.38047266006469727,0.852151095867157,-0.005120512563735247,0.9924033284187317
49,0.4884854555130005,0.2516486644744873,-0.2633868157863617,0.9998719692230225,0.48966801166534424,0.23856012523174286,-0.24845990538597107,0.9996302723884583,0.49062785506248474,0.2393038421869278,-0.24847790598869324,0.9995611906051636,0.4914555847644806,0.2400216907262802,-0.2484762966632843,0.9995063543319702,0.48404309153556824,0.23570401966571808,-0.26281389594078064,0.9997600317001343,0.48082950711250305,0.23449558019638062,-0.26285916566848755,0.999761164188385,0.4773400127887726,0.23352950811386108,-0.26290082931518555,0.9997769594192505,0.48638245463371277,0.24496965110301971,-0.14683474600315094,0.9987972974777222,0.46791043877601624,0.2375022917985916,-0.21374985575675964,0.9997283816337585,0.4867483079433441,0.2642297148704529,-0.2231246531009674,0.9997095465660095,0.47958990931510925,0.26389363408088684,-0.24255527555942535,0.9998660087585449,0.4967680871486664,0.32524994015693665,-0.07188653200864792,0.9995860457420349,0.4210975468158722,0.3178245425224304,-0.15713529288768768,0.9998837113380432,0.49853503704071045,0.42811721563339233,-0.01610659249126911,0.835962176322937,0.41348740458488464,0.4313715100288391,-0.1409062296152115,0.9893301725387573,0.48350533843040466,0.5138997435569763,-0.1021680161356926,0.7404986023902893,0.44075268507003784,0.49892115592956543,-0.19946883618831635,0.9695225358009338,0.48300397396087646,0.5442682504653931,-0.12688027322292328,0.6488319039344788,0.4461129903793335,0.5280561447143555,-0.2290526181459427,0.9410030245780945,0.4800891578197479,0.5376206040382385,-0.15440016984939575,0.6607522964477539,0.45126524567604065,0.5203516483306885,-0.24541521072387695,0.9412586092948914,0.4785903990268707,0.52657151222229,-0.11579366773366928,0.6209362149238586,0.45061051845550537,0.5108237266540527,-0.20580831170082092,0.9150547981262207,0.4756193161010742,0.5299558639526367,0.013852381147444248,0.9991355538368225,0.4334390461444855,0.5274149775505066,-0.013827507384121418,0.9994922876358032,0.49597978591918945,0.676920473575592,0.027221424505114555,0.9957832098007202,0.40752118825912476,0.6717803478240967,-0.01181939709931612,0.9963156580924988,0.5010901689529419,0.8213390111923218,0.13079389929771423,0.9949911236763,0.3987538516521454,0.8188024163246155,0.10729128867387772,0.9969795346260071,0.49212950468063354,0.8453536033630371,0.13394156098365784,0.9500182867050171,0.4008306562900543,0.8429211378097534,0.11207245290279388,0.9418891668319702,0.5209935903549194,0.8729339241981506,0.029386410489678383,0.990551769733429,0.37985846400260925,0.852221667766571,0.00667049502953887,0.9925764799118042
50,0.4883590340614319,0.251547247171402,-0.27640172839164734,0.9998798966407776,0.4895457625389099,0.23850691318511963,-0.26081156730651855,0.999653160572052,0.4904356598854065,0.23923873901367188,-0.26082634925842285,0.9995875954627991,0.49123415350914,0.23993730545043945,-0.26082858443260193,0.9995354413986206,0.4838586747646332,0.23568855226039886,-0.27274879813194275,0.9997752904891968,0.4805842638015747,0.23447930812835693,-0.27279818058013916,0.999776303768158,0.4770679473876953,0.23349353671073914,-0.2728351354598999,0.9997913837432861,0.486398309469223,0.24485385417938232,-0.15861113369464874,0.9988657832145691,0.4677276313304901,0.23739375174045563,-0.213982492685318,0.9997462630271912,0.4865660071372986,0.26414620876312256,-0.2363465577363968,0.9997255802154541,0.47952452301979065,0.26378902792930603,-0.2524532079696655,0.9998739361763,0.4971826672554016,0.3265082538127899,-0.08284886181354523,0.9995898008346558,0.42125800251960754,0.31871655583381653,-0.1578691303730011,0.9998871684074402,0.4989677965641022,0.4280809462070465,-0.032299626618623734,0.8383937478065491,0.4135541617870331,0.4317907691001892,-0.1417613923549652,0.9895017147064209,0.4834687411785126,0.5136451721191406,-0.11754394322633743,0.7418843507766724,0.441844642162323,0.4991214871406555,-0.20219986140727997,0.9700279831886292,0.4829634428024292,0.5443753004074097,-0.14294551312923431,0.6503592133522034,0.446924090385437,0.5279504060745239,-0.23250611126422882,0.9417216181755066,0.4800579845905304,0.5381183624267578,-0.1689848154783249,0.6619901061058044,0.4523513615131378,0.5204893946647644,-0.24878737330436707,0.9419650435447693,0.47854000329971313,0.526705801486969,-0.13034018874168396,0.6222384572029114,0.45157328248023987,0.5105612277984619,-0.2085670381784439,0.9161187410354614,0.47584566473960876,0.5308994054794312,0.012147209607064724,0.9991635680198669,0.43332597613334656,0.5278866291046143,-0.012138709425926208,0.9995099902153015,0.4967300295829773,0.6797172427177429,0.02693147398531437,0.9958097338676453,0.407649427652359,0.6719103455543518,-0.008344295434653759,0.9963867664337158,0.5021800398826599,0.823449432849884,0.1324099600315094,0.9950891733169556,0.3988581895828247,0.8192492723464966,0.11471916735172272,0.9970465898513794,0.49311402440071106,0.8478974103927612,0.13576838374137878,0.9506739377975464,0.40098729729652405,0.843330979347229,0.12013014405965805,0.9430213570594788,0.5247083306312561,0.8760653138160706,0.03124171309173107,0.9906957149505615,0.37961095571517944,0.8522787690162659,0.01494887936860323,0.9927142858505249
51,0.48799583315849304,0.2514601945877075,-0.29784202575683594,0.999885082244873,0.4893687069416046,0.2384812831878662,-0.2822604179382324,0.9996678829193115,0.49039873480796814,0.23922193050384521,-0.28228119015693665,0.9996039867401123,0.4911034405231476,0.23988519608974457,-0.2822985053062439,0.9995529651641846,0.48316583037376404,0.23564890027046204,-0.29371511936187744,0.9997848272323608,0.47975632548332214,0.234467551112175,-0.29377180337905884,0.9997859597206116,0.4761204123497009,0.2334512621164322,-0.29381945729255676,0.9998008608818054,0.48648881912231445,0.24477273225784302,-0.17668397724628448,0.9989042282104492,0.46739327907562256,0.23756368458271027,-0.22858338057994843,0.9997600317001343,0.48644500970840454,0.26416629552841187,-0.2561800181865692,0.9997358322143555,0.4791812002658844,0.26393428444862366,-0.271477073431015,0.999879777431488,0.4977782368659973,0.32687297463417053,-0.08996401727199554,0.9995914101600647,0.4216195344924927,0.3191623091697693,-0.17185521125793457,0.999891459941864,0.4989859461784363,0.4293147921562195,-0.04130871593952179,0.8380163908004761,0.41372230648994446,0.43274402618408203,-0.16312845051288605,0.9899451732635498,0.4834400415420532,0.5150721669197083,-0.13204464316368103,0.7405028939247131,0.4434487521648407,0.5030423402786255,-0.22917476296424866,0.9709356427192688,0.4829563498497009,0.5463546514511108,-0.1589260846376419,0.6490106582641602,0.44863489270210266,0.5302202701568604,-0.26218265295028687,0.9430319666862488,0.4800233840942383,0.541443943977356,-0.18650668859481812,0.6605968475341797,0.45373278856277466,0.5260351896286011,-0.27834752202033997,0.94324791431427,0.4784834682941437,0.5295301079750061,-0.14577150344848633,0.620997965335846,0.4529721438884735,0.5151964426040649,-0.23562268912792206,0.9179396033287048,0.475835382938385,0.5313972234725952,0.012208553031086922,0.9991924166679382,0.4332973062992096,0.5279252529144287,-0.012198451906442642,0.999527633190155,0.49735555052757263,0.6799494624137878,0.02657499723136425,0.995817244052887,0.4075785279273987,0.6722940802574158,-0.010274476371705532,0.9964630603790283,0.5026488900184631,0.8253332376480103,0.1331969052553177,0.9951279759407043,0.39885270595550537,0.8196476697921753,0.11643174290657043,0.9970696568489075,0.49359431862831116,0.8503488898277283,0.13646169006824493,0.9513201713562012,0.4008673429489136,0.8433195948600769,0.12245137989521027,0.9435851573944092,0.5268800854682922,0.8783659338951111,0.032207317650318146,0.9906752109527588,0.37959328293800354,0.852682888507843,0.014130620285868645,0.992712676525116
52,0.48850217461586,0.25633931159973145,-0.2846621870994568,0.9998857378959656,0.48953256011009216,0.24088309705257416,-0.2697746455669403,0.99966961145401,0.4904547333717346,0.24121220409870148,-0.2698156535625458,0.9996074438095093,0.4911307692527771,0.24150237441062927,-0.2698422968387604,0.9995569586753845,0.48370781540870667,0.2387378215789795,-0.2853904962539673,0.9997851252555847,0.4803644120693207,0.2375413328409195,-0.28544214367866516,0.9997857213020325,0.47677645087242126,0.23636028170585632,-0.2854979634284973,0.9997997283935547,0.48644229769706726,0.2452532798051834,-0.16640205681324005,0.9989224672317505,0.46747055649757385,0.23866060376167297,-0.22722448408603668,0.9997618794441223,0.48655036091804504,0.2689685821533203,-0.24313631653785706,0.9997384548187256,0.47953811287879944,0.2688634991645813,-0.2634512782096863,0.9998795986175537,0.49792051315307617,0.327232301235199,-0.07795404642820358,0.9995978474617004,0.4215751886367798,0.32058051228523254,-0.17045478522777557,0.9998906850814819,0.49929580092430115,0.43175008893013,-0.024338478222489357,0.8360663056373596,0.41430509090423584,0.4347666800022125,-0.1593031883239746,0.9898792505264282,0.4842395484447479,0.5152111649513245,-0.12212574481964111,0.7368770241737366,0.44308334589004517,0.5027454495429993,-0.2237652838230133,0.9705604314804077,0.4839768409729004,0.546082615852356,-0.14838828146457672,0.6451994180679321,0.4481414258480072,0.5303695797920227,-0.25636571645736694,0.9424747824668884,0.48094600439071655,0.5413964986801147,-0.17784562706947327,0.6572479605674744,0.4532913565635681,0.5253896117210388,-0.27238625288009644,0.9426978826522827,0.4792355000972748,0.529928982257843,-0.13686446845531464,0.6176354289054871,0.4525677561759949,0.514474093914032,-0.2302415519952774,0.9168363213539124,0.4757950007915497,0.533420741558075,0.013589140959084034,0.999189555644989,0.4326934814453125,0.5293181538581848,-0.013549121096730232,0.9995272755622864,0.4979574978351593,0.6798317432403564,0.03365880995988846,0.9958528280258179,0.40755078196525574,0.6724622845649719,-0.017552560195326805,0.9965690970420837,0.5024788975715637,0.824866771697998,0.15623745322227478,0.9952055215835571,0.39881664514541626,0.8195618987083435,0.11686144769191742,0.9971296191215515,0.4934425950050354,0.8498388528823853,0.16137507557868958,0.9521912932395935,0.40077856183052063,0.843119204044342,0.12334487587213516,0.9444847106933594,0.5250005722045898,0.8774551749229431,0.054514799267053604,0.9907692074775696,0.38203173875808716,0.8538907170295715,0.013126152567565441,0.9928032755851746
53,0.488303542137146,0.25701412558555603,-0.28335684537887573,0.999881386756897,0.48944008350372314,0.24137099087238312,-0.2684796452522278,0.9996554255485535,0.4903680682182312,0.241685688495636,-0.26850783824920654,0.9995905756950378,0.49106234312057495,0.2419539839029312,-0.26852697134017944,0.9995354413986206,0.48361313343048096,0.23927918076515198,-0.28484827280044556,0.9997771978378296,0.4802800416946411,0.23802055418491364,-0.2849045395851135,0.9997777938842773,0.47671687602996826,0.23677986860275269,-0.2849874794483185,0.9997929334640503,0.48640409111976624,0.24573330581188202,-0.16624373197555542,0.9988718628883362,0.46741142868995667,0.2389274537563324,-0.2207583636045456,0.9997559189796448,0.48634496331214905,0.2702186107635498,-0.24230855703353882,0.9997272491455078,0.4794274866580963,0.26992928981781006,-0.26147711277008057,0.999875009059906,0.4983457326889038,0.32726237177848816,-0.07785186916589737,0.9995841383934021,0.42155811190605164,0.3211440443992615,-0.16357780992984772,0.9998904466629028,0.49969610571861267,0.43354013562202454,-0.029066788032650948,0.8307084441184998,0.41432636976242065,0.4353654682636261,-0.15809203684329987,0.9897860288619995,0.4846746623516083,0.5145952105522156,-0.13052931427955627,0.7283965349197388,0.44274723529815674,0.502484917640686,-0.22620771825313568,0.970289409160614,0.48424991965293884,0.5433403849601746,-0.15819357335567474,0.6376960873603821,0.4478146433830261,0.5301330089569092,-0.26022690534591675,0.9422200322151184,0.4811077117919922,0.5367690920829773,-0.18589480221271515,0.6498720049858093,0.45302069187164307,0.5253072381019592,-0.276115357875824,0.9424507021903992,0.47930046916007996,0.5264125466346741,-0.1445547640323639,0.6101476550102234,0.45230942964553833,0.5142037272453308,-0.2330247461795807,0.9164252877235413,0.4762859046459198,0.5355105996131897,0.013372376561164856,0.9991775155067444,0.4326395094394684,0.5309857130050659,-0.013322781771421432,0.9995340704917908,0.4983823895454407,0.6797457933425903,0.043282147496938705,0.995823085308075,0.4074234068393707,0.672840416431427,-0.016877563670277596,0.9966556429862976,0.5023515224456787,0.8247912526130676,0.16862869262695312,0.9952200055122375,0.39909377694129944,0.8196192383766174,0.12116062641143799,0.997169554233551,0.49340248107910156,0.8494649529457092,0.17413169145584106,0.9525893926620483,0.40111398696899414,0.8436227440834045,0.12786315381526947,0.9450525641441345,0.5247321724891663,0.8764443397521973,0.06892479211091995,0.9908066987991333,0.38366296887397766,0.8548094630241394,0.01822485215961933,0.9928597211837769
54,0.4867307245731354,0.2569146752357483,-0.28030645847320557,0.9998754858970642,0.48819801211357117,0.24164070188999176,-0.2658662497997284,0.9996336698532104,0.4891918897628784,0.24228535592556,-0.26588597893714905,0.9995646476745605,0.4899795651435852,0.24290791153907776,-0.2659021019935608,0.999506413936615,0.4821762442588806,0.2392263412475586,-0.27731242775917053,0.9997656345367432,0.4788200557231903,0.23807816207408905,-0.2773708999156952,0.9997661709785461,0.4753091037273407,0.23696669936180115,-0.27746453881263733,0.9997835755348206,0.48579370975494385,0.24861185252666473,-0.16555117070674896,0.9988031387329102,0.46692436933517456,0.2403588742017746,-0.21441371738910675,0.9997400045394897,0.4848690629005432,0.2703157365322113,-0.24174824357032776,0.9997100830078125,0.477711945772171,0.2696748673915863,-0.25680866837501526,0.9998669028282166,0.4982856512069702,0.3291522264480591,-0.09157454967498779,0.9995253682136536,0.42153146862983704,0.32254666090011597,-0.1581992357969284,0.9998875856399536,0.49967333674430847,0.43705883622169495,-0.05077787861227989,0.8269306421279907,0.4145609140396118,0.437978059053421,-0.1492561399936676,0.9894990921020508,0.48320329189300537,0.5195154547691345,-0.13689538836479187,0.7194971442222595,0.44406071305274963,0.5088996887207031,-0.20789943635463715,0.970354437828064,0.4831836521625519,0.5468701124191284,-0.1636822372674942,0.629654049873352,0.45016202330589294,0.533889889717102,-0.23733702301979065,0.9423879981040955,0.47970151901245117,0.5404970645904541,-0.18905480206012726,0.6414938569068909,0.45475447177886963,0.5288028120994568,-0.25479593873023987,0.9425584077835083,0.4779467284679413,0.5301640033721924,-0.1496274471282959,0.6018452048301697,0.45356446504592896,0.5178442597389221,-0.2149983048439026,0.9167461395263672,0.47652819752693176,0.5360351800918579,0.006076048593968153,0.9991705417633057,0.4326009750366211,0.5320931673049927,-0.006035763304680586,0.9995436072349548,0.49847903847694397,0.6804206967353821,0.01608400233089924,0.9958562850952148,0.40764808654785156,0.6745668053627014,-0.008322781883180141,0.9967032670974731,0.5022761225700378,0.8249876499176025,0.1319584995508194,0.9953018426895142,0.4000214636325836,0.8203451633453369,0.12606306374073029,0.9972212910652161,0.49336153268814087,0.8490676283836365,0.13626624643802643,0.9533057808876038,0.40233102440834045,0.8466919660568237,0.1323675662279129,0.946937620639801,0.524179995059967,0.8758531808853149,0.03295810893177986,0.9909689426422119,0.38286346197128296,0.8542906045913696,0.028742525726556778,0.9929881691932678
55,0.48667436838150024,0.2576160430908203,-0.2675020098686218,0.9998684525489807,0.4879929721355438,0.244425430893898,-0.2545165419578552,0.999606192111969,0.4888453185558319,0.24515081942081451,-0.25453490018844604,0.9995309114456177,0.4894871413707733,0.24574150145053864,-0.25454476475715637,0.9994713068008423,0.48216572403907776,0.24193866550922394,-0.26584020256996155,0.9997517466545105,0.47881555557250977,0.24091774225234985,-0.26589301228523254,0.9997509717941284,0.4753360450267792,0.2398318201303482,-0.2659767270088196,0.999770998954773,0.48527219891548157,0.2502995431423187,-0.16228291392326355,0.9987220168113708,0.46708419919013977,0.24244841933250427,-0.2118561714887619,0.9997193217277527,0.48456236720085144,0.27154043316841125,-0.2307414710521698,0.9996911883354187,0.4775138199329376,0.2713451683521271,-0.24565142393112183,0.9998584985733032,0.49793562293052673,0.32929617166519165,-0.0891314297914505,0.9995021224021912,0.4215104877948761,0.3232746124267578,-0.15474897623062134,0.9998858571052551,0.49967262148857117,0.43626531958580017,-0.04552431404590607,0.8283714056015015,0.41469618678092957,0.438784122467041,-0.1419857293367386,0.9893399477005005,0.4825277328491211,0.5206234455108643,-0.1316794455051422,0.7202070355415344,0.4445936381816864,0.5122773051261902,-0.19424620270729065,0.9706836938858032,0.4826265275478363,0.5485156178474426,-0.1580176204442978,0.6303948760032654,0.4514178931713104,0.5389866232872009,-0.22193820774555206,0.9429759979248047,0.4791478216648102,0.5428025126457214,-0.18499016761779785,0.6421720385551453,0.45559677481651306,0.5325754284858704,-0.23926043510437012,0.9431142807006836,0.47730791568756104,0.5321704745292664,-0.14487501978874207,0.6022159457206726,0.4541587829589844,0.5210164189338684,-0.2008545696735382,0.9174985289573669,0.4765250086784363,0.5356972813606262,0.005045176949352026,0.9991461038589478,0.4326181411743164,0.5321242809295654,-0.0050041889771819115,0.9995427131652832,0.49842575192451477,0.6805275678634644,0.011073639616370201,0.9958509802818298,0.40795227885246277,0.6750024557113647,-0.008436085656285286,0.9966983199119568,0.5022133588790894,0.8251030445098877,0.11878534406423569,0.9953173995018005,0.40051618218421936,0.8213056921958923,0.11871297657489777,0.997247576713562,0.49327194690704346,0.8487253189086914,0.12253595143556595,0.9539093375205994,0.40287744998931885,0.848784327507019,0.12434349209070206,0.9484632015228271,0.5223739147186279,0.8757208585739136,0.02156677469611168,0.9910204410552979,0.3818034827709198,0.8539406657218933,0.02661762572824955,0.9930371046066284
56,0.48599424958229065,0.2572723627090454,-0.2828528583049774,0.9998571872711182,0.4874950349330902,0.24476100504398346,-0.2699078619480133,0.9995614886283875,0.48836570978164673,0.24563582241535187,-0.2699231207370758,0.9994792938232422,0.4890446960926056,0.24637861549854279,-0.2699413001537323,0.9994153380393982,0.4817432463169098,0.24223561584949493,-0.2803051173686981,0.9997271299362183,0.47845086455345154,0.24137616157531738,-0.2803674340248108,0.9997274875640869,0.4750097095966339,0.24048900604248047,-0.28045815229415894,0.9997520446777344,0.48508039116859436,0.25146666169166565,-0.17619673907756805,0.9985712766647339,0.4670214354991913,0.2437528520822525,-0.22283989191055298,0.9996909499168396,0.48391643166542053,0.2716119587421417,-0.24531292915344238,0.9996619820594788,0.4764861464500427,0.27191972732543945,-0.2590136229991913,0.9998472929000854,0.4978075921535492,0.32925546169281006,-0.0999811589717865,0.9994694590568542,0.4215090870857239,0.32401686906814575,-0.1645156741142273,0.9998852610588074,0.4996607005596161,0.43601956963539124,-0.05783754587173462,0.8304048776626587,0.4147704839706421,0.4403996467590332,-0.15361398458480835,0.9896039366722107,0.4811164140701294,0.5219929814338684,-0.14443327486515045,0.7221477031707764,0.44566047191619873,0.5171358585357666,-0.20469613373279572,0.9717603325843811,0.48156824707984924,0.5501317381858826,-0.1719386726617813,0.6323806643486023,0.45325708389282227,0.543293833732605,-0.23223063349723816,0.9447572231292725,0.47785255312919617,0.5445809364318848,-0.19705677032470703,0.644116222858429,0.4574006497859955,0.5370331406593323,-0.24928776919841766,0.9448514580726624,0.47589606046676636,0.5334451794624329,-0.1569806933403015,0.603735625743866,0.45536527037620544,0.5253279805183411,-0.21068066358566284,0.9198503494262695,0.47646740078926086,0.5356508493423462,0.005023015197366476,0.9991379380226135,0.43248048424720764,0.5320287346839905,-0.004985629580914974,0.9995492696762085,0.4982587695121765,0.6803471446037292,0.0135490782558918,0.9958706498146057,0.40805116295814514,0.676133394241333,-0.007674951571971178,0.9966741800308228,0.5021970868110657,0.8249298930168152,0.1257832944393158,0.9953595995903015,0.4006268382072449,0.8216961026191711,0.12225045263767242,0.9972485899925232,0.49317657947540283,0.8485888242721558,0.1299726516008377,0.9542012810707092,0.402902752161026,0.8486650586128235,0.12845410406589508,0.9492576718330383,0.5206041932106018,0.8745140433311462,0.02735138311982155,0.9910743236541748,0.38169220089912415,0.8545896410942078,0.025809725746512413,0.9930132627487183
57,0.4863308072090149,0.2571500837802887,-0.2713610529899597,0.999852180480957,0.4875337481498718,0.2445448935031891,-0.2578941285610199,0.999540388584137,0.48837602138519287,0.24539797008037567,-0.25791361927986145,0.999452531337738,0.4890466034412384,0.2461310774087906,-0.25792014598846436,0.9993856549263,0.4819626808166504,0.24209308624267578,-0.2699478566646576,0.9997166991233826,0.4787212312221527,0.24128606915473938,-0.27000173926353455,0.9997164607048035,0.47529536485671997,0.24049055576324463,-0.27008524537086487,0.9997431039810181,0.48506754636764526,0.25157782435417175,-0.16430047154426575,0.9984831809997559,0.4670347273349762,0.2441384494304657,-0.21811161935329437,0.9996781349182129,0.48418012261390686,0.2713574171066284,-0.2337307184934616,0.9996485114097595,0.4769110679626465,0.27166450023651123,-0.2496667504310608,0.999843180179596,0.4976978898048401,0.3291950523853302,-0.08762992918491364,0.9994547367095947,0.4215491712093353,0.32452407479286194,-0.16357959806919098,0.9998860359191895,0.4997607469558716,0.435625284910202,-0.043606556951999664,0.8302071690559387,0.4149402976036072,0.4411449432373047,-0.15294840931892395,0.9899226427078247,0.48073291778564453,0.5212998986244202,-0.1325659304857254,0.724859893321991,0.4457012414932251,0.5160906910896301,-0.20536425709724426,0.972920835018158,0.48092421889305115,0.5497831106185913,-0.1592416912317276,0.6351457834243774,0.45325157046318054,0.5424219965934753,-0.23460720479488373,0.9467995166778564,0.47726675868034363,0.5439242124557495,-0.18425507843494415,0.6468617916107178,0.4573485255241394,0.5357643961906433,-0.25056177377700806,0.9468483924865723,0.4753679633140564,0.5328136086463928,-0.14494986832141876,0.6063352227210999,0.4553018808364868,0.5243958830833435,-0.2111162394285202,0.9224291443824768,0.47651419043540955,0.5355609059333801,0.007290500216186047,0.9991275668144226,0.43241608142852783,0.5327801704406738,-0.0072446479462087154,0.9995526671409607,0.4980451464653015,0.6799979209899902,0.01962556689977646,0.9958167672157288,0.408253014087677,0.6775267720222473,-0.013858561404049397,0.9966837167739868,0.5021999478340149,0.8248079419136047,0.13277839124202728,0.9953094720840454,0.40059715509414673,0.8221783638000488,0.11344676464796066,0.9972517490386963,0.4931768774986267,0.8483614921569824,0.13756771385669708,0.9546423554420471,0.4028443992137909,0.8485825657844543,0.1193683072924614,0.9494282007217407,0.5197710394859314,0.8731196522712708,0.037663720548152924,0.9910278916358948,0.3833293914794922,0.8579416871070862,0.013032937422394753,0.9929884076118469
58,0.48649469017982483,0.2571501135826111,-0.27160361409187317,0.999854326248169,0.4875689148902893,0.24452196061611176,-0.25799989700317383,0.9995437860488892,0.48839977383613586,0.24531349539756775,-0.25801900029182434,0.9994571208953857,0.4890711009502411,0.24600869417190552,-0.2580249011516571,0.9993898868560791,0.4820701479911804,0.24215686321258545,-0.2700759768486023,0.9997191429138184,0.47884616255760193,0.24131059646606445,-0.27012771368026733,0.9997187852859497,0.4754393398761749,0.2404279112815857,-0.2702029049396515,0.9997450113296509,0.48508140444755554,0.25138452649116516,-0.16405202448368073,0.9985015392303467,0.46707040071487427,0.24397946894168854,-0.21761319041252136,0.9996799826622009,0.4843941330909729,0.2712562382221222,-0.23360607028007507,0.9996532201766968,0.4772112965583801,0.2716161906719208,-0.24955101311206818,0.9998453259468079,0.4977075457572937,0.3291097581386566,-0.08741974085569382,0.9994706511497498,0.4215574264526367,0.32500261068344116,-0.16102871298789978,0.9998868107795715,0.4998506009578705,0.43524447083473206,-0.042102303355932236,0.835899829864502,0.414947509765625,0.44100916385650635,-0.14835576713085175,0.9899686574935913,0.48234766721725464,0.5212057828903198,-0.13114826381206512,0.7348572015762329,0.4455365538597107,0.5153148174285889,-0.20279560983181,0.9734688401222229,0.48267146944999695,0.5505887866020203,-0.15765413641929626,0.6464810371398926,0.4528530538082123,0.5415557026863098,-0.2321477234363556,0.947744607925415,0.4791765511035919,0.5451152324676514,-0.18311427533626556,0.6579307913780212,0.45698925852775574,0.5351518988609314,-0.2491217404603958,0.9477970004081726,0.4769614040851593,0.5341383814811707,-0.14377355575561523,0.6175711750984192,0.45511579513549805,0.5239176750183105,-0.20913240313529968,0.9237547516822815,0.47660642862319946,0.5356189012527466,0.007361771538853645,0.9991360902786255,0.43241721391677856,0.5336204767227173,-0.007321708835661411,0.9995565414428711,0.49810847640037537,0.6819755434989929,0.02029293030500412,0.995931088924408,0.4096246361732483,0.6787360310554504,-0.004659777041524649,0.9967331290245056,0.5022021532058716,0.8262835741043091,0.1328463852405548,0.9954236149787903,0.40078097581863403,0.8226743936538696,0.11805018037557602,0.9973154067993164,0.49328863620758057,0.8495755195617676,0.13710716366767883,0.9548598527908325,0.403216689825058,0.8491253852844238,0.1233876645565033,0.9505045413970947,0.51960688829422,0.8740712404251099,0.03570624813437462,0.9912336468696594,0.3832172155380249,0.8577057123184204,0.018526963889598846,0.9931613206863403
59,0.4899846613407135,0.2594602704048157,-0.25532686710357666,0.999859094619751,0.4893784821033478,0.24610759317874908,-0.2429722100496292,0.9995579719543457,0.48976394534111023,0.24644258618354797,-0.24298296868801117,0.9994736313819885,0.4900507926940918,0.2467300444841385,-0.2429833561182022,0.9994094967842102,0.48499539494514465,0.2444390505552292,-0.2588566541671753,0.9997298717498779,0.4820344150066376,0.24347782135009766,-0.258905827999115,0.9997289180755615,0.4787532687187195,0.24236319959163666,-0.2589617371559143,0.9997539520263672,0.4851061999797821,0.2512236535549164,-0.15458588302135468,0.9985592365264893,0.4688590466976166,0.24426908791065216,-0.22108957171440125,0.99969083070755,0.48699209094047546,0.2721351087093353,-0.2191479355096817,0.999662458896637,0.4813283085823059,0.27271315455436707,-0.24009224772453308,0.9998499155044556,0.4976353943347931,0.3290407061576843,-0.08306778222322464,0.9994848966598511,0.4214688837528229,0.32575297355651855,-0.16881753504276276,0.9998891949653625,0.5002296566963196,0.4350219964981079,-0.03028579242527485,0.8392288088798523,0.41521596908569336,0.4420798420906067,-0.15410161018371582,0.9900941252708435,0.48426583409309387,0.5209179520606995,-0.10934294015169144,0.7397769689559937,0.44586625695228577,0.5159295797348022,-0.20129363238811493,0.974041223526001,0.48391368985176086,0.5506052374839783,-0.13205653429031372,0.6508210301399231,0.4531857371330261,0.5427815318107605,-0.22873924672603607,0.948752224445343,0.480845183134079,0.5447090268135071,-0.1579504907131195,0.6624875068664551,0.4572480022907257,0.5356690287590027,-0.24487052857875824,0.9488025307655334,0.4788891077041626,0.533950686454773,-0.12192658334970474,0.6222805976867676,0.45552581548690796,0.5242730379104614,-0.2070380002260208,0.9248842597007751,0.47659406065940857,0.5355120897293091,0.008769625797867775,0.9991119503974915,0.43248888850212097,0.5337706208229065,-0.008736335672438145,0.9995467662811279,0.4982071816921234,0.6822358965873718,0.020662782713770866,0.9960264563560486,0.41100138425827026,0.6786643862724304,-0.008359982632100582,0.9967685341835022,0.5021810531616211,0.8264047503471375,0.1249762624502182,0.9954870939254761,0.40117427706718445,0.8232905268669128,0.10694119334220886,0.9973602890968323,0.4932616055011749,0.8496981263160706,0.12829318642616272,0.9553702473640442,0.4035920202732086,0.8497404456138611,0.11140458285808563,0.9515017867088318,0.5189969539642334,0.8738986253738403,0.029035184532403946,0.9913605451583862,0.38315021991729736,0.8575788736343384,0.008112412877380848,0.9932700395584106
60,0.4902721643447876,0.25932496786117554,-0.2583159804344177,0.9998663067817688,0.48957356810569763,0.24562986195087433,-0.24516534805297852,0.9995805621147156,0.4899883568286896,0.24578382074832916,-0.24517765641212463,0.9994996190071106,0.4902920126914978,0.24591757357120514,-0.24517685174942017,0.9994385838508606,0.4850257933139801,0.24422864615917206,-0.2601538598537445,0.9997446537017822,0.4819755256175995,0.24320754408836365,-0.26020243763923645,0.9997435212135315,0.4786281883716583,0.24203260242938995,-0.26025596261024475,0.9997673630714417,0.4851805567741394,0.25040847063064575,-0.15460197627544403,0.9986335635185242,0.4688664972782135,0.24355672299861908,-0.22112800180912018,0.9997075796127319,0.48749250173568726,0.27176782488822937,-0.22161005437374115,0.9996780157089233,0.48168468475341797,0.27240636944770813,-0.24141855537891388,0.9998577833175659,0.49763554334640503,0.3290961980819702,-0.08268926292657852,0.999496340751648,0.4214940071105957,0.32576873898506165,-0.17018136382102966,0.9998931288719177,0.5002310872077942,0.43504324555397034,-0.030205242335796356,0.8414481282234192,0.41521504521369934,0.44251754879951477,-0.15773196518421173,0.9904067516326904,0.48475584387779236,0.5206383466720581,-0.10968664288520813,0.7434418797492981,0.4465523958206177,0.5176848769187927,-0.20162564516067505,0.9749948382377625,0.4844435155391693,0.5512157678604126,-0.1331627517938614,0.6540155410766602,0.4537842869758606,0.545539140701294,-0.2305898368358612,0.9503222703933716,0.48163753747940063,0.5458317995071411,-0.15893332660198212,0.6656880378723145,0.45795395970344543,0.5386142134666443,-0.24702127277851105,0.95032799243927,0.47968947887420654,0.5346502065658569,-0.12230971455574036,0.6258576512336731,0.4563257396221161,0.5266745686531067,-0.2077282965183258,0.9269049763679504,0.47649261355400085,0.5360794067382812,0.00922364927828312,0.999125599861145,0.4324793815612793,0.5339787602424622,-0.009199267253279686,0.999553918838501,0.4984751045703888,0.6822461485862732,0.020763184875249863,0.9961032271385193,0.41161420941352844,0.6793686747550964,-0.007092481479048729,0.9968026280403137,0.5022908449172974,0.8267419338226318,0.12730582058429718,0.9955518841743469,0.4013651907444,0.8237417340278625,0.11108280718326569,0.9973976612091064,0.4935910999774933,0.850114107131958,0.13092057406902313,0.955872654914856,0.4040271043777466,0.8499962687492371,0.11576765030622482,0.9522315859794617,0.5189580917358398,0.8741030693054199,0.030054457485675812,0.9914897680282593,0.3827616274356842,0.8574215173721313,0.013781022280454636,0.9933815598487854
61,0.48876890540122986,0.25509631633758545,-0.2610394060611725,0.9998736381530762,0.4885129928588867,0.24166454374790192,-0.24698279798030853,0.9996042847633362,0.4892391562461853,0.2420181781053543,-0.24699711799621582,0.9995272159576416,0.48980653285980225,0.24238035082817078,-0.2469964623451233,0.9994685053825378,0.48325660824775696,0.2398141324520111,-0.26052287220954895,0.9997590184211731,0.48011496663093567,0.23885424435138702,-0.2605692744255066,0.999758243560791,0.4767223000526428,0.23802563548088074,-0.26062217354774475,0.9997803568840027,0.48517486453056335,0.24829423427581787,-0.1530156433582306,0.9986981749534607,0.4682023227214813,0.24192479252815247,-0.21235929429531097,0.9997244477272034,0.4870341122150421,0.26793596148490906,-0.22369074821472168,0.9996951222419739,0.48069456219673157,0.2687515616416931,-0.24191167950630188,0.9998657703399658,0.49762213230133057,0.32950180768966675,-0.0783211961388588,0.9995057582855225,0.4215543866157532,0.3258407413959503,-0.16964758932590485,0.9998971223831177,0.5000404119491577,0.43495553731918335,-0.03027694672346115,0.8428974747657776,0.4153962731361389,0.44230562448501587,-0.1582944691181183,0.9908243417739868,0.4846838712692261,0.5210069417953491,-0.11068391799926758,0.7490315437316895,0.44741663336753845,0.5208664536476135,-0.20586878061294556,0.9762546420097351,0.4843253493309021,0.5513762831687927,-0.13523751497268677,0.6594557166099548,0.4549366533756256,0.5480389595031738,-0.23544253408908844,0.9524437785148621,0.48139917850494385,0.5462416410446167,-0.16065707802772522,0.6709285378456116,0.4589954912662506,0.5424179434776306,-0.25061747431755066,0.9523816704750061,0.4795602262020111,0.5354466438293457,-0.12324444949626923,0.6313455700874329,0.45733821392059326,0.5313568711280823,-0.21135549247264862,0.9298199415206909,0.4763202369213104,0.5370367765426636,0.00997391901910305,0.9991735219955444,0.43247556686401367,0.5344746112823486,-0.00995547417551279,0.9995745420455933,0.4986116290092468,0.68331378698349,0.021183354780077934,0.9961715340614319,0.41238996386528015,0.6792381405830383,0.00607641926035285,0.9968094825744629,0.5023165345191956,0.8294935822486877,0.1282925009727478,0.9956408143043518,0.40138453245162964,0.8237478733062744,0.14128589630126953,0.9974216222763062,0.49356091022491455,0.8536973595619202,0.13184091448783875,0.9571256041526794,0.4037933945655823,0.8498634099960327,0.14793948829174042,0.9525859355926514,0.5205294489860535,0.8784647583961487,0.03029896877706051,0.9916510581970215,0.38263943791389465,0.8570737242698669,0.04487244784832001,0.9935036301612854
62,0.48710349202156067,0.2543690502643585,-0.2793242037296295,0.9998719692230225,0.48745739459991455,0.24147534370422363,-0.2647252380847931,0.9996011257171631,0.48831647634506226,0.24195612967014313,-0.26474621891975403,0.9995241761207581,0.4890197813510895,0.24238328635692596,-0.2647534906864166,0.9994634389877319,0.4818984568119049,0.23928391933441162,-0.2768688201904297,0.9997547268867493,0.47866585850715637,0.23830397427082062,-0.276918888092041,0.9997552037239075,0.4752078056335449,0.23751644790172577,-0.276981920003891,0.9997761845588684,0.4847101867198944,0.2489319145679474,-0.1647883504629135,0.9986739158630371,0.46736305952072144,0.24194569885730743,-0.21966402232646942,0.9997191429138184,0.48551294207572937,0.2679503858089447,-0.2396155744791031,0.9996913075447083,0.4783707857131958,0.2687511146068573,-0.2558697462081909,0.9998636245727539,0.4976005554199219,0.32946354150772095,-0.08153767138719559,0.9995090961456299,0.4215523302555084,0.32600370049476624,-0.17180615663528442,0.9998973608016968,0.49984264373779297,0.4349471628665924,-0.03657769411802292,0.8455305695533752,0.41538718342781067,0.44194144010543823,-0.16411593556404114,0.991000235080719,0.484445720911026,0.5217805504798889,-0.12605737149715424,0.7561032772064209,0.44717830419540405,0.5198616981506348,-0.22449873387813568,0.9771114587783813,0.4842638671398163,0.5514844655990601,-0.15305469930171967,0.6668821573257446,0.45297738909721375,0.5472999215126038,-0.25690847635269165,0.9540449380874634,0.4810832440853119,0.5465271472930908,-0.18036851286888123,0.6782568693161011,0.4583534300327301,0.5411586761474609,-0.27401190996170044,0.953971266746521,0.479045033454895,0.5359482765197754,-0.13955411314964294,0.6390264630317688,0.45700448751449585,0.5300524234771729,-0.23110216856002808,0.9319787621498108,0.4763049781322479,0.5370136499404907,0.011773427948355675,0.9991956949234009,0.4324210584163666,0.5344383716583252,-0.011744481511414051,0.9995809197425842,0.49846935272216797,0.6834429502487183,0.02620706520974636,0.9961333274841309,0.4124041497707367,0.6790099740028381,0.0028119911439716816,0.9967445731163025,0.5023072957992554,0.8299962878227234,0.13646158576011658,0.9955743551254272,0.40136006474494934,0.8237043619155884,0.1333804577589035,0.9973828196525574,0.4934697449207306,0.8542107939720154,0.14042231440544128,0.9574936628341675,0.4030168950557709,0.8495893478393555,0.13946513831615448,0.9518469572067261,0.5204888582229614,0.8780786991119385,0.03808368369936943,0.9915504455566406,0.38344717025756836,0.8571150302886963,0.03446831926703453,0.9934449791908264
63,0.48642653226852417,0.25180670619010925,-0.2806459665298462,0.9998661875724792,0.4870188534259796,0.23851057887077332,-0.26539909839630127,0.9995855093002319,0.48801475763320923,0.2390947937965393,-0.26543110609054565,0.9995059370994568,0.48884233832359314,0.23971854150295258,-0.2654447853565216,0.9994409680366516,0.4811308979988098,0.236301451921463,-0.27703407406806946,0.9997416138648987,0.47779381275177,0.23533478379249573,-0.2770824134349823,0.9997421503067017,0.4742385745048523,0.23463262617588043,-0.2771499454975128,0.9997642040252686,0.48476579785346985,0.24710653722286224,-0.1643078327178955,0.9986069798469543,0.4666934907436371,0.23979416489601135,-0.21761681139469147,0.9997081756591797,0.4853038489818573,0.2657662630081177,-0.24059417843818665,0.9996805191040039,0.47785621881484985,0.26628005504608154,-0.2559940814971924,0.9998601675033569,0.49775001406669617,0.3295629918575287,-0.08016136288642883,0.9995102286338806,0.42154890298843384,0.3256051540374756,-0.17152772843837738,0.9998977780342102,0.49977055191993713,0.4351169466972351,-0.03934032842516899,0.8466251492500305,0.41538137197494507,0.4414713978767395,-0.16218999028205872,0.9912797808647156,0.4856517016887665,0.5212910175323486,-0.1417774111032486,0.7607016563415527,0.44703617691993713,0.5193530321121216,-0.22596149146556854,0.9779170155525208,0.4851602017879486,0.551355242729187,-0.1722777932882309,0.6718955636024475,0.45305630564689636,0.5471318960189819,-0.2595931589603424,0.9553962349891663,0.48182764649391174,0.5458573698997498,-0.1995476335287094,0.6832756996154785,0.45835310220718384,0.5408646464347839,-0.2765968441963196,0.9553118348121643,0.4798505902290344,0.5352863073348999,-0.15585698187351227,0.6442588567733765,0.4570678770542145,0.5298063158988953,-0.23266498744487762,0.9339075088500977,0.47563430666923523,0.5353192090988159,0.013615917414426804,0.9992102980613708,0.43098193407058716,0.5326905250549316,-0.013567683286964893,0.9995874762535095,0.49845272302627563,0.682106614112854,0.026446670293807983,0.9959734678268433,0.4122646749019623,0.6789197325706482,-0.006449207663536072,0.9966340065002441,0.5023054480552673,0.8298096656799316,0.13837584853172302,0.9954009652137756,0.40134352445602417,0.8236685395240784,0.12846186757087708,0.9972525835037231,0.49345144629478455,0.8541504740715027,0.14235344529151917,0.9567046761512756,0.40291616320610046,0.849514901638031,0.13492359220981598,0.9499064683914185,0.5205482244491577,0.8778574466705322,0.03795003890991211,0.9911680221557617,0.3842802047729492,0.8574747443199158,0.021409574896097183,0.9931596517562866
64,0.48704636096954346,0.2528758645057678,-0.2839865982532501,0.9998670816421509,0.48770013451576233,0.23905052244663239,-0.26950791478157043,0.9995875954627991,0.488627165555954,0.23942017555236816,-0.2695367634296417,0.9995083212852478,0.4894075393676758,0.23987124860286713,-0.2695518732070923,0.9994434714317322,0.48204147815704346,0.23737533390522003,-0.28222981095314026,0.9997431039810181,0.47876664996147156,0.23646536469459534,-0.28228244185447693,0.9997435808181763,0.4752357304096222,0.2356872260570526,-0.2823515832424164,0.999765932559967,0.48495861887931824,0.24696551263332367,-0.17020805180072784,0.99861079454422,0.4669749438762665,0.23981037735939026,-0.22822068631649017,0.999713122844696,0.48555484414100647,0.26631009578704834,-0.24434061348438263,0.9996823668479919,0.47834792733192444,0.26685506105422974,-0.2611679434776306,0.9998632669448853,0.49784234166145325,0.3294815123081207,-0.08737055212259293,0.9995096921920776,0.42181822657585144,0.32508331537246704,-0.17708982527256012,0.9998993873596191,0.4991030693054199,0.4351407587528229,-0.048955243080854416,0.8473276495933533,0.4155602753162384,0.4418410658836365,-0.1726914942264557,0.99173903465271,0.48586905002593994,0.5213401913642883,-0.14686134457588196,0.7644407749176025,0.4489712715148926,0.5237334370613098,-0.23015566170215607,0.9788843393325806,0.48586609959602356,0.5520637035369873,-0.17596009373664856,0.6756494641304016,0.4555436074733734,0.5509927868843079,-0.26150500774383545,0.9569056034088135,0.4826732575893402,0.546204686164856,-0.20251888036727905,0.6872379779815674,0.46140700578689575,0.5459044575691223,-0.27651888132095337,0.9568012356758118,0.48059576749801636,0.5357435345649719,-0.1605137437582016,0.6481684446334839,0.4600743055343628,0.5345113277435303,-0.23554666340351105,0.9359822273254395,0.4755015969276428,0.5338888764381409,0.013340095058083534,0.9991860389709473,0.43068745732307434,0.5318021774291992,-0.013281089253723621,0.9995781183242798,0.4981081783771515,0.6809040307998657,0.012886962853372097,0.9959360957145691,0.41264858841896057,0.6782907843589783,-0.016211796551942825,0.9965526461601257,0.5020470023155212,0.8297332525253296,0.11868634074926376,0.9953184723854065,0.4014504849910736,0.8236069679260254,0.10520140826702118,0.9971368908882141,0.49344438314437866,0.8540645241737366,0.1221243143081665,0.9567638039588928,0.40291768312454224,0.8493141531944275,0.11021851003170013,0.949009120464325,0.5172969102859497,0.8714415431022644,0.01764202117919922,0.9909321069717407,0.38638848066329956,0.85843825340271,-0.0004933258169330657,0.992845892906189
65,0.4889526069164276,0.25365936756134033,-0.28359705209732056,0.9998658299446106,0.48869046568870544,0.23953814804553986,-0.26775044202804565,0.9995821118354797,0.48925697803497314,0.2396364063024521,-0.26777419447898865,0.9995019435882568,0.4897492527961731,0.2398967295885086,-0.267782062292099,0.999437689781189,0.48388344049453735,0.2386038899421692,-0.2799002230167389,0.9997397661209106,0.4807532727718353,0.23784369230270386,-0.27995172142982483,0.999739944934845,0.47728490829467773,0.237089142203331,-0.280019074678421,0.9997633099555969,0.4848860800266266,0.24671514332294464,-0.16859272122383118,0.9986083507537842,0.46764546632766724,0.2403351366519928,-0.23562590777873993,0.9997113943099976,0.48637649416923523,0.2665320932865143,-0.24397943913936615,0.9996802806854248,0.4799948036670685,0.26743143796920776,-0.2590741217136383,0.9998636841773987,0.4979071021080017,0.32758253812789917,-0.08553329855203629,0.9995154142379761,0.4223681390285492,0.3241759240627289,-0.18548280000686646,0.9998999238014221,0.49907153844833374,0.4342203736305237,-0.03787942975759506,0.8478620052337646,0.41538897156715393,0.44177478551864624,-0.17947643995285034,0.9922221302986145,0.4862767457962036,0.5212087035179138,-0.12897463142871857,0.7672455906867981,0.44895702600479126,0.5227970480918884,-0.2308778464794159,0.9799804091453552,0.48637428879737854,0.5519503951072693,-0.15531328320503235,0.6771296858787537,0.4557929039001465,0.5501018166542053,-0.26145032048225403,0.9586891531944275,0.4832608997821808,0.5460951924324036,-0.18239670991897583,0.6892834901809692,0.46154800057411194,0.544713020324707,-0.27537497878074646,0.9585449695587158,0.48122966289520264,0.5356345176696777,-0.14287789165973663,0.6502699851989746,0.4600568413734436,0.5333715081214905,-0.2355751246213913,0.9382220506668091,0.47522836923599243,0.5307611227035522,0.013225961476564407,0.9991264343261719,0.4306533932685852,0.5299365520477295,-0.013174344785511494,0.9995447397232056,0.4974977672100067,0.6776684522628784,0.012328211218118668,0.99550861120224,0.412645548582077,0.6770750284194946,-0.024860015138983727,0.9961183071136475,0.5017203092575073,0.8291873335838318,0.11896887421607971,0.994746208190918,0.40200990438461304,0.823584258556366,0.09752459824085236,0.9967437386512756,0.493429571390152,0.8523780107498169,0.12279903888702393,0.9550163149833679,0.40304476022720337,0.8492084741592407,0.1029871329665184,0.9464654922485352,0.5151798129081726,0.8685935139656067,0.01933831349015236,0.9900600910186768,0.3892819583415985,0.8600976467132568,-0.008439132943749428,0.991943359375
66,0.4908173680305481,0.25318220257759094,-0.28428915143013,0.9998658299446106,0.4899497330188751,0.23837949335575104,-0.2694176435470581,0.9995835423469543,0.490298330783844,0.2381046712398529,-0.2694467008113861,0.9995036125183105,0.4905695617198944,0.23794510960578918,-0.2694604694843292,0.9994407296180725,0.48564210534095764,0.23800672590732574,-0.2861981987953186,0.9997394680976868,0.48257553577423096,0.23729337751865387,-0.286251038312912,0.9997398257255554,0.4790748059749603,0.23656626045703888,-0.2863248884677887,0.9997629523277283,0.4849509298801422,0.24247199296951294,-0.16883859038352966,0.998603343963623,0.4685027301311493,0.239109605550766,-0.2486841380596161,0.9997178912162781,0.48817184567451477,0.2652980387210846,-0.243657186627388,0.999683141708374,0.48263078927993774,0.2664327323436737,-0.2651621103286743,0.9998671412467957,0.49798253178596497,0.32664480805397034,-0.07519479840993881,0.9995343685150146,0.42243921756744385,0.3226686120033264,-0.20899271965026855,0.999904453754425,0.4990992248058319,0.43412336707115173,-0.026406096294522285,0.8467926979064941,0.41525495052337646,0.4417317807674408,-0.20784585177898407,0.9927569031715393,0.48779115080833435,0.521123468875885,-0.12662526965141296,0.7691230177879333,0.4502090811729431,0.5238543748855591,-0.2528824806213379,0.9811043739318848,0.48756924271583557,0.5526456236839294,-0.15415479242801666,0.6776000261306763,0.45891010761260986,0.5522468090057373,-0.284599244594574,0.9605273604393005,0.484847754240036,0.5469925403594971,-0.18153399229049683,0.6905949115753174,0.46424028277397156,0.5462433099746704,-0.29818931221961975,0.960334300994873,0.4831155836582184,0.5357503294944763,-0.14122451841831207,0.6519930958747864,0.4622114896774292,0.5348721742630005,-0.25704333186149597,0.9404878616333008,0.47430023550987244,0.5290094017982483,0.02504836395382881,0.999128520488739,0.42954057455062866,0.5286950469017029,-0.02498217485845089,0.999537467956543,0.4972829520702362,0.6757881045341492,0.013682403601706028,0.9948639273643494,0.4130350947380066,0.6740557551383972,-0.04295912757515907,0.9957830905914307,0.5016939640045166,0.8292140960693359,0.1219320297241211,0.9943040013313293,0.40214306116104126,0.8233228325843811,0.08498101681470871,0.9964404702186584,0.49338528513908386,0.8523237705230713,0.12570717930793762,0.9557994604110718,0.40302908420562744,0.8483373522758484,0.09091745316982269,0.9448716640472412,0.5154232978820801,0.8687036633491516,0.022529983893036842,0.9895032644271851,0.3910270035266876,0.860626220703125,-0.022136254236102104,0.9913605451583862
67,0.4913574159145355,0.25331592559814453,-0.30259376764297485,0.9998695850372314,0.4903421998023987,0.2384347915649414,-0.2878209352493286,0.9995973706245422,0.4907016456127167,0.2382582426071167,-0.28784844279289246,0.9995203614234924,0.49096518754959106,0.23815438151359558,-0.28787410259246826,0.999459445476532,0.4858800172805786,0.23822806775569916,-0.30601969361305237,0.9997482299804688,0.48274412751197815,0.23757784068584442,-0.3060806691646576,0.9997488856315613,0.47920891642570496,0.2368517518043518,-0.30614402890205383,0.9997708201408386,0.48502209782600403,0.24230645596981049,-0.18100063502788544,0.9986410737037659,0.46868041157722473,0.23913508653640747,-0.26400133967399597,0.9997334480285645,0.48897895216941833,0.26538005471229553,-0.2590665817260742,0.9996945261955261,0.48325279355049133,0.2664833962917328,-0.28301891684532166,0.9998733401298523,0.4980122148990631,0.32578346133232117,-0.0737457126379013,0.9995522499084473,0.42254501581192017,0.32172301411628723,-0.22528263926506042,0.9999096989631653,0.4991297423839569,0.4337838292121887,-0.020482420921325684,0.8445215821266174,0.4152825176715851,0.4411270022392273,-0.22435611486434937,0.9932777881622314,0.4883565306663513,0.5210598707199097,-0.12161329388618469,0.7706008553504944,0.4500310719013214,0.5236209630966187,-0.27307191491127014,0.9822461605072021,0.4877544939517975,0.5525701642036438,-0.1485811024904251,0.6780458092689514,0.4585736095905304,0.5515860319137573,-0.30819323658943176,0.9625166058540344,0.48521992564201355,0.546480119228363,-0.17848461866378784,0.6915831565856934,0.46366438269615173,0.5458654761314392,-0.32061854004859924,0.9622979760169983,0.48359885811805725,0.5354053378105164,-0.13733842968940735,0.6539161801338196,0.4617646634578705,0.5342820286750793,-0.27720919251441956,0.9430678486824036,0.47396039962768555,0.5286832451820374,0.03314208984375,0.9991416931152344,0.4293467402458191,0.5287604928016663,-0.03308296576142311,0.9995445609092712,0.4940001368522644,0.6747055053710938,0.06064899265766144,0.9947855472564697,0.4129747450351715,0.6776392459869385,-0.032287273555994034,0.9958977699279785,0.5014901757240295,0.8283692598342896,0.186658576130867,0.9943148493766785,0.40213173627853394,0.823699414730072,0.08830304443836212,0.9965377449989319,0.49322232604026794,0.850975513458252,0.1922781616449356,0.9572246670722961,0.4030294418334961,0.8481892347335815,0.09133541584014893,0.9449209570884705,0.5181922316551208,0.8688479065895081,0.09128398448228836,0.9895431399345398,0.39124441146850586,0.8644989132881165,-0.009957456961274147,0.9915655255317688
68,0.49115604162216187,0.25349730253219604,-0.2823065519332886,0.999874472618103,0.4902724623680115,0.23872438073158264,-0.2673352062702179,0.9996116757392883,0.49065545201301575,0.23847898840904236,-0.2673705518245697,0.9995365142822266,0.4909413754940033,0.23825861513614655,-0.26738718152046204,0.9994764924049377,0.4857388138771057,0.23849862813949585,-0.28449612855911255,0.9997572898864746,0.48259493708610535,0.23782981932163239,-0.284545361995697,0.9997577667236328,0.47906506061553955,0.2370530068874359,-0.28460246324539185,0.9997786283493042,0.4848943054676056,0.24249207973480225,-0.1634073108434677,0.9986769556999207,0.46867436170578003,0.23917719721794128,-0.24167537689208984,0.9997456669807434,0.48881685733795166,0.2654280662536621,-0.240098774433136,0.9997060298919678,0.48296865820884705,0.2664963901042938,-0.2627052962779999,0.9998787045478821,0.49817630648612976,0.325660765171051,-0.06460556387901306,0.9995688199996948,0.42257562279701233,0.3209521770477295,-0.21825210750102997,0.9999136328697205,0.49931997060775757,0.43329188227653503,-0.014175767078995705,0.8470511436462402,0.4155068099498749,0.4400046765804291,-0.21013563871383667,0.9936636686325073,0.4888140857219696,0.5206668376922607,-0.11077366024255753,0.7772762775421143,0.44989022612571716,0.5223600268363953,-0.2592851221561432,0.983230471611023,0.48778036236763,0.552057683467865,-0.13662157952785492,0.6846284866333008,0.45833712816238403,0.5510323643684387,-0.2894292175769806,0.9642893075942993,0.4853872060775757,0.5454630255699158,-0.16531254351139069,0.6984884738922119,0.4634251892566681,0.5439940094947815,-0.3079637289047241,0.9640715718269348,0.48396366834640503,0.5340018272399902,-0.12544268369674683,0.6613031625747681,0.4615352749824524,0.5328208208084106,-0.26649683713912964,0.9454819560050964,0.4738990068435669,0.5287036895751953,0.028190618380904198,0.9991511106491089,0.42933085560798645,0.5287103652954102,-0.028136592358350754,0.9995586276054382,0.4899369776248932,0.6738904118537903,0.05635840445756912,0.9946696758270264,0.4127856194972992,0.6707926392555237,-0.03620843216776848,0.9960160255432129,0.5014866590499878,0.8272626996040344,0.18120621144771576,0.9942985773086548,0.402118057012558,0.821100115776062,0.08973342925310135,0.9966332912445068,0.49321645498275757,0.849932074546814,0.1868581473827362,0.9581700563430786,0.4031122922897339,0.8438310623168945,0.09511115401983261,0.9458653926849365,0.5183643698692322,0.8674249649047852,0.08763470500707626,0.9895564317703247,0.3908442258834839,0.8640837669372559,-0.014512119814753532,0.9917623996734619
69,0.49018004536628723,0.26347965002059937,-0.2854233384132385,0.9998739361763,0.48978322744369507,0.24887096881866455,-0.2717660069465637,0.9996040463447571,0.4901193380355835,0.2484860122203827,-0.2717978060245514,0.9995273351669312,0.4903913736343384,0.2478857785463333,-0.2718229293823242,0.9994680881500244,0.48548200726509094,0.24789875745773315,-0.28724029660224915,0.9997535943984985,0.48244723677635193,0.24672162532806396,-0.2872902452945709,0.9997531771659851,0.4790084660053253,0.24515214562416077,-0.2873505651950836,0.9997740983963013,0.48446816205978394,0.24806998670101166,-0.17104290425777435,0.9986562728881836,0.46865910291671753,0.2440318912267685,-0.2413020133972168,0.9997414350509644,0.487059086561203,0.27437570691108704,-0.24406783282756805,0.9997048377990723,0.4815712869167328,0.27487269043922424,-0.26463669538497925,0.9998775124549866,0.49817386269569397,0.3256740868091583,-0.07732757180929184,0.9995816349983215,0.4225177764892578,0.32102900743484497,-0.2099045366048813,0.9999141097068787,0.4998316466808319,0.4313335120677948,-0.029342254623770714,0.8529084324836731,0.4155784845352173,0.4400114119052887,-0.20010985434055328,0.9938397407531738,0.4895575940608978,0.5205915570259094,-0.1228659451007843,0.7853952050209045,0.44976332783699036,0.5221649408340454,-0.24987350404262543,0.9835932850837708,0.4880092442035675,0.5519582033157349,-0.14879631996154785,0.6931473612785339,0.45807722210884094,0.5507158041000366,-0.2805688977241516,0.9648221731185913,0.48565325140953064,0.5442410111427307,-0.17803528904914856,0.7071301341056824,0.463129460811615,0.5436286926269531,-0.2969871461391449,0.9646127223968506,0.4845036268234253,0.5323482751846313,-0.1374470740556717,0.6701623201370239,0.46129247546195984,0.5323513746261597,-0.25598421692848206,0.946056604385376,0.47393324971199036,0.528788149356842,0.02129599079489708,0.9991255402565002,0.4293542504310608,0.5287505984306335,-0.021206093952059746,0.9995540976524353,0.4895283579826355,0.6731659770011902,0.05183954909443855,0.9947372674942017,0.4111984074115753,0.670042097568512,-0.03227958828210831,0.9961051344871521,0.5016018152236938,0.8264708518981934,0.16722849011421204,0.9943639636039734,0.4020445942878723,0.8211390972137451,0.09229137003421783,0.9967159032821655,0.49376070499420166,0.8490816354751587,0.17171096801757812,0.9586299657821655,0.4032517373561859,0.8439098596572876,0.09761511534452438,0.9468927383422852,0.5183187127113342,0.8660659790039062,0.0720062106847763,0.9896292686462402,0.3899470567703247,0.8639348745346069,-0.013818513602018356,0.9918696880340576
70,0.48879989981651306,0.2695499062538147,-0.31078407168388367,0.9998747110366821,0.4891229569911957,0.25430163741111755,-0.2979753315448761,0.9996019005775452,0.4895739257335663,0.25396305322647095,-0.2980008125305176,0.9995258450508118,0.48998481035232544,0.25337865948677063,-0.2980367839336395,0.9994681477546692,0.48465949296951294,0.2529626488685608,-0.3129967153072357,0.9997533559799194,0.4816887080669403,0.2515960931777954,-0.3130556643009186,0.9997529983520508,0.4783630669116974,0.24976131319999695,-0.31311747431755066,0.9997739195823669,0.48442158102989197,0.25229164958000183,-0.1951754242181778,0.998649001121521,0.4683813452720642,0.24763129651546478,-0.26296696066856384,0.9997437596321106,0.48568499088287354,0.2804900109767914,-0.26813891530036926,0.9997031688690186,0.47984591126441956,0.28056424856185913,-0.2879411578178406,0.9998767375946045,0.4982132017612457,0.3259694576263428,-0.09412626177072525,0.9995887279510498,0.42246297001838684,0.3220169246196747,-0.20863214135169983,0.9999151825904846,0.4997706413269043,0.4334438741207123,-0.044422950595617294,0.8530293703079224,0.41624438762664795,0.4406847357749939,-0.20144496858119965,0.9939537048339844,0.4896494150161743,0.5209146738052368,-0.14168713986873627,0.784515380859375,0.4497102200984955,0.5225082635879517,-0.2586996555328369,0.9837555885314941,0.48803091049194336,0.5520159006118774,-0.168130025267601,0.6913200616836548,0.4578918218612671,0.5512788891792297,-0.2925301790237427,0.9650338292121887,0.4858538806438446,0.5445239543914795,-0.1981014758348465,0.7057375907897949,0.46293166279792786,0.5443421006202698,-0.30651214718818665,0.9648306965827942,0.48471158742904663,0.5336466431617737,-0.15672940015792847,0.6683699488639832,0.4611240327358246,0.5326271057128906,-0.2640102207660675,0.9460406303405762,0.47422072291374207,0.5286886096000671,0.02037036418914795,0.999100923538208,0.4295561611652374,0.5287686586380005,-0.020286859944462776,0.9995526075363159,0.49018970131874084,0.6736541390419006,0.04514000937342644,0.9949406385421753,0.41038092970848083,0.6703353524208069,-0.03559831157326698,0.9962846040725708,0.5019813179969788,0.8263675570487976,0.16223664581775665,0.9945594668388367,0.40203455090522766,0.8211929202079773,0.09377551823854446,0.9968519806861877,0.4944871664047241,0.8489548563957214,0.1672666370868683,0.9594101309776306,0.4034532308578491,0.8439717292785645,0.09966255724430084,0.9479828476905823,0.5183084011077881,0.8661227226257324,0.06399765610694885,0.9898710250854492,0.3896479308605194,0.8637495636940002,-0.01376794558018446,0.9921136498451233
71,0.4880727231502533,0.2689198851585388,-0.31404685974121094,0.9998785257339478,0.48865798115730286,0.25332996249198914,-0.2982977628707886,0.9996153116226196,0.48930439352989197,0.2529696822166443,-0.2983287572860718,0.999542236328125,0.4898604154586792,0.25239041447639465,-0.2983554005622864,0.9994874596595764,0.4837600588798523,0.252235472202301,-0.31123897433280945,0.9997606873512268,0.48073408007621765,0.2509342133998871,-0.3112993836402893,0.9997602701187134,0.477419376373291,0.24908021092414856,-0.3113538920879364,0.9997812509536743,0.484664648771286,0.2518802881240845,-0.18973810970783234,0.9986869692802429,0.46809911727905273,0.2472255527973175,-0.25434204936027527,0.9997496604919434,0.48567330837249756,0.27982956171035767,-0.2705613672733307,0.9997080564498901,0.4795989692211151,0.2803625464439392,-0.2877616286277771,0.9998771548271179,0.49852439761161804,0.32743361592292786,-0.09463637322187424,0.9995906352996826,0.4226958453655243,0.3235877454280853,-0.1903894990682602,0.9999123811721802,0.5000385046005249,0.4331033527851105,-0.048116039484739304,0.8513220548629761,0.4162551760673523,0.4386797547340393,-0.18443180620670319,0.9934899806976318,0.4895060956478119,0.5209193825721741,-0.15015839040279388,0.780500054359436,0.43942829966545105,0.5061694383621216,-0.2612057030200958,0.9826720952987671,0.48797494173049927,0.551692545413971,-0.17765726149082184,0.6873661279678345,0.44063833355903625,0.5293425917625427,-0.298606812953949,0.9633713960647583,0.4855996072292328,0.5443568229675293,-0.20804470777511597,0.7015848755836487,0.44660699367523193,0.5209426283836365,-0.3150280714035034,0.9632470011711121,0.4845574200153351,0.5333145260810852,-0.16521519422531128,0.6634023785591125,0.44768860936164856,0.5147354006767273,-0.2686264216899872,0.9435656666755676,0.47523415088653564,0.5287385582923889,0.01819184422492981,0.9991079568862915,0.4311259984970093,0.5282189846038818,-0.01813087798655033,0.9995646476745605,0.49036556482315063,0.6737977862358093,0.046175502240657806,0.994914710521698,0.40795403718948364,0.6681011915206909,-0.048318661749362946,0.9964026212692261,0.5027250647544861,0.8259087800979614,0.17507638037204742,0.9945853352546692,0.401653915643692,0.8203096985816956,0.0804503858089447,0.9969390034675598,0.4946296811103821,0.8485697507858276,0.18079763650894165,0.9578511714935303,0.4034813344478607,0.8434723615646362,0.08618646115064621,0.9473587870597839,0.5184366703033447,0.8662264347076416,0.06903395801782608,0.9898848533630371,0.38913246989250183,0.8636295199394226,-0.03535555303096771,0.9922777414321899
72,0.4883599877357483,0.26726996898651123,-0.30880239605903625,0.9998859763145447,0.4888320863246918,0.2521944046020508,-0.2960657477378845,0.9996402859687805,0.4894614815711975,0.2519509494304657,-0.2960761785507202,0.9995729327201843,0.49001345038414,0.2515297532081604,-0.29605764150619507,0.9995215535163879,0.48397296667099,0.2510952353477478,-0.30594825744628906,0.9997749924659729,0.48096686601638794,0.24989157915115356,-0.305991530418396,0.9997754096984863,0.4776798486709595,0.24834713339805603,-0.3060602843761444,0.9997944235801697,0.48465901613235474,0.2528603672981262,-0.17826716601848602,0.9987636804580688,0.4681650698184967,0.24842551350593567,-0.2506098449230194,0.9997658729553223,0.4859972298145294,0.27883249521255493,-0.27031180262565613,0.9997259974479675,0.4798361361026764,0.27917230129241943,-0.2817074954509735,0.9998841285705566,0.49871936440467834,0.33146849274635315,-0.07431747764348984,0.9996125102043152,0.42312437295913696,0.3310397267341614,-0.20162317156791687,0.9999161958694458,0.5000361800193787,0.4375302493572235,-0.02408532053232193,0.8512470722198486,0.4180717170238495,0.4403016269207001,-0.1987648755311966,0.9936613440513611,0.48944947123527527,0.527806282043457,-0.13019637763500214,0.7838223576545715,0.44090548157691956,0.5076971650123596,-0.2679746747016907,0.9832871556282043,0.4879315197467804,0.5563691258430481,-0.15782786905765533,0.6902573108673096,0.4441024959087372,0.5324112772941589,-0.3063715398311615,0.9645771384239197,0.4850218892097473,0.5525552034378052,-0.18882469832897186,0.7046299576759338,0.44902485609054565,0.5247430801391602,-0.3208768665790558,0.9644513130187988,0.4839875102043152,0.5423429608345032,-0.1458727866411209,0.6663998365402222,0.4496496617794037,0.5152106881141663,-0.274085134267807,0.9450172185897827,0.4759363532066345,0.5290910005569458,0.02820557914674282,0.9991433024406433,0.4337265193462372,0.5282938480377197,-0.02817036397755146,0.9995861053466797,0.4900464415550232,0.6738983392715454,0.06541010737419128,0.9947771430015564,0.408139705657959,0.6680624485015869,-0.0771910697221756,0.9965291619300842,0.502961277961731,0.8243010640144348,0.19832009077072144,0.9946470260620117,0.399291455745697,0.8193116188049316,0.04947357624769211,0.9970396161079407,0.49495163559913635,0.8478699922561646,0.2042234241962433,0.9582471251487732,0.3997393548488617,0.8422154784202576,0.05505680665373802,0.946967601776123,0.518642008304596,0.8664065599441528,0.09696028381586075,0.9899791479110718,0.39005520939826965,0.8634587526321411,-0.06764242053031921,0.9925322532653809
73,0.48829200863838196,0.26879197359085083,-0.347603440284729,0.9998347759246826,0.48867473006248474,0.2559138834476471,-0.33116665482521057,0.9995120167732239,0.48933282494544983,0.2562190592288971,-0.33120930194854736,0.9994412064552307,0.4899199903011322,0.2563130259513855,-0.3312623202800751,0.9993903636932373,0.4838075041770935,0.254424124956131,-0.34267839789390564,0.9996609091758728,0.48079806566238403,0.2536400258541107,-0.34274691343307495,0.9996696710586548,0.4775386452674866,0.2526156008243561,-0.34282782673835754,0.9996939301490784,0.4844892621040344,0.26139339804649353,-0.21710394322872162,0.9983887076377869,0.46806564927101135,0.25565460324287415,-0.27148228883743286,0.9996306300163269,0.4860025942325592,0.2815188467502594,-0.3034127652645111,0.9996195435523987,0.4797920286655426,0.2814367711544037,-0.31855306029319763,0.9998164176940918,0.4990425407886505,0.3383215367794037,-0.11377079039812088,0.9995565414428711,0.42405566573143005,0.3384746015071869,-0.21492739021778107,0.9998883008956909,0.49933215975761414,0.44723573327064514,-0.06974417716264725,0.8403716683387756,0.42256608605384827,0.4488951861858368,-0.21305932104587555,0.9921544194221497,0.4857555329799652,0.5281805992126465,-0.16245456039905548,0.7573143243789673,0.4415641725063324,0.5089932680130005,-0.2861958146095276,0.9769583344459534,0.48446008563041687,0.5561524629592896,-0.18988187611103058,0.6633269786834717,0.44586989283561707,0.5331599116325378,-0.32394444942474365,0.9546038508415222,0.4809640347957611,0.552412748336792,-0.21920381486415863,0.6775296330451965,0.45066195726394653,0.524999737739563,-0.3417021334171295,0.9545661807060242,0.4790639579296112,0.5418076515197754,-0.17711111903190613,0.6397225260734558,0.4488186538219452,0.5172994136810303,-0.2944816052913666,0.9314305186271667,0.47531044483184814,0.5311851501464844,0.026335567235946655,0.9991363286972046,0.43143588304519653,0.528399646282196,-0.026309646666049957,0.9995603561401367,0.49015459418296814,0.6737583875656128,0.02990761771798134,0.994776725769043,0.40825456380844116,0.6682363152503967,-0.06033103168010712,0.9965323805809021,0.5032535195350647,0.8238848447799683,0.1615012139081955,0.9946824312210083,0.39907070994377136,0.8167446851730347,0.050350580364465714,0.9970104098320007,0.49548962712287903,0.8472369313240051,0.16687236726284027,0.958090603351593,0.3995736837387085,0.8373983502388,0.05662087723612785,0.9436927437782288,0.5196207761764526,0.866238534450531,0.045618936419487,0.9898630380630493,0.39090678095817566,0.8632286787033081,-0.04270558804273605,0.9924101233482361
74,0.48702114820480347,0.28008607029914856,-0.39469626545906067,0.9997611045837402,0.4873877763748169,0.2666248381137848,-0.3805299997329712,0.9992894530296326,0.4881860613822937,0.2667425274848938,-0.38057196140289307,0.9992261528968811,0.4889551103115082,0.2666926085948944,-0.38064640760421753,0.9991719126701355,0.48235878348350525,0.26533523201942444,-0.39084625244140625,0.9994697570800781,0.4793597459793091,0.26459792256355286,-0.3909483850002289,0.9995115399360657,0.4762389063835144,0.2635740041732788,-0.39105522632598877,0.9995480179786682,0.4842263460159302,0.2689500153064728,-0.26912161707878113,0.9977378249168396,0.46767720580101013,0.26455074548721313,-0.31536975502967834,0.9994487762451172,0.4854744076728821,0.2912793755531311,-0.34945568442344666,0.9994843006134033,0.4788309931755066,0.29195818305015564,-0.3630762994289398,0.9997401833534241,0.5020032525062561,0.3419625759124756,-0.15435007214546204,0.9995074272155762,0.4247399568557739,0.34477490186691284,-0.2508483827114105,0.9998776316642761,0.4991251230239868,0.458053857088089,-0.10755396634340286,0.8291458487510681,0.42499062418937683,0.4629937410354614,-0.2439049333333969,0.9910199046134949,0.4855254292488098,0.5428160429000854,-0.190382182598114,0.7258173823356628,0.4436897337436676,0.5345640778541565,-0.3061542809009552,0.9700011014938354,0.48449528217315674,0.5695621371269226,-0.2158890813589096,0.6318761110305786,0.44708192348480225,0.5663049221038818,-0.34042754769325256,0.9428324103355408,0.4805344045162201,0.5648000836372375,-0.24288786947727203,0.6463646292686462,0.4509607255458832,0.5568038821220398,-0.35817664861679077,0.9428717494010925,0.4781884253025055,0.5531534552574158,-0.2037297934293747,0.6100887656211853,0.45026692748069763,0.5426928400993347,-0.31369784474372864,0.9160441160202026,0.4752947688102722,0.531182050704956,0.025458158925175667,0.9991344809532166,0.43131223320961,0.5278199315071106,-0.02542184665799141,0.9995412826538086,0.4903242290019989,0.6643340587615967,-0.022477786988019943,0.9934191703796387,0.41099002957344055,0.6667221188545227,-0.10352421551942825,0.9958754181861877,0.5040232539176941,0.8204008936882019,0.10072953999042511,0.9938465356826782,0.39610937237739563,0.8169469833374023,0.019017107784748077,0.9964255094528198,0.49682921171188354,0.8453113436698914,0.10603802651166916,0.9545599818229675,0.39562374353408813,0.8379653096199036,0.024790378287434578,0.9347318410873413,0.5191531777381897,0.8637772798538208,-0.008565832860767841,0.9884819388389587,0.39136961102485657,0.8631640076637268,-0.1047743484377861,0.9913455843925476
75,0.4870753586292267,0.28537866473197937,-0.45994991064071655,0.9997790455818176,0.4873638451099396,0.27008184790611267,-0.44110044836997986,0.9993457198143005,0.48814937472343445,0.26980310678482056,-0.44112929701805115,0.9992853999137878,0.48890799283981323,0.2695331871509552,-0.4411821663379669,0.9992356300354004,0.4823157489299774,0.2704404592514038,-0.45869186520576477,0.999514102935791,0.47925350069999695,0.27050766348838806,-0.4588361084461212,0.9995532035827637,0.47601717710494995,0.27042311429977417,-0.45893725752830505,0.9995878338813782,0.4840714633464813,0.2724181115627289,-0.312186598777771,0.9978705048561096,0.46743449568748474,0.2718943655490875,-0.3914712071418762,0.9994988441467285,0.48599112033843994,0.29719430208206177,-0.4085771143436432,0.999518632888794,0.4791923761367798,0.29841017723083496,-0.43174007534980774,0.9997618198394775,0.5023996233940125,0.3468221127986908,-0.17247097194194794,0.9994962811470032,0.42593562602996826,0.35525038838386536,-0.3416421115398407,0.9998871684074402,0.49851444363594055,0.457754522562027,-0.15085844695568085,0.8106235861778259,0.4241558611392975,0.47274231910705566,-0.3575799763202667,0.9917595982551575,0.4855937659740448,0.5395134687423706,-0.2861827611923218,0.6955325603485107,0.44774574041366577,0.546532928943634,-0.41714662313461304,0.9719056487083435,0.48537880182266235,0.5668400526046753,-0.31854447722435,0.6056095361709595,0.45292165875434875,0.575818657875061,-0.45853736996650696,0.9456824660301208,0.4806630313396454,0.5625677108764648,-0.34649524092674255,0.6198639869689941,0.4579800069332123,0.573541522026062,-0.47038939595222473,0.9455492496490479,0.47911491990089417,0.5504984259605408,-0.3023799657821655,0.5843425989151001,0.4578079283237457,0.5596060752868652,-0.4217187762260437,0.9188751578330994,0.4743823707103729,0.5315406322479248,0.04426919296383858,0.9991767406463623,0.43098679184913635,0.5286146402359009,-0.04427732527256012,0.9995601773262024,0.4909633696079254,0.6655800938606262,0.003546068212017417,0.9923629760742188,0.4122934639453888,0.6693235635757446,-0.12620195746421814,0.9959684610366821,0.5040673017501831,0.820360004901886,0.14484184980392456,0.993489146232605,0.3909986913204193,0.8161446452140808,0.010109771974384785,0.9965179562568665,0.49671313166618347,0.8453532457351685,0.1540711522102356,0.9542375802993774,0.3841794729232788,0.8377959132194519,0.01656332239508629,0.9338018298149109,0.5221383571624756,0.8619974255561829,0.03811659663915634,0.9880391359329224,0.3977890610694885,0.8658979535102844,-0.12369950115680695,0.9915444850921631
76,0.4794120192527771,0.3043964207172394,-0.49194201827049255,0.9998000860214233,0.48264047503471375,0.2877557873725891,-0.47429412603378296,0.9994078278541565,0.4847654104232788,0.2867821156978607,-0.4743176996707916,0.9993523955345154,0.4867819547653198,0.2859618365764618,-0.47437068819999695,0.9993067979812622,0.474974662065506,0.28858911991119385,-0.4842488467693329,0.9995607137680054,0.4716610014438629,0.28806987404823303,-0.4843985140323639,0.9995962381362915,0.4683977961540222,0.2874118387699127,-0.4844776391983032,0.9996278285980225,0.48437759280204773,0.2846248745918274,-0.34504836797714233,0.9980554580688477,0.46146875619888306,0.28601375222206116,-0.39086970686912537,0.9995478391647339,0.48263606429100037,0.31425583362579346,-0.44031283259391785,0.9995623230934143,0.4731270968914032,0.31516703963279724,-0.4537387490272522,0.9997847080230713,0.5023010969161987,0.3548821806907654,-0.1934528350830078,0.9995294809341431,0.42646506428718567,0.3639448285102844,-0.3378317654132843,0.9998981356620789,0.49823591113090515,0.463201105594635,-0.15636999905109406,0.8101768493652344,0.4237487018108368,0.48833635449409485,-0.3497390151023865,0.9924946427345276,0.48621827363967896,0.5462694764137268,-0.2577327787876129,0.6902453899383545,0.45164915919303894,0.5678227543830872,-0.4102335274219513,0.9742255806922913,0.4858936667442322,0.5753425359725952,-0.28519776463508606,0.6008962988853455,0.4545935392379761,0.6020693778991699,-0.4499044418334961,0.9496018886566162,0.48190730810165405,0.5727010369300842,-0.31270310282707214,0.6137505769729614,0.4610038995742798,0.5981453061103821,-0.4605007767677307,0.9493771195411682,0.48098233342170715,0.5618095397949219,-0.2720448672771454,0.5785892605781555,0.461664080619812,0.5859328508377075,-0.41400256752967834,0.9240923523902893,0.4714571237564087,0.5371642112731934,0.044793106615543365,0.9992383718490601,0.4280792772769928,0.5322621464729309,-0.04483058303594589,0.9995958209037781,0.493798166513443,0.666137158870697,0.009214620105922222,0.9899734854698181,0.4084349572658539,0.6729538440704346,-0.16876766085624695,0.9960762858390808,0.5049306750297546,0.8203766345977783,0.14611513912677765,0.9922856688499451,0.3869175910949707,0.8240943551063538,-0.06966856867074966,0.9964995384216309,0.4973090589046478,0.8456487059593201,0.15421777963638306,0.9525440335273743,0.3766809403896332,0.8460513353347778,-0.06540146470069885,0.9317862391471863,0.5298820734024048,0.8621336221694946,0.05083431303501129,0.9862713813781738,0.40118083357810974,0.873647928237915,-0.199489563703537,0.9914615154266357
77,0.47866958379745483,0.3197256028652191,-0.4548017084598541,0.9998170733451843,0.48171690106391907,0.30175766348838806,-0.43904367089271545,0.999457597732544,0.4838111698627472,0.3003620505332947,-0.43905752897262573,0.999406099319458,0.48588064312934875,0.29900532960891724,-0.43909433484077454,0.9993643164634705,0.4740059971809387,0.30297982692718506,-0.44937145709991455,0.999596893787384,0.4705420136451721,0.30236607789993286,-0.44949668645858765,0.9996301531791687,0.4672258794307709,0.30144578218460083,-0.44957008957862854,0.9996592402458191,0.4843672513961792,0.2955053448677063,-0.3180721402168274,0.9982074499130249,0.4601283669471741,0.2983870208263397,-0.36469152569770813,0.9995863437652588,0.4816414713859558,0.33121705055236816,-0.40604907274246216,0.9995994567871094,0.47165852785110474,0.33336788415908813,-0.41974326968193054,0.9998033046722412,0.502282977104187,0.36293572187423706,-0.178633913397789,0.9995697736740112,0.42688220739364624,0.3733257055282593,-0.31054142117500305,0.9999059438705444,0.4980658292770386,0.474164217710495,-0.12878675758838654,0.8224708437919617,0.42529723048210144,0.49849945306777954,-0.31576257944107056,0.9930902719497681,0.48738282918930054,0.5600677132606506,-0.22003334760665894,0.7097584009170532,0.45482999086380005,0.5726105570793152,-0.376797080039978,0.9761763215065002,0.4871346652507782,0.5903071761131287,-0.2476465404033661,0.6211018562316895,0.4569658637046814,0.6073213815689087,-0.41524219512939453,0.9529341459274292,0.48280608654022217,0.5861647725105286,-0.2759014666080475,0.6331510543823242,0.46385839581489563,0.6008536219596863,-0.42842260003089905,0.9526718854904175,0.4820699691772461,0.574767529964447,-0.23423533141613007,0.5994980931282043,0.4646998941898346,0.5879533886909485,-0.38178208470344543,0.9286890029907227,0.47141095995903015,0.5424569845199585,0.039777420461177826,0.9992948770523071,0.4278566539287567,0.5392557382583618,-0.03979360684752464,0.9996085166931152,0.49394476413726807,0.6662048101425171,-0.03643013909459114,0.9888203740119934,0.4088415205478668,0.6856580972671509,-0.11951441317796707,0.9953246116638184,0.5054490566253662,0.818726122379303,0.10137024521827698,0.9907308220863342,0.3865699768066406,0.8242868781089783,-0.00175485631916672,0.9956821799278259,0.4980042278766632,0.8447195887565613,0.10941784083843231,0.9479048848152161,0.37565696239471436,0.8460153937339783,0.001317678834311664,0.9195924997329712,0.5286169648170471,0.8618572950363159,0.0066193887032568455,0.9841321706771851,0.3975854218006134,0.8797398209571838,-0.12560588121414185,0.9898234009742737
78,0.4797655940055847,0.31219178438186646,-0.3559771478176117,0.9998339414596558,0.4822801649570465,0.297629714012146,-0.3394423723220825,0.9995077252388,0.4841526746749878,0.2972058951854706,-0.3394472002983093,0.9994606971740723,0.48604342341423035,0.2967773973941803,-0.33947625756263733,0.9994223117828369,0.4750864803791046,0.29735851287841797,-0.3485008478164673,0.9996336698532104,0.47168752551078796,0.29681679606437683,-0.3485955595970154,0.9996640086174011,0.46834853291511536,0.29626744985580444,-0.34864819049835205,0.9996902346611023,0.4843372702598572,0.2977622449398041,-0.23463867604732513,0.9983729720115662,0.4608432650566101,0.29704269766807556,-0.2748248875141144,0.999624490737915,0.48192098736763,0.3234768509864807,-0.3148581087589264,0.9996368885040283,0.4720592796802521,0.3237376809120178,-0.32648977637290955,0.999821662902832,0.5021982789039612,0.3692605197429657,-0.12185794860124588,0.9996035695075989,0.42777279019355774,0.3788905143737793,-0.2465253472328186,0.9999128580093384,0.4981025159358978,0.4792487919330597,-0.06979557126760483,0.8306719064712524,0.42644616961479187,0.503508985042572,-0.2532048523426056,0.9936717748641968,0.48802438378334045,0.5665360689163208,-0.1365007907152176,0.7278935313224792,0.45636335015296936,0.5843830704689026,-0.2908201217651367,0.9781851768493652,0.48754918575286865,0.6020445227622986,-0.15998031198978424,0.6401953101158142,0.4578395187854767,0.6168847680091858,-0.32081982493400574,0.9565643072128296,0.48338186740875244,0.5959451794624329,-0.18320265412330627,0.6516614556312561,0.4653497338294983,0.6113340258598328,-0.33249807357788086,0.9563026428222656,0.48298540711402893,0.5833340883255005,-0.14795102179050446,0.6197574138641357,0.46630698442459106,0.600729763507843,-0.2942989766597748,0.9340645670890808,0.47139713168144226,0.5514252781867981,0.03763022646307945,0.9993481636047363,0.4267377555370331,0.5494685769081116,-0.03760979697108269,0.9996262788772583,0.4958067238330841,0.661502480506897,-0.1138797327876091,0.9882062673568726,0.4093703329563141,0.6997259855270386,-0.11434126645326614,0.994688868522644,0.5053917765617371,0.8188564777374268,-0.008790934458374977,0.9896460771560669,0.38732853531837463,0.8272890448570251,-0.0144659960642457,0.9946649074554443,0.4980825185775757,0.8447584509849548,-0.0033818164374679327,0.9465385675430298,0.38017576932907104,0.8475581407546997,-0.010061868466436863,0.9089487195014954,0.5286690592765808,0.8637838959693909,-0.09771671146154404,0.9830282926559448,0.4011582136154175,0.878983736038208,-0.12470467388629913,0.9879637360572815
79,0.48020556569099426,0.31611642241477966,-0.34987059235572815,0.9998490810394287,0.4825810194015503,0.301153302192688,-0.33049526810646057,0.9995536208152771,0.48469457030296326,0.3007352352142334,-0.33051979541778564,0.9995105266571045,0.48673108220100403,0.30033814907073975,-0.3305712640285492,0.9994751811027527,0.4756402373313904,0.30162331461906433,-0.34065160155296326,0.9996674656867981,0.4723210632801056,0.30152758955955505,-0.34074312448501587,0.9996949434280396,0.4690108001232147,0.30131709575653076,-0.3407813608646393,0.9997185468673706,0.4847796559333801,0.30308690667152405,-0.21579761803150177,0.9985218048095703,0.46129438281059265,0.3037889897823334,-0.26147860288619995,0.9996594786643982,0.48406025767326355,0.32865458726882935,-0.3057011067867279,0.9996691942214966,0.47330448031425476,0.32981783151626587,-0.31895554065704346,0.9998375773429871,0.5021045207977295,0.3748728930950165,-0.10006055235862732,0.9996255040168762,0.4300064444541931,0.38724061846733093,-0.23206199705600739,0.9999171495437622,0.49815115332603455,0.48066383600234985,-0.05696181580424309,0.829088568687439,0.42782333493232727,0.5072808861732483,-0.24155166745185852,0.9940259456634521,0.4895448386669159,0.562207043170929,-0.13661609590053558,0.7329117059707642,0.45775195956230164,0.5901098847389221,-0.2861235439777374,0.9792038202285767,0.48968708515167236,0.5942553877830505,-0.1599242389202118,0.6441484689712524,0.45954084396362305,0.6235125064849854,-0.3177708387374878,0.9579541683197021,0.48469099402427673,0.5902693271636963,-0.18463124334812164,0.6550431251525879,0.4662882685661316,0.615193247795105,-0.3285070061683655,0.9576305747032166,0.48398202657699585,0.5787861347198486,-0.14914299547672272,0.6236183047294617,0.46654435992240906,0.605279266834259,-0.2899312973022461,0.9360848665237427,0.4714599847793579,0.5550493001937866,0.0377742163836956,0.9993952512741089,0.4272012412548065,0.5563220381736755,-0.03775627911090851,0.999642550945282,0.5027394890785217,0.6565220952033997,-0.11086791008710861,0.9874171614646912,0.4118190109729767,0.7016916871070862,-0.13172855973243713,0.9943211674690247,0.5070790648460388,0.8186827301979065,-0.0162277240306139,0.988352358341217,0.3899163603782654,0.8291485905647278,-0.03687240183353424,0.9941545128822327,0.49913737177848816,0.844805121421814,-0.01219161320477724,0.9461190700531006,0.38514837622642517,0.847274124622345,-0.032814569771289825,0.9033284187316895,0.5358335971832275,0.8665611743927002,-0.1047629565000534,0.9812611937522888,0.3997315764427185,0.8773964047431946,-0.14626900851726532,0.9867247343063354
80,0.4807281792163849,0.3227097690105438,-0.39050114154815674,0.9998630285263062,0.4826834499835968,0.30799755454063416,-0.37454426288604736,0.9995948076248169,0.48463109135627747,0.30720192193984985,-0.3745500445365906,0.9995549917221069,0.4865477681159973,0.30638816952705383,-0.37461748719215393,0.9995228052139282,0.47583189606666565,0.3092297613620758,-0.38194140791893005,0.9996984004974365,0.4725472331047058,0.3092718720436096,-0.3820486068725586,0.9997231364250183,0.4692375957965851,0.30917418003082275,-0.38208913803100586,0.9997444748878479,0.4846763610839844,0.30799049139022827,-0.26536762714385986,0.9986562132835388,0.46148917078971863,0.3105914294719696,-0.297338604927063,0.999691367149353,0.4839623272418976,0.33282437920570374,-0.3474484980106354,0.999699592590332,0.47380197048187256,0.3346392810344696,-0.35736069083213806,0.9998524785041809,0.5020166635513306,0.3788946270942688,-0.1475948542356491,0.9996529221534729,0.43150436878204346,0.3915782570838928,-0.2482493668794632,0.999923825263977,0.49815648794174194,0.48056602478027344,-0.09255032986402512,0.8394157290458679,0.4302977919578552,0.5063354969024658,-0.2521539628505707,0.9943400025367737,0.49009913206100464,0.5635488033294678,-0.15178672969341278,0.7489087581634521,0.4579189717769623,0.5983607172966003,-0.2976483106613159,0.9801470637321472,0.49129730463027954,0.5935130715370178,-0.17921647429466248,0.660125732421875,0.4601879119873047,0.6340757608413696,-0.3206019401550293,0.9591655135154724,0.48677051067352295,0.5912719368934631,-0.20467348396778107,0.6703084707260132,0.4659214913845062,0.6273089051246643,-0.3348172605037689,0.9587094783782959,0.48566293716430664,0.5800706148147583,-0.16553397476673126,0.6393617391586304,0.46621930599212646,0.6147143840789795,-0.3031471073627472,0.9377263784408569,0.4726899266242981,0.5527687668800354,0.03163444623351097,0.9994440078735352,0.43102166056632996,0.5524226427078247,-0.031639572232961655,0.9996715188026428,0.5026806592941284,0.6580598950386047,-0.09898172318935394,0.9877339005470276,0.4231281280517578,0.697574257850647,-0.1285250037908554,0.9944599866867065,0.5089736580848694,0.8192424774169922,-0.005727414973080158,0.9882674217224121,0.3946351408958435,0.8283225893974304,-0.04272882640361786,0.9944244623184204,0.49979880452156067,0.8455643653869629,-0.002280930755659938,0.9477918744087219,0.3962956964969635,0.8451022505760193,-0.04041421785950661,0.9062854647636414,0.536861777305603,0.8744992613792419,-0.09833064675331116,0.980951189994812,0.38920316100120544,0.8772165179252625,-0.15840250253677368,0.9871596693992615
81,0.4848867654800415,0.323584645986557,-0.40011104941368103,0.9998752474784851,0.48536965250968933,0.30837440490722656,-0.3837558329105377,0.9996311068534851,0.4868825674057007,0.3076217472553253,-0.3837633728981018,0.9995937347412109,0.4884025454521179,0.3068595230579376,-0.38383248448371887,0.9995639324188232,0.4789038896560669,0.3099539875984192,-0.39340347051620483,0.9997259378433228,0.4753708839416504,0.3102554976940155,-0.3935174345970154,0.9997483491897583,0.471635639667511,0.31040170788764954,-0.39356496930122375,0.9997678399085999,0.4856458902359009,0.30876052379608154,-0.27349337935447693,0.9987737536430359,0.46317610144615173,0.3122316598892212,-0.3163515329360962,0.9997202754020691,0.487211674451828,0.3340015411376953,-0.35624900460243225,0.9997259974479675,0.47811999917030334,0.33592689037323,-0.3689764738082886,0.9998657703399658,0.5019481778144836,0.37744835019111633,-0.15073822438716888,0.9996665716171265,0.4324709177017212,0.393081933259964,-0.26802971959114075,0.9999300837516785,0.4982782304286957,0.4798925220966339,-0.09492892771959305,0.8401318788528442,0.4316239655017853,0.5106751322746277,-0.27126818895339966,0.9947378635406494,0.4911423325538635,0.5610613226890564,-0.15413597226142883,0.748168408870697,0.46043485403060913,0.6012986898422241,-0.3089235723018646,0.9813867807388306,0.49315959215164185,0.5901862382888794,-0.17508037388324738,0.65505051612854,0.46230465173721313,0.6360208988189697,-0.3306174576282501,0.9610553979873657,0.48941928148269653,0.5877513289451599,-0.20092175900936127,0.6645625233650208,0.4681868553161621,0.6288344264030457,-0.34035158157348633,0.9605342745780945,0.4873458743095398,0.5791592001914978,-0.1669033020734787,0.6343469619750977,0.4687144458293915,0.6170117259025574,-0.3132692277431488,0.9404001235961914,0.47300735116004944,0.5509333610534668,0.029790055006742477,0.9994848966598511,0.43097198009490967,0.550719678401947,-0.029798859730362892,0.9996958374977112,0.5021417140960693,0.6581801772117615,-0.12401767820119858,0.9881886839866638,0.4213104546070099,0.6950324177742004,-0.15385833382606506,0.9945958256721497,0.5102794170379639,0.8199078440666199,-0.042764510959386826,0.9883906841278076,0.3972376585006714,0.8279354572296143,-0.07693741470575333,0.994626522064209,0.501098096370697,0.8473072052001953,-0.04048749431967735,0.9494368433952332,0.39979130029678345,0.8452146649360657,-0.07541709393262863,0.9087332487106323,0.536598265171051,0.8736662864685059,-0.1405315399169922,0.9810928702354431,0.3892218768596649,0.8778955936431885,-0.19728781282901764,0.9875555038452148
82,0.4850248694419861,0.32207146286964417,-0.3081670105457306,0.999886155128479,0.4857170283794403,0.3080752193927765,-0.29044920206069946,0.9996640682220459,0.48722371459007263,0.30770477652549744,-0.29049137234687805,0.9996298551559448,0.4887399971485138,0.30725571513175964,-0.2905536890029907,0.9996026754379272,0.47927501797676086,0.30839648842811584,-0.3024640381336212,0.9997498989105225,0.47576412558555603,0.30829429626464844,-0.30254727602005005,0.9997701644897461,0.47204339504241943,0.30800414085388184,-0.3025778532028198,0.9997875690460205,0.48638731241226196,0.30906063318252563,-0.18205462396144867,0.9988820552825928,0.46360665559768677,0.30988630652427673,-0.23571841418743134,0.9997447729110718,0.48718106746673584,0.3326127231121063,-0.2652655839920044,0.9997498989105225,0.4782770872116089,0.3337831497192383,-0.28099480271339417,0.9998770356178284,0.5017943978309631,0.37681469321250916,-0.06565126031637192,0.9996934533119202,0.4328894317150116,0.3896554708480835,-0.20438028872013092,0.9999346137046814,0.49945706129074097,0.4774671196937561,-0.014521162956953049,0.8482235074043274,0.43185678124427795,0.5041981935501099,-0.20311887562274933,0.9948190450668335,0.49324291944503784,0.5590789318084717,-0.07888482511043549,0.764388918876648,0.46032997965812683,0.5896627902984619,-0.24140696227550507,0.9819208979606628,0.49576443433761597,0.5884039998054504,-0.0986132100224495,0.673121988773346,0.46308478713035583,0.6231728792190552,-0.27124783396720886,0.9617483019828796,0.49174803495407104,0.5856402516365051,-0.12498752772808075,0.6823621988296509,0.46944811940193176,0.6160789132118225,-0.2835346460342407,0.9612157344818115,0.48940932750701904,0.5763896107673645,-0.09156367927789688,0.6528772115707397,0.46967899799346924,0.6045873165130615,-0.2459252029657364,0.9414929151535034,0.4730442464351654,0.550283670425415,0.037342753261327744,0.9995246529579163,0.43265801668167114,0.5495410561561584,-0.03726332262158394,0.999717116355896,0.501599133014679,0.6548277139663696,-0.09814266115427017,0.9880461096763611,0.429253488779068,0.6888577342033386,-0.19863276183605194,0.9946162104606628,0.509883463382721,0.8196535706520081,-0.035166800022125244,0.9880841970443726,0.398941308259964,0.8231039047241211,-0.14303520321846008,0.9947271943092346,0.5008448958396912,0.8473070859909058,-0.03503890335559845,0.9503054022789001,0.3988388180732727,0.8397911787033081,-0.1429847627878189,0.9097669124603271,0.5369670391082764,0.8720700144767761,-0.12919993698596954,0.9806476831436157,0.38899365067481995,0.8776326775550842,-0.26280444860458374,0.9879422783851624
83,0.4889020621776581,0.31817740201950073,-0.33347219228744507,0.9998941421508789,0.48780280351638794,0.3038789629936218,-0.3171355426311493,0.9996885657310486,0.488807737827301,0.30343589186668396,-0.31716305017471313,0.9996557235717773,0.4899030923843384,0.30292224884033203,-0.31720641255378723,0.9996297955513,0.4826005697250366,0.30438047647476196,-0.330341637134552,0.999768078327179,0.47934314608573914,0.30428507924079895,-0.33043330907821655,0.9997867345809937,0.475570410490036,0.30405935645103455,-0.33048930764198303,0.9998021721839905,0.48649662733078003,0.30491217970848083,-0.20998962223529816,0.99896240234375,0.4652118384838104,0.3059614598751068,-0.26668408513069153,0.9997643828392029,0.48971813917160034,0.3288891911506653,-0.29084697365760803,0.9997691512107849,0.4827992022037506,0.33012187480926514,-0.30810606479644775,0.9998862743377686,0.5020149350166321,0.37584877014160156,-0.09448126703500748,0.9997162818908691,0.4332464635372162,0.3859740197658539,-0.21076002717018127,0.999938428401947,0.5008683800697327,0.47422778606414795,-0.042491186410188675,0.8543106913566589,0.4328930974006653,0.5028825998306274,-0.2253059595823288,0.9951804280281067,0.4932948350906372,0.5581943988800049,-0.11168573796749115,0.7802062630653381,0.45963990688323975,0.5885010957717896,-0.2747741639614105,0.9832863211631775,0.4951915442943573,0.5874166488647461,-0.13333731889724731,0.6917238831520081,0.46263545751571655,0.6235327124595642,-0.3073045611381531,0.9643533229827881,0.491049587726593,0.5844199657440186,-0.15863963961601257,0.7006815671920776,0.46875080466270447,0.6178011894226074,-0.32005879282951355,0.96382737159729,0.4891130328178406,0.5747781991958618,-0.12400661408901215,0.6722515821456909,0.46905916929244995,0.6060532927513123,-0.2796415686607361,0.9452497959136963,0.4741840064525604,0.5499142408370972,0.037731774151325226,0.9995518326759338,0.43280211091041565,0.5499649047851562,-0.03770344331860542,0.9997237920761108,0.5012359023094177,0.655907928943634,-0.08533565700054169,0.9871758222579956,0.4276612401008606,0.6905741095542908,-0.18681123852729797,0.993962824344635,0.5096065402030945,0.8197088837623596,-0.0004114660550840199,0.9869318604469299,0.3987583518028259,0.8239063620567322,-0.0690016970038414,0.994254469871521,0.5008917450904846,0.8473258018493652,0.002528069308027625,0.9498534798622131,0.3985723555088043,0.8399527072906494,-0.06574944406747818,0.905418336391449,0.5368148684501648,0.8718776106834412,-0.08958251774311066,0.9794542789459229,0.3934144079685211,0.8771911859512329,-0.1972820907831192,0.9869824647903442
84,0.4892004728317261,0.3187762200832367,-0.3903690278530121,0.9999023079872131,0.4885178506374359,0.3030005395412445,-0.3760429322719574,0.9997124671936035,0.4896138310432434,0.30230534076690674,-0.3760712742805481,0.9996808171272278,0.4908427894115448,0.301234632730484,-0.37612083554267883,0.9996572136878967,0.4829048812389374,0.30363330245018005,-0.39110511541366577,0.9997860193252563,0.4795045554637909,0.3034016788005829,-0.3912060558795929,0.9998030662536621,0.4756542444229126,0.3030175268650055,-0.39128369092941284,0.9998174905776978,0.4877015948295593,0.3026539087295532,-0.2644003927707672,0.9990406632423401,0.4653857350349426,0.3039161264896393,-0.33138126134872437,0.999784529209137,0.49005401134490967,0.3279816508293152,-0.34444937109947205,0.9997891187667847,0.482803612947464,0.32948991656303406,-0.36414316296577454,0.9998964071273804,0.502114474773407,0.36947810649871826,-0.13579127192497253,0.9997414946556091,0.4329511225223541,0.3857530653476715,-0.28937381505966187,0.9999435544013977,0.502547562122345,0.4698758125305176,-0.09199396520853043,0.862672746181488,0.4324362576007843,0.5007669925689697,-0.3008227050304413,0.9955921173095703,0.49302637577056885,0.5573803186416626,-0.18898481130599976,0.7947721481323242,0.45920947194099426,0.5865731835365295,-0.34703895449638367,0.9847049117088318,0.49466028809547424,0.5870118737220764,-0.21887598931789398,0.7099165916442871,0.4623960852622986,0.6207749247550964,-0.3826300799846649,0.9672034978866577,0.49064624309539795,0.584003746509552,-0.2453814595937729,0.7184227705001831,0.4688495397567749,0.6154475212097168,-0.39730799198150635,0.9666978716850281,0.4887165129184723,0.573826253414154,-0.20294050872325897,0.6915222406387329,0.4691387116909027,0.603939950466156,-0.35211315751075745,0.9494040608406067,0.4743414521217346,0.5497372150421143,0.041095394641160965,0.9995760917663574,0.4326617419719696,0.5504813194274902,-0.04109223186969757,0.9997231364250183,0.5009874701499939,0.6695647239685059,-0.05147093906998634,0.9865999817848206,0.4272463619709015,0.7090211510658264,-0.09956498444080353,0.9933494329452515,0.5099203586578369,0.8202727437019348,0.07756094634532928,0.985762894153595,0.3987327218055725,0.8285995125770569,0.01227633561939001,0.993493378162384,0.5012138485908508,0.847359299659729,0.0850699171423912,0.9485135078430176,0.3944767117500305,0.8452130556106567,0.017634151503443718,0.8965320587158203,0.5364334583282471,0.8716540336608887,-0.005550808738917112,0.9781952500343323,0.40144607424736023,0.8856275677680969,-0.10086997598409653,0.98537677526474
85,0.4889189898967743,0.3143152594566345,-0.42468711733818054,0.9999116063117981,0.48841702938079834,0.2967199981212616,-0.4071773886680603,0.9997402429580688,0.48957064747810364,0.2950882315635681,-0.40720126032829285,0.9997113943099976,0.490765243768692,0.29418426752090454,-0.40724918246269226,0.9996901154518127,0.48244962096214294,0.29770198464393616,-0.4210512936115265,0.9998066425323486,0.47887909412384033,0.29759541153907776,-0.4211595952510834,0.9998220205307007,0.4750422537326813,0.2973106801509857,-0.4212311804294586,0.9998351335525513,0.48785191774368286,0.29607224464416504,-0.2862488329410553,0.9991326928138733,0.4652799963951111,0.2992566227912903,-0.34779092669487,0.9998055100440979,0.4897382855415344,0.3227880001068115,-0.3764781951904297,0.9998095631599426,0.4822365641593933,0.3227282762527466,-0.3943653106689453,0.9999064803123474,0.502332329750061,0.3655347526073456,-0.1529834270477295,0.9997643828392029,0.432937353849411,0.38536620140075684,-0.3075983226299286,0.9999483227729797,0.5042176246643066,0.4626213610172272,-0.14269693195819855,0.8704025149345398,0.4318111836910248,0.49967730045318604,-0.32419487833976746,0.9959686398506165,0.4946073293685913,0.5380657911300659,-0.2921050190925598,0.8085541129112244,0.45941928029060364,0.5846394896507263,-0.37640082836151123,0.9859867095947266,0.49505695700645447,0.573492705821991,-0.33061501383781433,0.7285566329956055,0.4627927243709564,0.6182913780212402,-0.41309013962745667,0.9697608351707458,0.4914456903934479,0.5704891681671143,-0.35553473234176636,0.736293613910675,0.46929338574409485,0.612701952457428,-0.428720623254776,0.9692530632019043,0.48951706290245056,0.5638759136199951,-0.3069145977497101,0.7104063034057617,0.46944597363471985,0.6012567281723022,-0.38165414333343506,0.9530150294303894,0.4743358790874481,0.5453780889511108,0.042758677154779434,0.9996069073677063,0.43258336186408997,0.5501720309257507,-0.04281515255570412,0.9997305870056152,0.5033522844314575,0.6692770719528198,-0.08533957600593567,0.986019492149353,0.4206508696079254,0.7077868580818176,-0.10191456973552704,0.9926378130912781,0.5105727314949036,0.8206595182418823,0.0483977384865284,0.9840287566184998,0.3911322355270386,0.8332552313804626,-0.002720721997320652,0.9922124147415161,0.5016650557518005,0.8474053144454956,0.05952607840299606,0.9459600448608398,0.38328686356544495,0.8506520986557007,0.001693008467555046,0.8812820315361023,0.5361639261245728,0.8721967935562134,-0.03815560042858124,0.9761605858802795,0.39931198954582214,0.888207733631134,-0.12010110914707184,0.9824386239051819
86,0.4895438253879547,0.2974505126476288,-0.4181739091873169,0.9999178051948547,0.4887140095233917,0.2797243297100067,-0.40160322189331055,0.9997595548629761,0.4898506999015808,0.278965562582016,-0.4017432630062103,0.9997323155403137,0.4910125434398651,0.278427392244339,-0.4017203450202942,0.9997127056121826,0.48272451758384705,0.28037285804748535,-0.40785980224609375,0.999821126461029,0.47917431592941284,0.28049710392951965,-0.4078940749168396,0.9998356699943542,0.47530597448349,0.2807541489601135,-0.4078855514526367,0.999847948551178,0.4878019094467163,0.28358200192451477,-0.2772350609302521,0.9991909265518188,0.4652644395828247,0.2878589630126953,-0.3260219693183899,0.9998217225074768,0.4907222390174866,0.31049972772598267,-0.3691404461860657,0.9998242259025574,0.4830005466938019,0.31093865633010864,-0.37564948201179504,0.999914288520813,0.5038838982582092,0.3631013333797455,-0.14372961223125458,0.9997772574424744,0.43277230858802795,0.37988516688346863,-0.28992870450019836,0.9999513030052185,0.5065680146217346,0.46286872029304504,-0.111435666680336,0.8756715059280396,0.43035319447517395,0.4979526698589325,-0.3023888170719147,0.9962583184242249,0.49429526925086975,0.5401932001113892,-0.22596286237239838,0.815771222114563,0.4591960906982422,0.5726491212844849,-0.3506626486778259,0.9869897961616516,0.49457234144210815,0.5789328217506409,-0.2584209740161896,0.736627995967865,0.4633912146091461,0.6056634187698364,-0.38648322224617004,0.971673309803009,0.4912213087081909,0.5750657916069031,-0.2828884720802307,0.7444530129432678,0.4702884554862976,0.598513126373291,-0.4007374942302704,0.971178412437439,0.48924365639686584,0.5649416446685791,-0.23976656794548035,0.719373881816864,0.47000429034233093,0.586073100566864,-0.35538873076438904,0.9556578397750854,0.47506892681121826,0.5453115105628967,0.04877323657274246,0.9996230602264404,0.43304067850112915,0.5494304299354553,-0.048836514353752136,0.9997296333312988,0.5034547448158264,0.6697434186935425,-0.03934554010629654,0.9838799238204956,0.42127832770347595,0.7036749124526978,-0.12309542298316956,0.992175281047821,0.5108031034469604,0.8226126432418823,0.07314912974834442,0.9829292893409729,0.39129599928855896,0.8326732516288757,-0.025548983365297318,0.9917835593223572,0.501746654510498,0.84897780418396,0.07849904149770737,0.9442988634109497,0.3796394169330597,0.8505425453186035,-0.021334132179617882,0.8751927614212036,0.5353906750679016,0.8720700740814209,-0.016040345653891563,0.9749027490615845,0.40071162581443787,0.8842759728431702,-0.14441387355327606,0.9817445278167725
87,0.4934384226799011,0.2885165214538574,-0.3026741147041321,0.9998546838760376,0.49073001742362976,0.2729782462120056,-0.28811344504356384,0.9995757341384888,0.4912828803062439,0.27237120270729065,-0.28817445039749146,0.9995556473731995,0.4919275641441345,0.2718806564807892,-0.28822171688079834,0.9995163679122925,0.4862133860588074,0.27386271953582764,-0.30503252148628235,0.9996570348739624,0.48309051990509033,0.2739779055118561,-0.30512288212776184,0.9997124075889587,0.4795147776603699,0.2741844058036804,-0.30520763993263245,0.9997417330741882,0.48777464032173157,0.2771470248699188,-0.18935178220272064,0.9988404512405396,0.46842294931411743,0.28000572323799133,-0.26482218503952026,0.9997245669364929,0.4929829239845276,0.3014470040798187,-0.262311190366745,0.9997803568840027,0.4874758720397949,0.3020331859588623,-0.2839299738407135,0.9998939633369446,0.5048993825912476,0.35777851939201355,-0.08778955042362213,0.999769389629364,0.4321761131286621,0.37379196286201477,-0.23539486527442932,0.9999465942382812,0.5073713064193726,0.46472418308258057,-0.04994392395019531,0.8641155362129211,0.4291795790195465,0.49050354957580566,-0.245539128780365,0.9962887763977051,0.4902963936328888,0.5414869785308838,-0.15032435953617096,0.7887952923774719,0.45845267176628113,0.5541841983795166,-0.29707175493240356,0.9869013428688049,0.4885149896144867,0.5785486102104187,-0.1788688600063324,0.7095648646354675,0.4632877707481384,0.5836185216903687,-0.3326137959957123,0.9714415669441223,0.4910615384578705,0.5756396651268005,-0.20178791880607605,0.7190777063369751,0.4699362814426422,0.5766304731369019,-0.34409353137016296,0.970992922782898,0.4836132228374481,0.562786340713501,-0.16330930590629578,0.6942165493965149,0.46968457102775574,0.5651789307594299,-0.3010753393173218,0.9547727704048157,0.4769939184188843,0.5464359521865845,0.04309823364019394,0.9995952844619751,0.4340323507785797,0.5490662455558777,-0.04296320304274559,0.9996646642684937,0.503031849861145,0.6655169725418091,-0.11740045249462128,0.9837303161621094,0.4212118983268738,0.680313229560852,-0.1776217669248581,0.9914543032646179,0.5110429525375366,0.821343183517456,0.010385692119598389,0.9827175140380859,0.39419928193092346,0.8319633603096008,-0.05396492779254913,0.9906498789787292,0.5027232766151428,0.8473373651504517,0.017288032919168472,0.9413525462150574,0.3835048973560333,0.8482187986373901,-0.047039397060871124,0.8687031269073486,0.5279725193977356,0.8696773648262024,-0.09064073860645294,0.9747781753540039,0.4045112729072571,0.88343346118927,-0.17312787473201752,0.9804378151893616
88,0.4913628399372101,0.28868940472602844,-0.34744441509246826,0.9998651146888733,0.4897726774215698,0.2736915051937103,-0.33603933453559875,0.9996050596237183,0.4903947114944458,0.2734234631061554,-0.33610689640045166,0.9995853900909424,0.4910759925842285,0.2731578052043915,-0.33619362115859985,0.9995503425598145,0.4855749011039734,0.27336373925209045,-0.34507688879966736,0.9996816515922546,0.4830244183540344,0.27305230498313904,-0.3451354205608368,0.9997318983078003,0.4788905084133148,0.2728444039821625,-0.3452174961566925,0.9997592568397522,0.4869721233844757,0.27663829922676086,-0.22806575894355774,0.9989209175109863,0.4691363573074341,0.27665427327156067,-0.27093347907066345,0.9997431039810181,0.4907899498939514,0.30236926674842834,-0.302285760641098,0.99979567527771,0.48462536931037903,0.3028648793697357,-0.31238889694213867,0.9999011754989624,0.5048194527626038,0.3546968698501587,-0.12667305767536163,0.9997840523719788,0.43113991618156433,0.3640158474445343,-0.23439015448093414,0.9999462366104126,0.5095478892326355,0.4564968943595886,-0.0841529592871666,0.8735438585281372,0.42663246393203735,0.4690799117088318,-0.24117623269557953,0.9960691928863525,0.49200791120529175,0.5394697189331055,-0.1855693906545639,0.8014553189277649,0.44966253638267517,0.5405099987983704,-0.3166157603263855,0.9864019155502319,0.48975878953933716,0.5718388557434082,-0.21556466817855835,0.7231003046035767,0.4543386697769165,0.5691042542457581,-0.3575056791305542,0.9706162810325623,0.4908190667629242,0.5646309852600098,-0.24370676279067993,0.7325716614723206,0.4598467946052551,0.5589979290962219,-0.37409353256225586,0.9701451063156128,0.4845215678215027,0.5530514717102051,-0.19935032725334167,0.7070271968841553,0.45993030071258545,0.5472438335418701,-0.324502557516098,0.9529596567153931,0.47846347093582153,0.5397142171859741,0.027713635936379433,0.999590277671814,0.43478503823280334,0.5424415469169617,-0.027641305699944496,0.9996658563613892,0.5027557015419006,0.6722644567489624,-0.04183204472064972,0.9842981100082397,0.41857755184173584,0.6780871748924255,-0.1650361269712448,0.9919027090072632,0.511620819568634,0.8239904046058655,0.08424963802099228,0.9834258556365967,0.3961896598339081,0.831890881061554,-0.02338111586868763,0.9911875128746033,0.5032857060432434,0.8492715358734131,0.09017033129930496,0.9416046142578125,0.39061349630355835,0.8499752879142761,-0.017519570887088776,0.8739551901817322,0.5260236859321594,0.8689871430397034,-0.021657265722751617,0.9754535555839539,0.405415415763855,0.882866382598877,-0.1510246843099594,0.9813001155853271
89,0.4911637306213379,0.28330710530281067,-0.3090066909790039,0.9998758435249329,0.4897376596927643,0.2686186730861664,-0.29385942220687866,0.9996349811553955,0.49033018946647644,0.26846179366111755,-0.29390308260917664,0.9996154308319092,0.4909761846065521,0.26839694380760193,-0.29393842816352844,0.9995830059051514,0.4851808249950409,0.26834800839424133,-0.3060692846775055,0.999707043170929,0.48242151737213135,0.2680572271347046,-0.3061431646347046,0.9997527003288269,0.47842827439308167,0.2678607106208801,-0.3062044084072113,0.9997779130935669,0.48693642020225525,0.27283143997192383,-0.18975232541561127,0.9989915490150452,0.4694274663925171,0.2712581753730774,-0.24528585374355316,0.999763548374176,0.4903281033039093,0.2968655228614807,-0.2673811912536621,0.9998106956481934,0.4844692349433899,0.29708290100097656,-0.2834108769893646,0.999908983707428,0.5046414732933044,0.3524474501609802,-0.09120326489210129,0.9997956156730652,0.43027979135513306,0.3579729199409485,-0.1978582888841629,0.9999479651451111,0.5108764171600342,0.45164892077445984,-0.048086509108543396,0.8825313448905945,0.4238572120666504,0.4679519236087799,-0.20072151720523834,0.9961687922477722,0.4964987337589264,0.539492666721344,-0.148776575922966,0.8157152533531189,0.4500155448913574,0.533596396446228,-0.27087560296058655,0.9871247410774231,0.49453046917915344,0.5709434747695923,-0.1769820600748062,0.7395367622375488,0.45509201288223267,0.5629661083221436,-0.3068629205226898,0.9720048904418945,0.49272769689559937,0.5647172331809998,-0.20363713800907135,0.7488144636154175,0.46048054099082947,0.5546744465827942,-0.32140907645225525,0.9715766906738281,0.4888920187950134,0.5537403225898743,-0.1620544046163559,0.7236558794975281,0.46026840806007385,0.5433833003044128,-0.2763243019580841,0.9550124406814575,0.4805055856704712,0.5399167537689209,0.026264848187565804,0.9995769262313843,0.43746623396873474,0.5423816442489624,-0.026226939633488655,0.9996726512908936,0.5025929808616638,0.6783169507980347,-0.010837891139090061,0.9842506647109985,0.4181750416755676,0.6781719923019409,-0.1489633023738861,0.9921880960464478,0.5122566819190979,0.828557014465332,0.09087356925010681,0.9837995767593384,0.4018179774284363,0.8325657844543457,-0.047836244106292725,0.9915392994880676,0.5035822987556458,0.8534101247787476,0.09416808933019638,0.9415782690048218,0.40010544657707214,0.8554801940917969,-0.04477594047784805,0.8782991766929626,0.5260990858078003,0.869884192943573,-0.010445543564856052,0.975549042224884,0.4043819010257721,0.8801184296607971,-0.16870422661304474,0.9818511009216309
90,0.49084994196891785,0.28660252690315247,-0.313938707113266,0.9998849630355835,0.4896157383918762,0.2716727554798126,-0.29999908804893494,0.9996611475944519,0.4902438223361969,0.2713005542755127,-0.30002740025520325,0.999640166759491,0.4909266233444214,0.2710197865962982,-0.3000580966472626,0.9996102452278137,0.48490843176841736,0.27135658264160156,-0.31102731823921204,0.9997302293777466,0.4820176661014557,0.2708500921726227,-0.3111018240451813,0.9997710585594177,0.4781305193901062,0.2703245282173157,-0.3111603558063507,0.9997949004173279,0.48692256212234497,0.2750771939754486,-0.1973772794008255,0.9990584850311279,0.4692859649658203,0.27311718463897705,-0.24764592945575714,0.9997817873954773,0.48953789472579956,0.2995235323905945,-0.2726250886917114,0.9998223185539246,0.4834924042224884,0.2999660074710846,-0.28724390268325806,0.9999151229858398,0.5040077567100525,0.3495454490184784,-0.09986376762390137,0.9997971057891846,0.4286440908908844,0.3565894663333893,-0.18336547911167145,0.9999473690986633,0.5114910006523132,0.4469592273235321,-0.051793456077575684,0.8903939723968506,0.42048120498657227,0.4662077724933624,-0.17541289329528809,0.9961169362068176,0.496730774641037,0.5363782644271851,-0.14689858257770538,0.8267671465873718,0.44962698221206665,0.5266954302787781,-0.24781633913516998,0.9876036047935486,0.49501731991767883,0.5676799416542053,-0.17359209060668945,0.7511745691299438,0.4553191065788269,0.5533936619758606,-0.2809142470359802,0.9729159474372864,0.49262723326683044,0.5598393082618713,-0.2002672404050827,0.7602415680885315,0.4599991738796234,0.5425625443458557,-0.29670611023902893,0.9725450277328491,0.48983144760131836,0.5486463904380798,-0.15984033048152924,0.7350738048553467,0.45927348732948303,0.5316553711891174,-0.2537195384502411,0.9564470052719116,0.48078495264053345,0.5400740504264832,0.013467175886034966,0.9995227456092834,0.4372028708457947,0.5422874689102173,-0.013431874103844166,0.9996569156646729,0.5007005929946899,0.6819332838058472,-0.025128429755568504,0.984711766242981,0.41401559114456177,0.6768038272857666,-0.09294753521680832,0.9923487901687622,0.5122773051261902,0.8335350751876831,0.07501060515642166,0.9842594265937805,0.40380871295928955,0.8336401581764221,0.005776135716587305,0.9917912483215332,0.5034623146057129,0.8577134013175964,0.08574167639017105,0.9415024518966675,0.40653127431869507,0.8577897548675537,0.009112256579101086,0.8830873966217041,0.5278458595275879,0.8771190643310547,-0.02447996847331524,0.9758480787277222,0.4007946252822876,0.8784043788909912,-0.10438816994428635,0.9819843769073486
91,0.4874636232852936,0.28724002838134766,-0.3204064667224884,0.9998931884765625,0.48838260769844055,0.2733944356441498,-0.3068762719631195,0.9996870756149292,0.48937252163887024,0.272940456867218,-0.306914359331131,0.9996659159660339,0.49034783244132996,0.27254363894462585,-0.3069605529308319,0.9996384382247925,0.48323675990104675,0.272966593503952,-0.3136439621448517,0.9997511506080627,0.48042476177215576,0.272365927696228,-0.313711941242218,0.9997867941856384,0.47693151235580444,0.27171313762664795,-0.3137545883655548,0.9998088479042053,0.48692408204078674,0.2763761878013611,-0.20099703967571259,0.9991320967674255,0.46878188848495483,0.2745639681816101,-0.23101438581943512,0.9997960329055786,0.48735523223876953,0.3015042245388031,-0.277953565120697,0.9998319149017334,0.47973862290382385,0.30187997221946716,-0.28707945346832275,0.9999189376831055,0.5039788484573364,0.34986022114753723,-0.10514472424983978,0.9997983574867249,0.42866069078445435,0.3535316586494446,-0.15485034883022308,0.9999437928199768,0.5117903351783752,0.44619569182395935,-0.05323497951030731,0.8943890929222107,0.41760197281837463,0.46158748865127563,-0.1670660823583603,0.9938281774520874,0.4957664906978607,0.5370106101036072,-0.15656045079231262,0.8313485980033875,0.43063291907310486,0.4994090795516968,-0.27662384510040283,0.9844571948051453,0.4932946264743805,0.5672641396522522,-0.18447038531303406,0.7555191516876221,0.4292448163032532,0.5191458463668823,-0.31104978919029236,0.9686553478240967,0.49028530716896057,0.55948406457901,-0.21017290651798248,0.7644771337509155,0.4335823953151703,0.5074896216392517,-0.32372230291366577,0.968655526638031,0.48856911063194275,0.5488293170928955,-0.16999100148677826,0.7380644679069519,0.4354996979236603,0.49936777353286743,-0.28117793798446655,0.9514594078063965,0.4804069697856903,0.540346086025238,0.0104666817933321,0.9995061755180359,0.4371570944786072,0.5402273535728455,-0.010437125340104103,0.9996630549430847,0.49988916516304016,0.6851367354393005,-0.022446339949965477,0.9855788946151733,0.41388067603111267,0.6776950359344482,-0.07193951308727264,0.992782711982727,0.512183427810669,0.8357020616531372,0.07025221735239029,0.9851952791213989,0.40462806820869446,0.8353803157806396,0.025043101981282234,0.9923275709152222,0.5032898187637329,0.8590767979621887,0.07514916360378265,0.9436543583869934,0.40829330682754517,0.861368715763092,0.027970878407359123,0.8895859122276306,0.5307182669639587,0.8785662651062012,-0.030843550339341164,0.97697514295578,0.39582860469818115,0.8763152360916138,-0.08367302268743515,0.9828634858131409
92,0.483528733253479,0.2806512117385864,-0.3243407607078552,0.9999003410339355,0.48603054881095886,0.26834243535995483,-0.30865058302879333,0.9997090697288513,0.4875173270702362,0.2688058316707611,-0.3086848556995392,0.9996872544288635,0.48894739151000977,0.26923540234565735,-0.3087274730205536,0.9996623992919922,0.47993186116218567,0.2664088010787964,-0.3155249059200287,0.9997692704200745,0.4771403670310974,0.2659081220626831,-0.3155907690525055,0.9998005032539368,0.47414541244506836,0.26569709181785583,-0.31564247608184814,0.9998212456703186,0.4869183599948883,0.27463340759277344,-0.20055215060710907,0.9991891980171204,0.46830984950065613,0.271964967250824,-0.2317967563867569,0.9998089671134949,0.48558685183525085,0.29496830701828003,-0.2819034457206726,0.9998393058776855,0.47658273577690125,0.29588642716407776,-0.2912955582141876,0.9999222159385681,0.503933846950531,0.3486971855163574,-0.10517403483390808,0.9997955560684204,0.4290546178817749,0.35311517119407654,-0.16790468990802765,0.9999399185180664,0.512078046798706,0.4385697841644287,-0.06084917113184929,0.8998156785964966,0.4138759672641754,0.45880043506622314,-0.1704302579164505,0.9933037757873535,0.4954968988895416,0.5348384976387024,-0.15306192636489868,0.8383564352989197,0.4371263086795807,0.507511556148529,-0.25746092200279236,0.9836678504943848,0.4915598928928375,0.5652804970741272,-0.17899316549301147,0.762322723865509,0.43255460262298584,0.5337709188461304,-0.2919701337814331,0.9669896960258484,0.48866191506385803,0.5564150214195251,-0.20575250685214996,0.7707517147064209,0.4405125081539154,0.5265905857086182,-0.3067570626735687,0.9669320583343506,0.4876973330974579,0.5468138456344604,-0.16569876670837402,0.7435478568077087,0.4408521056175232,0.5155799984931946,-0.26382070779800415,0.9489550590515137,0.48025619983673096,0.5404548645019531,0.012326275929808617,0.9995144009590149,0.43657687306404114,0.5388854146003723,-0.012282096780836582,0.9996752142906189,0.49987271428108215,0.6844509840011597,-0.0323672890663147,0.985599160194397,0.41393980383872986,0.6785831451416016,-0.09139063209295273,0.9930135607719421,0.5118597149848938,0.8376743793487549,0.057980719953775406,0.9854766726493835,0.4057820737361908,0.8367674350738525,0.011865348555147648,0.992711067199707,0.501385509967804,0.8617662191390991,0.05950136110186577,0.9444724917411804,0.40903663635253906,0.8630234599113464,0.015539278276264668,0.8949031233787537,0.5319553017616272,0.8795850276947021,-0.05055887624621391,0.9770414233207703,0.3958033621311188,0.8762763738632202,-0.10067053884267807,0.983391523361206
93,0.48303335905075073,0.276608943939209,-0.33002710342407227,0.9999019503593445,0.4856199026107788,0.2655303478240967,-0.3139170706272125,0.9997175335884094,0.4871881902217865,0.2661515176296234,-0.3139565885066986,0.9996954202651978,0.48870840668678284,0.266813725233078,-0.31401416659355164,0.9996751546859741,0.4795518219470978,0.2635606825351715,-0.3212583661079407,0.9997723698616028,0.4768613874912262,0.26312360167503357,-0.32131558656692505,0.9997973442077637,0.4740435779094696,0.2629871368408203,-0.32137003540992737,0.9998170137405396,0.4871332347393036,0.2729639708995819,-0.20452666282653809,0.999234676361084,0.46836212277412415,0.2695326805114746,-0.23572829365730286,0.99980229139328,0.48530861735343933,0.2914341986179352,-0.28714364767074585,0.9998412132263184,0.4764719307422638,0.2912408113479614,-0.29705411195755005,0.9999184012413025,0.5038574934005737,0.3489093780517578,-0.1134275272488594,0.9998016357421875,0.4294910728931427,0.35176795721054077,-0.16490572690963745,0.9999151825904846,0.5116522312164307,0.440632700920105,-0.08578655868768692,0.9052286744117737,0.41396012902259827,0.4496878981590271,-0.17042721807956696,0.9899489283561707,0.4907574951648712,0.5356374382972717,-0.17721694707870483,0.8449601531028748,0.43964794278144836,0.509106457233429,-0.2662808895111084,0.9756869077682495,0.4878184199333191,0.5656378269195557,-0.20532719790935516,0.7694598436355591,0.44011515378952026,0.5342599153518677,-0.30201947689056396,0.9549080729484558,0.48427170515060425,0.5568905472755432,-0.2328304797410965,0.7774887681007385,0.44675907492637634,0.5269392728805542,-0.3188050091266632,0.9547783732414246,0.48393821716308594,0.5468823909759521,-0.18991650640964508,0.7485119104385376,0.4467943608760834,0.5169830918312073,-0.2743648886680603,0.9332359433174133,0.48011133074760437,0.5383157134056091,0.006876347586512566,0.99952632188797,0.435333251953125,0.5356614589691162,-0.006783919874578714,0.9996832013130188,0.49988120794296265,0.682927131652832,-0.06188233196735382,0.9859973192214966,0.4139573276042938,0.6787189245223999,-0.09732438623905182,0.9931513667106628,0.5121119022369385,0.8375426530838013,0.04554886743426323,0.9857946038246155,0.4062739312648773,0.8377040028572083,0.011946877464652061,0.9929898381233215,0.5014546513557434,0.8612245321273804,0.048506952822208405,0.9408131837844849,0.4100269377231598,0.8644199371337891,0.016620345413684845,0.8987962603569031,0.5296816825866699,0.8796970248222351,-0.07139432430267334,0.9769601821899414,0.39589473605155945,0.8767878413200378,-0.10412921756505966,0.9837404489517212
94,0.4877585470676422,0.27930399775505066,-0.31972214579582214,0.9999046325683594,0.4875193238258362,0.2648737132549286,-0.3031465709209442,0.9997293949127197,0.4887642562389374,0.26516589522361755,-0.30321651697158813,0.9997082948684692,0.4900348484516144,0.2655186057090759,-0.30328211188316345,0.999688982963562,0.48203980922698975,0.26381564140319824,-0.31299149990081787,0.9997791647911072,0.4791571795940399,0.26355642080307007,-0.3130456209182739,0.9998002648353577,0.47605031728744507,0.2636186182498932,-0.3130906820297241,0.9998169541358948,0.48784390091896057,0.2725229859352112,-0.19107705354690552,0.9992814660072327,0.468847393989563,0.27041536569595337,-0.23584149777889252,0.9998051524162292,0.4887969195842743,0.29386624693870544,-0.2756522297859192,0.9998452663421631,0.481486439704895,0.293992280960083,-0.28882476687431335,0.999918520450592,0.504935085773468,0.34929555654525757,-0.10090968012809753,0.9998087882995605,0.42949995398521423,0.35254570841789246,-0.16807372868061066,0.9999050498008728,0.5113447308540344,0.44250744581222534,-0.08163546025753021,0.904849648475647,0.41391903162002563,0.4529459774494171,-0.18886183202266693,0.9885121583938599,0.48806092143058777,0.5358510613441467,-0.18389394879341125,0.8457627892494202,0.432227224111557,0.5011307597160339,-0.3400173783302307,0.973343014717102,0.4849112927913666,0.5658813714981079,-0.21471630036830902,0.7707175612449646,0.4273030459880829,0.5169962644577026,-0.3833320736885071,0.9523540139198303,0.48219722509384155,0.5568351745605469,-0.24273131787776947,0.7786448001861572,0.43306028842926025,0.506771445274353,-0.4002217650413513,0.9523398876190186,0.4820212721824646,0.5476199388504028,-0.19759269058704376,0.7486562728881836,0.43451589345932007,0.49887317419052124,-0.34988829493522644,0.9296201467514038,0.4800164997577667,0.538466215133667,0.010855250991880894,0.9995303153991699,0.43420639634132385,0.5352404713630676,-0.0108202388510108,0.9996858835220337,0.5013601183891296,0.6821264624595642,-0.04231991246342659,0.9867450594902039,0.41603416204452515,0.6788437962532043,-0.09832543879747391,0.9934686422348022,0.5120893716812134,0.8368850350379944,0.06410767138004303,0.9865044355392456,0.4063534736633301,0.8385607004165649,0.005339030642062426,0.9933494925498962,0.5015597939491272,0.8610003590583801,0.0670027881860733,0.9422081112861633,0.4089166224002838,0.8644638061523438,0.009903312660753727,0.9022155404090881,0.5304033756256104,0.8796570301055908,-0.04914223030209541,0.9778432846069336,0.3977413475513458,0.8783528804779053,-0.1071852445602417,0.984386146068573
95,0.485336571931839,0.28102436661720276,-0.33827507495880127,0.9999061822891235,0.48673540353775024,0.26631808280944824,-0.32246726751327515,0.9997376799583435,0.48826318979263306,0.2666410505771637,-0.3224940001964569,0.9997142553329468,0.489777147769928,0.26690080761909485,-0.32255128026008606,0.9996956586837769,0.4808304011821747,0.2650238573551178,-0.32613810896873474,0.9997869729995728,0.47805842757225037,0.26488423347473145,-0.32620587944984436,0.9998051524162292,0.47518035769462585,0.264997273683548,-0.3262598216533661,0.9998224973678589,0.48830321431159973,0.27341005206108093,-0.20969915390014648,0.9993029832839966,0.46879130601882935,0.27213501930236816,-0.24223169684410095,0.9998118281364441,0.48751768469810486,0.2940729856491089,-0.2939654290676117,0.9998440742492676,0.4786871373653412,0.29659542441368103,-0.29855644702911377,0.9999192357063293,0.505530059337616,0.3493492603302002,-0.11518163233995438,0.9998041391372681,0.4297622740268707,0.3531831204891205,-0.1725488305091858,0.9999070763587952,0.5112558007240295,0.4426476061344147,-0.08309221267700195,0.9066599011421204,0.40757355093955994,0.4500103294849396,-0.1846579909324646,0.9889019131660461,0.4848373830318451,0.5362592935562134,-0.18072038888931274,0.8440725803375244,0.43302255868911743,0.5081485509872437,-0.29724064469337463,0.9733217358589172,0.4823289215564728,0.565843403339386,-0.21051892638206482,0.7672367095947266,0.43863412737846375,0.5276165008544922,-0.3332550823688507,0.9513974785804749,0.4794841706752777,0.5569646954536438,-0.238809272646904,0.7747012376785278,0.4451351463794708,0.5201388597488403,-0.34553277492523193,0.9512766599655151,0.4790341556072235,0.5473020076751709,-0.1946243941783905,0.7426590323448181,0.44361773133277893,0.5107733011245728,-0.30338773131370544,0.9277857542037964,0.4802588224411011,0.5385869145393372,0.012196085415780544,0.999539315700531,0.4344322383403778,0.5343605875968933,-0.012155905365943909,0.9996954202651978,0.5030924677848816,0.6817690134048462,-0.07899772375822067,0.9870355725288391,0.4172147810459137,0.6793926358222961,-0.09907177090644836,0.9935353398323059,0.512474000453949,0.8367176651954651,0.02299717254936695,0.9867730140686035,0.4084002673625946,0.8385079503059387,0.0029996612574905157,0.9935120344161987,0.5018514394760132,0.8613601922988892,0.02621944434940815,0.9429258704185486,0.4128113389015198,0.8657448887825012,0.007226636633276939,0.9043911695480347,0.5302259922027588,0.8793219923973083,-0.08861883729696274,0.978001058101654,0.3977665305137634,0.8784418702125549,-0.11409993469715118,0.9844760298728943
96,0.4872285723686218,0.28176549077033997,-0.32586440443992615,0.9998971223831177,0.48815715312957764,0.26670098304748535,-0.30761340260505676,0.999726414680481,0.48956507444381714,0.26713916659355164,-0.30767446756362915,0.9997020363807678,0.49097341299057007,0.26740577816963196,-0.307751327753067,0.9996859431266785,0.4824363887310028,0.26523903012275696,-0.31648632884025574,0.9997729659080505,0.4796525537967682,0.26505592465400696,-0.3165634274482727,0.9997878074645996,0.4767490327358246,0.2650894224643707,-0.31663066148757935,0.9998083114624023,0.48945826292037964,0.2746126651763916,-0.1889214664697647,0.9992952346801758,0.47008997201919556,0.2734094560146332,-0.2334040254354477,0.9998010396957397,0.48853999376296997,0.29511579871177673,-0.2793019711971283,0.9998325109481812,0.4802638292312622,0.2976555824279785,-0.29127237200737,0.9999128580093384,0.5065417289733887,0.3520539104938507,-0.09284451603889465,0.9997972846031189,0.4299883544445038,0.3535916805267334,-0.16360239684581757,0.9998993873596191,0.5111784338951111,0.45444566011428833,-0.06303580105304718,0.8972074389457703,0.402653306722641,0.44107258319854736,-0.19150210916996002,0.9879990816116333,0.48656126856803894,0.5363053679466248,-0.16810838878154755,0.8221598863601685,0.4180659055709839,0.48667845129966736,-0.32682040333747864,0.9684006571769714,0.4833574593067169,0.566091001033783,-0.19612644612789154,0.7445878982543945,0.4195699989795685,0.5048702955245972,-0.36813560128211975,0.9439497590065002,0.4797050356864929,0.5570254921913147,-0.224445641040802,0.7521374821662903,0.4266104996204376,0.4962569773197174,-0.38021188974380493,0.9436758160591125,0.47956380248069763,0.5477505922317505,-0.18193836510181427,0.7183085680007935,0.42702171206474304,0.48929715156555176,-0.33426564931869507,0.9167441725730896,0.4801686108112335,0.5407262444496155,0.015728605911135674,0.9995196461677551,0.43411529064178467,0.5347139239311218,-0.015621236525475979,0.9996817111968994,0.5029279589653015,0.681340754032135,-0.09458168596029282,0.9869962334632874,0.41822052001953125,0.6776204705238342,-0.18908937275409698,0.9936219453811646,0.5130804777145386,0.8380041718482971,0.013823610730469227,0.9867895245552063,0.40761372447013855,0.8389037251472473,-0.0783255398273468,0.9936240911483765,0.5029633045196533,0.8639368414878845,0.017432700842618942,0.9406439065933228,0.4117434620857239,0.8661516904830933,-0.07389438152313232,0.9042247533798218,0.5303800106048584,0.8815241456031799,-0.10350466519594193,0.9777778387069702,0.40280911326408386,0.8835635185241699,-0.21081659197807312,0.9845871329307556
97,0.4870816767215729,0.28328755497932434,-0.3261870741844177,0.999896228313446,0.4881304204463959,0.26720690727233887,-0.30924662947654724,0.9997284412384033,0.48958712816238403,0.2675151526927948,-0.30928710103034973,0.9997025728225708,0.4910758435726166,0.26767969131469727,-0.309349924325943,0.9996856451034546,0.48236265778541565,0.2659381031990051,-0.31983688473701477,0.999775230884552,0.4795641005039215,0.26570871472358704,-0.31990936398506165,0.9997875690460205,0.47663599252700806,0.2655968964099884,-0.31997114419937134,0.999809205532074,0.49005547165870667,0.27493181824684143,-0.19599981606006622,0.9992992877960205,0.4699959456920624,0.2739798128604889,-0.23719824850559235,0.999805748462677,0.4885055422782898,0.29712796211242676,-0.28151652216911316,0.9998295307159424,0.4801770746707916,0.29992473125457764,-0.29507744312286377,0.9999141097068787,0.5067022442817688,0.3532506227493286,-0.09759094566106796,0.9997932314872742,0.4305393099784851,0.35448548197746277,-0.16774889826774597,0.9999024271965027,0.5111446380615234,0.4600895941257477,-0.06594021618366241,0.8923417925834656,0.3989719748497009,0.4424065351486206,-0.19256582856178284,0.9882432222366333,0.4852988123893738,0.536704957485199,-0.16846956312656403,0.8107489943504333,0.42414385080337524,0.4923539459705353,-0.3198436498641968,0.9681694507598877,0.4816191494464874,0.5646992325782776,-0.19628602266311646,0.7334260940551758,0.4148584306240082,0.5033811926841736,-0.35911983251571655,0.9431605935096741,0.4783834218978882,0.5560859441757202,-0.2236381322145462,0.7407046556472778,0.4218786656856537,0.4922221899032593,-0.3718467354774475,0.942865252494812,0.4784013032913208,0.5466958284378052,-0.18179525434970856,0.7055743336677551,0.4223002791404724,0.48611506819725037,-0.3269853889942169,0.9153765439987183,0.4801381230354309,0.5430771112442017,0.02025638148188591,0.9995095729827881,0.4338393211364746,0.5365133881568909,-0.02019529789686203,0.9996830224990845,0.5047221779823303,0.6813258528709412,-0.0762343481183052,0.9867678880691528,0.4200184643268585,0.6778654456138611,-0.16800884902477264,0.9937477707862854,0.5131281018257141,0.839337170124054,0.05365768447518349,0.9868977665901184,0.40823429822921753,0.8389852046966553,-0.05117318779230118,0.9937623739242554,0.5031571388244629,0.8648554682731628,0.058934785425662994,0.9403086304664612,0.4107813835144043,0.865494966506958,-0.04587429389357567,0.9056971073150635,0.5321529507637024,0.8852046132087708,-0.05308116227388382,0.9775595664978027,0.40471401810646057,0.8851997256278992,-0.1741616427898407,0.984725832939148
98,0.4867996275424957,0.30574193596839905,-0.37711355090141296,0.9998981952667236,0.48811963200569153,0.2892811894416809,-0.3632163107395172,0.9997367858886719,0.48957985639572144,0.2886503338813782,-0.36323800683021545,0.9997098445892334,0.4910729229450226,0.28763654828071594,-0.3633071482181549,0.9996936917304993,0.4823308289051056,0.28924742341041565,-0.3706025779247284,0.9997822046279907,0.4794498682022095,0.2888436019420624,-0.37069571018218994,0.999792218208313,0.47650137543678284,0.28776729106903076,-0.3707473576068878,0.9998135566711426,0.49004611372947693,0.28764045238494873,-0.24631382524967194,0.9993225932121277,0.46951720118522644,0.2890944182872772,-0.27966663241386414,0.99981290102005,0.4877892732620239,0.3161717355251312,-0.32907673716545105,0.9998312592506409,0.47920140624046326,0.3179880678653717,-0.33915725350379944,0.999915599822998,0.5069299340248108,0.3549909293651581,-0.12727372348308563,0.9998043775558472,0.43137016892433167,0.35616353154182434,-0.1900617629289627,0.9999059438705444,0.5113427639007568,0.45998483896255493,-0.07019820064306259,0.8977366089820862,0.39940112829208374,0.440076619386673,-0.1941634714603424,0.9887945055961609,0.4854987859725952,0.5368766784667969,-0.16554515063762665,0.8196560740470886,0.42664387822151184,0.49873086810112,-0.29771801829338074,0.9687023162841797,0.4821316599845886,0.564940869808197,-0.19093537330627441,0.7427091002464294,0.4325803816318512,0.5133742690086365,-0.3318091630935669,0.9429407119750977,0.4789620041847229,0.5551414489746094,-0.21884216368198395,0.7494527697563171,0.4397529363632202,0.5036673545837402,-0.3433578610420227,0.9425233006477356,0.4787965714931488,0.5456652045249939,-0.17803941667079926,0.7138922810554504,0.43818196654319763,0.4948045015335083,-0.3026309013366699,0.9145888686180115,0.4800606667995453,0.5430789589881897,0.020118582993745804,0.999505341053009,0.43376249074935913,0.5351668000221252,-0.020063171163201332,0.9996747374534607,0.5044470429420471,0.6810126900672913,-0.07357954233884811,0.9860621690750122,0.4198245704174042,0.6773738861083984,-0.14447316527366638,0.9933933019638062,0.5138782262802124,0.8417880535125732,0.013656080700457096,0.9861652255058289,0.4085194766521454,0.8397923111915588,-0.041625961661338806,0.9935839176177979,0.5046151876449585,0.8675115704536438,0.015384615398943424,0.9380699396133423,0.41077321767807007,0.8670112490653992,-0.03817112743854523,0.9050694704055786,0.5332634449005127,0.8883874416351318,-0.09717267006635666,0.9760267734527588,0.40345603227615356,0.8848581910133362,-0.16419190168380737,0.9840315580368042
99,0.4825359880924225,0.3237743675708771,-0.362667441368103,0.9998789429664612,0.486127108335495,0.30833297967910767,-0.35012537240982056,0.9996934533119202,0.4879279136657715,0.3076190650463104,-0.35016149282455444,0.9996489882469177,0.4897070527076721,0.30647745728492737,-0.35023704171180725,0.9996281266212463,0.47935396432876587,0.308055579662323,-0.3556381165981293,0.9997484087944031,0.4764309525489807,0.30691003799438477,-0.35572004318237305,0.9997477531433105,0.4739954173564911,0.30502980947494507,-0.3557802140712738,0.9997774958610535,0.48916128277778625,0.3021419644355774,-0.23952025175094604,0.9992365837097168,0.46865254640579224,0.3015299439430237,-0.2760148346424103,0.999790608882904,0.48347991704940796,0.3320200443267822,-0.3166876435279846,0.9997988343238831,0.4743953347206116,0.33155766129493713,-0.3263535797595978,0.9999015927314758,0.5066098570823669,0.3594101071357727,-0.13146859407424927,0.9998050332069397,0.4325718283653259,0.3588223457336426,-0.17830756306648254,0.9999103546142578,0.5108606815338135,0.4610288739204407,-0.10500495880842209,0.8981651663780212,0.40213915705680847,0.44070732593536377,-0.19524407386779785,0.9888694882392883,0.48588189482688904,0.5386836528778076,-0.21687670052051544,0.8166056871414185,0.43299001455307007,0.5001651048660278,-0.3061490058898926,0.9678208231925964,0.48267969489097595,0.5652599334716797,-0.2486731857061386,0.7375597357749939,0.4467518627643585,0.5280690789222717,-0.34002694487571716,0.9404990673065186,0.4794805645942688,0.5555518269538879,-0.2735103666782379,0.7443035840988159,0.4495813250541687,0.5130580067634583,-0.3518860936164856,0.9400160908699036,0.47913482785224915,0.5462325215339661,-0.22921140491962433,0.7065002918243408,0.44798535108566284,0.5043628215789795,-0.3116886019706726,0.9112652540206909,0.47958770394325256,0.5465115904808044,0.012611876241862774,0.9994919300079346,0.4337567389011383,0.5340229868888855,-0.012535113841295242,0.9996739029884338,0.50430828332901,0.680787980556488,-0.10146357119083405,0.9851883053779602,0.4196510314941406,0.6802018284797668,-0.12144908308982849,0.9926997423171997,0.5142686367034912,0.8445013165473938,-0.02338757924735546,0.9851861000061035,0.4093494415283203,0.8409737944602966,-0.03767525777220726,0.9929435849189758,0.5047915577888489,0.8707596063613892,-0.022171666845679283,0.9373139142990112,0.41194242238998413,0.86798495054245,-0.03768241032958031,0.9044914245605469,0.5343341827392578,0.8878787159919739,-0.13591861724853516,0.9740610122680664,0.3986978530883789,0.8833503723144531,-0.15231630206108093,0.9822989106178284
100,0.48788076639175415,0.31974270939826965,-0.35930824279785156,0.9998663663864136,0.4894871115684509,0.30305230617523193,-0.34569501876831055,0.9996789693832397,0.4907051622867584,0.30236783623695374,-0.3457038104534149,0.9996312856674194,0.4919751286506653,0.30126717686653137,-0.34575212001800537,0.9996113777160645,0.483329713344574,0.3030121326446533,-0.35036423802375793,0.9997308254241943,0.47979873418807983,0.3023713231086731,-0.3504451811313629,0.9997254610061646,0.4763898253440857,0.30131494998931885,-0.3505099415779114,0.9997563362121582,0.4896031320095062,0.2987947463989258,-0.22976349294185638,0.99923175573349,0.46869832277297974,0.3001326620578766,-0.2689169943332672,0.9997774958610535,0.4866158068180084,0.32993990182876587,-0.3127957284450531,0.9997870326042175,0.4779912233352661,0.3311392366886139,-0.324720561504364,0.9998941421508789,0.5069887638092041,0.3598342537879944,-0.11921808868646622,0.99981290102005,0.43267807364463806,0.36121866106987,-0.17630153894424438,0.9999088048934937,0.5111271739006042,0.461591511964798,-0.07052666693925858,0.8978092074394226,0.3997822403907776,0.43625757098197937,-0.19173488020896912,0.9891043305397034,0.487386554479599,0.5424970984458923,-0.1660093516111374,0.818361759185791,0.42514485120773315,0.4927358031272888,-0.30604538321495056,0.9680481553077698,0.48398321866989136,0.5674813985824585,-0.19188465178012848,0.7386242747306824,0.4147339463233948,0.5017103552818298,-0.33853504061698914,0.9405828714370728,0.48195981979370117,0.5588549971580505,-0.21863675117492676,0.7451338171958923,0.4201488196849823,0.4890282452106476,-0.3519301116466522,0.9402240514755249,0.4817400872707367,0.5486673712730408,-0.1783333420753479,0.7066773176193237,0.42086952924728394,0.4834783375263214,-0.31146466732025146,0.9114087224006653,0.47967368364334106,0.5477550029754639,0.013767417520284653,0.9994829297065735,0.4336906671524048,0.536922037601471,-0.013679689727723598,0.9996460676193237,0.5041813850402832,0.6792662143707275,-0.11350474506616592,0.9853072762489319,0.4202284812927246,0.6802675127983093,-0.13699980080127716,0.9922527074813843,0.5142158269882202,0.8448762893676758,-0.041746314615011215,0.9849573969841003,0.41128554940223694,0.8416674733161926,-0.06269305944442749,0.9924959540367126,0.5047289133071899,0.8714115619659424,-0.04111900553107262,0.9370055198669434,0.4136181175708771,0.8699829578399658,-0.06168462708592415,0.9008241295814514,0.5342016220092773,0.8899770379066467,-0.1573832929134369,0.9738444685935974,0.4012218713760376,0.8840509057044983,-0.18887211382389069,0.9813280701637268
101,0.4942797124385834,0.3106190860271454,-0.27809926867485046,0.9998658895492554,0.492599219083786,0.29636746644973755,-0.2605665326118469,0.9996920228004456,0.49326416850090027,0.2956171929836273,-0.26063433289527893,0.999648928642273,0.4939393997192383,0.2947283387184143,-0.2607145309448242,0.9996305704116821,0.4873134195804596,0.29992738366127014,-0.2691660523414612,0.9997352957725525,0.4837225675582886,0.30179187655448914,-0.26920953392982483,0.999727189540863,0.47994866967201233,0.29810234904289246,-0.2692325711250305,0.999753475189209,0.48958703875541687,0.29733651876449585,-0.15195438265800476,0.9992882609367371,0.4700798988342285,0.29723870754241943,-0.1922372728586197,0.9997770190238953,0.4921077489852905,0.32136309146881104,-0.236295685172081,0.9997967481613159,0.4846608340740204,0.32720211148262024,-0.24814851582050323,0.9998947978019714,0.5080206394195557,0.3659946918487549,-0.08111737668514252,0.9998214840888977,0.4327446520328522,0.3651069402694702,-0.13243423402309418,0.9998993873596191,0.5109277367591858,0.4714285433292389,-0.07810743898153305,0.8947409987449646,0.40001195669174194,0.4314051568508148,-0.19342462718486786,0.9879649877548218,0.4879573583602905,0.5443078279495239,-0.21191763877868652,0.8141401410102844,0.42419496178627014,0.4878232181072235,-0.3702945411205292,0.962836742401123,0.48477551341056824,0.5689482092857361,-0.24764913320541382,0.735192060470581,0.4152231514453888,0.49986398220062256,-0.41376203298568726,0.934303343296051,0.48288190364837646,0.5600675940513611,-0.27181780338287354,0.7417982220649719,0.42304179072380066,0.48896971344947815,-0.42326825857162476,0.9337636232376099,0.4829684793949127,0.5500101447105408,-0.22468282282352448,0.7014031410217285,0.4281688332557678,0.4860227704048157,-0.37790271639823914,0.902327299118042,0.4797045886516571,0.5525867938995361,0.014610662125051022,0.9994999170303345,0.4336160123348236,0.5441220998764038,-0.014528871513903141,0.999648928642273,0.5043094158172607,0.6791959404945374,-0.13289600610733032,0.9860334992408752,0.42046990990638733,0.6867074966430664,-0.13593855500221252,0.9922415018081665,0.5143516063690186,0.8465345501899719,-0.04652557894587517,0.9854732155799866,0.4117969274520874,0.8433762192726135,-0.050171125680208206,0.992346465587616,0.5052181482315063,0.8737140893936157,-0.044778577983379364,0.9380195736885071,0.41403526067733765,0.8714701533317566,-0.048189226537942886,0.897560179233551,0.5362943410873413,0.8941393494606018,-0.16523943841457367,0.9745504260063171,0.4015318751335144,0.8858047723770142,-0.17564831674098969,0.980826199054718
102,0.4930975139141083,0.3067544102668762,-0.2667125165462494,0.9998681545257568,0.4922730624675751,0.29478588700294495,-0.24876588582992554,0.9997082352638245,0.49311867356300354,0.29437902569770813,-0.24884895980358124,0.9996681809425354,0.4939403235912323,0.29377996921539307,-0.24893155694007874,0.9996516704559326,0.4866867959499359,0.2987767457962036,-0.2551775574684143,0.9997427463531494,0.4831976890563965,0.29872792959213257,-0.2552417814731598,0.999733030796051,0.47956857085227966,0.2951401174068451,-0.2552705705165863,0.9997574687004089,0.4897174835205078,0.2954663634300232,-0.13702496886253357,0.9993404150009155,0.47017234563827515,0.2958289682865143,-0.16704745590686798,0.9997804164886475,0.49181267619132996,0.3192691504955292,-0.22387631237506866,0.9998070597648621,0.48398861289024353,0.32692772150039673,-0.23283474147319794,0.9998968839645386,0.508499026298523,0.36879047751426697,-0.06216014176607132,0.9998213052749634,0.43386682868003845,0.3653319478034973,-0.10815222561359406,0.9998919367790222,0.5107168555259705,0.4712982177734375,-0.07764150202274323,0.885693371295929,0.4000411629676819,0.4261366128921509,-0.18907098472118378,0.9853618144989014,0.48929843306541443,0.5448747873306274,-0.21039363741874695,0.8018335103988647,0.396970272064209,0.44429314136505127,-0.3838552236557007,0.959589958190918,0.48483511805534363,0.5694494247436523,-0.24431085586547852,0.7245219945907593,0.3913990259170532,0.4498991072177887,-0.42932063341140747,0.9319588541984558,0.48283883929252625,0.5592151284217834,-0.2669501304626465,0.7312772274017334,0.3977683484554291,0.43911436200141907,-0.4415554404258728,0.9317811131477356,0.4829380214214325,0.5500255227088928,-0.2227475345134735,0.6896681785583496,0.40090781450271606,0.4382171332836151,-0.3939494490623474,0.9001834392547607,0.47958168387413025,0.5558743476867676,0.016855670139193535,0.9995104074478149,0.43341097235679626,0.5471950769424438,-0.01678965426981449,0.9996467232704163,0.5050776600837708,0.6797709465026855,-0.14057350158691406,0.9862152934074402,0.42134571075439453,0.6873077154159546,-0.18398775160312653,0.9921984076499939,0.5146433115005493,0.8485846519470215,-0.06485456228256226,0.9856653809547424,0.41135209798812866,0.8438804745674133,-0.09806141257286072,0.9921942949295044,0.5052838921546936,0.8746818900108337,-0.06423339247703552,0.9379193186759949,0.4134058654308319,0.8710909485816956,-0.09583812206983566,0.8950877785682678,0.5389284491539001,0.9016622304916382,-0.183834046125412,0.9749698042869568,0.40435776114463806,0.8909553289413452,-0.22616785764694214,0.9805386662483215
103,0.491087943315506,0.30613866448402405,-0.29590904712677,0.9998750686645508,0.49219098687171936,0.293166846036911,-0.2807556688785553,0.9997276663780212,0.4929474890232086,0.2929267883300781,-0.2808144986629486,0.9996907114982605,0.49378299713134766,0.2922939658164978,-0.2808857560157776,0.9996758699417114,0.48564866185188293,0.2956258952617645,-0.28865301609039307,0.9997560381889343,0.4821319580078125,0.29584935307502747,-0.28872331976890564,0.9997457265853882,0.4785553812980652,0.2942802906036377,-0.28876563906669617,0.9997696280479431,0.4905242621898651,0.2959297001361847,-0.1680593192577362,0.9993929862976074,0.47011706233024597,0.2967372238636017,-0.19446797668933868,0.9997901916503906,0.4916537404060364,0.31876465678215027,-0.2530665993690491,0.9998207688331604,0.4825056791305542,0.32431355118751526,-0.2638121247291565,0.9999028444290161,0.5087319612503052,0.37137600779533386,-0.08073883503675461,0.9998285174369812,0.4341105818748474,0.36759939789772034,-0.12059500813484192,0.9998925924301147,0.5107015371322632,0.47476983070373535,-0.09135372936725616,0.885432779788971,0.4008391797542572,0.42988690733909607,-0.17251549661159515,0.9842404127120972,0.48871681094169617,0.5484275221824646,-0.22358569502830505,0.796974241733551,0.40278127789497375,0.4630238711833954,-0.3518105447292328,0.9574741721153259,0.4844513535499573,0.5751169919967651,-0.2591274678707123,0.7199179530143738,0.39993515610694885,0.47356823086738586,-0.3929368555545807,0.9297101497650146,0.4816001355648041,0.5617110133171082,-0.2824395000934601,0.7264876365661621,0.4055648744106293,0.4625822901725769,-0.4069863557815552,0.929806649684906,0.48200681805610657,0.5519679188728333,-0.23603394627571106,0.6833559274673462,0.4079461991786957,0.4592705965042114,-0.3604547381401062,0.8978886604309082,0.4796600341796875,0.5576534867286682,0.015520219691097736,0.9995280504226685,0.4334161579608917,0.5514936447143555,-0.01542587298899889,0.9996554255485535,0.5050275325775146,0.6787921190261841,-0.1939946562051773,0.9867361783981323,0.42120757699012756,0.6870670914649963,-0.22875328361988068,0.9922940135002136,0.5147807598114014,0.8483118414878845,-0.0902499407529831,0.9858389496803284,0.411091148853302,0.8464813828468323,-0.12186302989721298,0.9921475052833557,0.5052722692489624,0.8740695714950562,-0.08702094107866287,0.9375354647636414,0.41286584734916687,0.8722354173660278,-0.11774379760026932,0.8939409852027893,0.5366042852401733,0.8990517258644104,-0.21862629055976868,0.9755339622497559,0.4059561789035797,0.8949790596961975,-0.25988098978996277,0.9805703163146973
104,0.49082791805267334,0.30865195393562317,-0.28460630774497986,0.999882161617279,0.4921017587184906,0.295792818069458,-0.2685450315475464,0.9997467994689941,0.49305999279022217,0.2957943081855774,-0.2686143219470978,0.9997128844261169,0.49405306577682495,0.2956114113330841,-0.26869046688079834,0.9996998906135559,0.48560723662376404,0.29668039083480835,-0.2734717130661011,0.9997702836990356,0.4821312129497528,0.29696962237358093,-0.2735256552696228,0.9997583031654358,0.4786420166492462,0.2963610291481018,-0.2735383212566376,0.999779462814331,0.4910254180431366,0.2998010516166687,-0.15808910131454468,0.9994440674781799,0.47079285979270935,0.2997075915336609,-0.18100550770759583,0.9997970461845398,0.49136099219322205,0.32025212049484253,-0.24182479083538055,0.9998317360877991,0.4823002219200134,0.32417920231819153,-0.24895434081554413,0.9999057054519653,0.5088134407997131,0.3730962872505188,-0.08539261668920517,0.9998400211334229,0.4360029995441437,0.3675172030925751,-0.10474934428930283,0.9998837113380432,0.5113670229911804,0.4762657582759857,-0.09716816246509552,0.8932099938392639,0.4008961319923401,0.4293811321258545,-0.17752555012702942,0.981723964214325,0.48953163623809814,0.5481899380683899,-0.22268880903720856,0.8118894696235657,0.39398232102394104,0.450154572725296,-0.38061442971229553,0.9541956186294556,0.4853631258010864,0.575244665145874,-0.25724613666534424,0.738124668598175,0.3890332281589508,0.45831775665283203,-0.42465561628341675,0.9266311526298523,0.48188191652297974,0.5622885823249817,-0.279480904340744,0.744459331035614,0.3950522840023041,0.4486638009548187,-0.4403437674045563,0.9273221492767334,0.4821719527244568,0.553340494632721,-0.23395366966724396,0.7020329833030701,0.3980771005153656,0.44689399003982544,-0.3922257721424103,0.8957105875015259,0.47979602217674255,0.557117760181427,0.011881513521075249,0.9995298385620117,0.4340374767780304,0.5504900217056274,-0.011830240488052368,0.9996578097343445,0.5046312212944031,0.6790013909339905,-0.1128070205450058,0.9872943758964539,0.42117053270339966,0.6888188123703003,-0.14860135316848755,0.9922686815261841,0.5148630738258362,0.84862220287323,-0.05246306210756302,0.9864746332168579,0.41171127557754517,0.8494247198104858,-0.09942987561225891,0.9921554923057556,0.5055421590805054,0.8742201328277588,-0.05262386053800583,0.9383743405342102,0.413207083940506,0.8754343390464783,-0.08764348924160004,0.892794132232666,0.5364976525306702,0.8979071974754333,-0.17208553850650787,0.9764888286590576,0.405628502368927,0.8938695192337036,-0.2320413589477539,0.9805137515068054
105,0.4952103793621063,0.3122592568397522,-0.25836461782455444,0.9998846650123596,0.495024710893631,0.29966801404953003,-0.24244321882724762,0.9997546076774597,0.49563392996788025,0.2996176481246948,-0.24249643087387085,0.9997232556343079,0.4962661564350128,0.2993221879005432,-0.242553249001503,0.9997115731239319,0.48956966400146484,0.2996991276741028,-0.252959668636322,0.9997761249542236,0.4859388470649719,0.29993194341659546,-0.25301140546798706,0.9997633695602417,0.4818490445613861,0.30052250623703003,-0.25305524468421936,0.999784529209137,0.4914809763431549,0.30230140686035156,-0.136187344789505,0.9994664192199707,0.47198042273521423,0.30365511775016785,-0.18325099349021912,0.9998011589050293,0.4933343827724457,0.3240378797054291,-0.2158970981836319,0.9998360276222229,0.4858126938343048,0.32668358087539673,-0.23005342483520508,0.9999074339866638,0.5087907314300537,0.3754609525203705,-0.04895656555891037,0.9998489618301392,0.43694841861724854,0.3688461482524872,-0.11720331758260727,0.9998885989189148,0.5123410224914551,0.4781799912452698,-0.012062529101967812,0.8949782848358154,0.40063512325286865,0.43064287304878235,-0.1251877397298813,0.9827766418457031,0.4893011450767517,0.5480215549468994,-0.12434511631727219,0.8176488280296326,0.4301164448261261,0.504679799079895,-0.2263573855161667,0.9559770822525024,0.4850485026836395,0.5750995874404907,-0.1527610719203949,0.7438635230064392,0.43448078632354736,0.5259624123573303,-0.26119765639305115,0.9282262325286865,0.4817748963832855,0.5613622665405273,-0.17937302589416504,0.7499815821647644,0.44244131445884705,0.5169668793678284,-0.27179673314094543,0.9286468625068665,0.48198625445365906,0.5521823763847351,-0.13689297437667847,0.7070209383964539,0.440510094165802,0.5069693922996521,-0.2312776893377304,0.8967412710189819,0.4802478551864624,0.5564135313034058,0.017934316769242287,0.9995074272155762,0.43456193804740906,0.5496792793273926,-0.017852874472737312,0.9996404647827148,0.5042663216590881,0.6767638325691223,-0.10318097472190857,0.9869189858436584,0.4221380650997162,0.6886560916900635,-0.1670457273721695,0.9922358989715576,0.5153284668922424,0.8482731580734253,-0.04147149994969368,0.9860911965370178,0.41059181094169617,0.8503539562225342,-0.10463917255401611,0.9920828342437744,0.5061690211296082,0.8738085627555847,-0.0411260724067688,0.9358416795730591,0.40938225388526917,0.8755738139152527,-0.10290251672267914,0.8908073306083679,0.5350481867790222,0.8970481157302856,-0.15884838998317719,0.9761195778846741,0.4080018699169159,0.8981366157531738,-0.2349926382303238,0.9803269505500793
106,0.49580782651901245,0.3216926157474518,-0.27569231390953064,0.9998642206192017,0.4953276515007019,0.306277334690094,-0.2557286024093628,0.9997244477272034,0.49599796533584595,0.3056776523590088,-0.2558014988899231,0.9996898174285889,0.4966667890548706,0.30489015579223633,-0.25589221715927124,0.9996747374534607,0.4896261394023895,0.30741262435913086,-0.25463569164276123,0.9997435212135315,0.4859296679496765,0.3080070912837982,-0.2546595335006714,0.9997280836105347,0.4819602370262146,0.30841541290283203,-0.2546561062335968,0.9997569918632507,0.4917038679122925,0.3072230815887451,-0.14291344583034515,0.9994140267372131,0.4723983705043793,0.3113384544849396,-0.20458179712295532,0.9997783899307251,0.4940905272960663,0.33243945240974426,-0.23373886942863464,0.9998189806938171,0.48589542508125305,0.33704495429992676,-0.23904569447040558,0.9998992085456848,0.5099838972091675,0.37700870633125305,-0.06727378070354462,0.9998511672019958,0.43670156598091125,0.37613335251808167,-0.13560478389263153,0.9998919367790222,0.5129284262657166,0.4787963330745697,-0.0228499136865139,0.8897250890731812,0.39822500944137573,0.43489181995391846,-0.14638805389404297,0.9838792085647583,0.49062150716781616,0.5479575395584106,-0.1829824298620224,0.8093350529670715,0.42822521924972534,0.5004324316978455,-0.28305765986442566,0.9576728343963623,0.48629435896873474,0.5748945474624634,-0.21530836820602417,0.7354000210762024,0.43085142970085144,0.5192092061042786,-0.3217202126979828,0.9298014640808105,0.483426958322525,0.5608358383178711,-0.23896954953670502,0.7416467070579529,0.43783295154571533,0.5109772682189941,-0.33447176218032837,0.9301202297210693,0.4833998680114746,0.5514081716537476,-0.19585111737251282,0.698337972164154,0.4369294047355652,0.5027232766151428,-0.29081112146377563,0.8983991742134094,0.48028695583343506,0.5575547218322754,0.018289385363459587,0.9994910955429077,0.43455395102500916,0.5503513216972351,-0.01819610595703125,0.9996099472045898,0.5038009881973267,0.6756770610809326,-0.13709226250648499,0.986294150352478,0.424340158700943,0.6854214072227478,-0.17113018035888672,0.9914650917053223,0.5151519179344177,0.8481302857398987,-0.06760279834270477,0.9851117134094238,0.41219574213027954,0.8500835299491882,-0.09938539564609528,0.9911932349205017,0.50615394115448,0.8735483884811401,-0.06674287468194962,0.9318665862083435,0.41121146082878113,0.8740138411521912,-0.09775597602128983,0.8839455842971802,0.5331895351409912,0.8964729309082031,-0.18719691038131714,0.9749332666397095,0.40778738260269165,0.8978868126869202,-0.23058941960334778,0.9788262844085693
107,0.4986647665500641,0.32577356696128845,-0.3300694525241852,0.9997546672821045,0.49779680371284485,0.3101016581058502,-0.31519678235054016,0.9995355010032654,0.49833303689956665,0.30960750579833984,-0.31525519490242004,0.9994773268699646,0.49881935119628906,0.30899474024772644,-0.31532472372055054,0.9994416832923889,0.492276132106781,0.3099004924297333,-0.3241756856441498,0.999570906162262,0.48850664496421814,0.3097398281097412,-0.32424241304397583,0.9995357990264893,0.4845221936702728,0.3094807267189026,-0.3243074417114258,0.9995763301849365,0.49280062317848206,0.3096749782562256,-0.20469172298908234,0.9990149140357971,0.4749191999435425,0.3114626705646515,-0.2526862323284149,0.9995948076248169,0.4960162937641144,0.3361867070198059,-0.28572359681129456,0.9996914267539978,0.4882204234600067,0.3391960561275482,-0.2984655201435089,0.9998241662979126,0.5106856822967529,0.3811922073364258,-0.11486019939184189,0.9998401403427124,0.4367161989212036,0.37913668155670166,-0.174422949552536,0.9998675584793091,0.5129168033599854,0.48482489585876465,-0.08340397477149963,0.8803933262825012,0.40012410283088684,0.45365071296691895,-0.18385529518127441,0.9819315075874329,0.490579217672348,0.5488222241401672,-0.20518077909946442,0.792529284954071,0.43224629759788513,0.5107362866401672,-0.2970796227455139,0.9490697383880615,0.48634234070777893,0.576607346534729,-0.2364501804113388,0.7175578474998474,0.43391698598861694,0.5278663635253906,-0.33605432510375977,0.9178893566131592,0.4836266338825226,0.5613110065460205,-0.26102688908576965,0.724153995513916,0.4411931037902832,0.5180702805519104,-0.34900256991386414,0.9184101223945618,0.4833933115005493,0.5524278283119202,-0.21779339015483856,0.6812884211540222,0.4403713047504425,0.5094031095504761,-0.3047043979167938,0.8845012187957764,0.480368435382843,0.5620362162590027,0.017218871042132378,0.9993321895599365,0.43466922640800476,0.5510944724082947,-0.017118487507104874,0.9994477033615112,0.5022345185279846,0.6944618225097656,-0.050691649317741394,0.9812033176422119,0.42401233315467834,0.6917341947555542,-0.07629164308309555,0.9849261045455933,0.5154497623443604,0.8494868874549866,0.04279704391956329,0.9799919128417969,0.41386452317237854,0.8508859872817993,0.027679359540343285,0.9868512153625488,0.5064982175827026,0.8740121722221375,0.045645006000995636,0.9156340956687927,0.4119948744773865,0.8752087354660034,0.03170337527990341,0.8650937080383301,0.5331923961639404,0.8970487713813782,-0.06339084357023239,0.9677882790565491,0.4038727581501007,0.8944026231765747,-0.08895561844110489,0.9713823795318604
108,0.4976388216018677,0.32442888617515564,-0.3552088439464569,0.9997612833976746,0.4970320761203766,0.3092319369316101,-0.338491827249527,0.9995514154434204,0.49778953194618225,0.3090647757053375,-0.3385546803474426,0.9994978904724121,0.49855270981788635,0.30871260166168213,-0.33862894773483276,0.9994654059410095,0.4916490614414215,0.30915918946266174,-0.34398987889289856,0.9995824098587036,0.4879623353481293,0.30924931168556213,-0.3440552055835724,0.9995462894439697,0.4839239716529846,0.3092367947101593,-0.34409841895103455,0.9995824694633484,0.4940035939216614,0.3111688196659088,-0.22178345918655396,0.9990592002868652,0.4750021994113922,0.31268325448036194,-0.24910974502563477,0.9995970129966736,0.4956856369972229,0.33441394567489624,-0.309745192527771,0.9996984004974365,0.4876147210597992,0.33713236451148987,-0.31743860244750977,0.9998254776000977,0.5113981366157532,0.3823888599872589,-0.13328851759433746,0.9998437762260437,0.4375472664833069,0.38152745366096497,-0.16759051382541656,0.9998453259468079,0.5143705010414124,0.48423027992248535,-0.12262310087680817,0.8858452439308167,0.4016837477684021,0.45624789595603943,-0.1956454962491989,0.9806229472160339,0.4921432435512543,0.5495967268943787,-0.24388010799884796,0.8011106848716736,0.43196505308151245,0.5060641765594482,-0.3387715518474579,0.9420834183692932,0.48716461658477783,0.5774449706077576,-0.27890169620513916,0.7266610264778137,0.4310202896595001,0.5230465531349182,-0.3788631856441498,0.9085789322853088,0.4843149781227112,0.562407374382019,-0.3028162121772766,0.7330112457275391,0.4408959448337555,0.5134388208389282,-0.3955709636211395,0.909294605255127,0.4843810200691223,0.5527660250663757,-0.2559089958667755,0.6894789338111877,0.43901771306991577,0.5055108666419983,-0.3487521708011627,0.8737289309501648,0.4807988107204437,0.5656701326370239,0.016997728496789932,0.9993226528167725,0.4365997612476349,0.5555495619773865,-0.016906920820474625,0.999434769153595,0.5024884939193726,0.697507917881012,-0.028098996728658676,0.9815611839294434,0.4237576425075531,0.6972340941429138,-0.06905321031808853,0.985524594783783,0.5156028866767883,0.8527734279632568,0.07076334208250046,0.9805799722671509,0.4147263467311859,0.8516680002212524,0.03887971490621567,0.9872223734855652,0.5064594149589539,0.8768594264984131,0.07361654937267303,0.9161949157714844,0.4134063720703125,0.8750730752944946,0.04298698902130127,0.8632393479347229,0.5345703959465027,0.8992168307304382,-0.04104485735297203,0.9683898687362671,0.4040720760822296,0.8941851854324341,-0.08268675208091736,0.9717099070549011
109,0.5023090839385986,0.3243888020515442,-0.35311073064804077,0.9997630715370178,0.5006964206695557,0.3098640441894531,-0.3323619067668915,0.999561607837677,0.5011598467826843,0.3099193274974823,-0.3325001001358032,0.9995139241218567,0.5015967488288879,0.3098127245903015,-0.33258724212646484,0.9994841814041138,0.49568307399749756,0.3090270161628723,-0.3384234309196472,0.9995872974395752,0.49219200015068054,0.30886027216911316,-0.33854907751083374,0.9995498061180115,0.4884108901023865,0.30873236060142517,-0.33861663937568665,0.9995777606964111,0.4957665503025055,0.31307369470596313,-0.20893476903438568,0.9990955591201782,0.4794207215309143,0.31268683075904846,-0.23891569674015045,0.9995914697647095,0.4995574653148651,0.33536335825920105,-0.30712243914604187,0.9996997117996216,0.4927307367324829,0.3371748924255371,-0.3058897852897644,0.9998210072517395,0.5129268169403076,0.3840886652469635,-0.12382268905639648,0.9998471736907959,0.44172418117523193,0.3809181749820709,-0.16217051446437836,0.9998161196708679,0.5156779885292053,0.4829300343990326,-0.10489606857299805,0.8889536261558533,0.40295839309692383,0.45393070578575134,-0.20113489031791687,0.9796408414840698,0.4931240677833557,0.5493949055671692,-0.23512983322143555,0.8100763559341431,0.4148123860359192,0.502475380897522,-0.34757429361343384,0.9372827410697937,0.48769059777259827,0.577208936214447,-0.2692089080810547,0.7369728684425354,0.41834619641304016,0.5085325241088867,-0.3878922462463379,0.9022899270057678,0.4848847985267639,0.5628588199615479,-0.2938463091850281,0.7434079647064209,0.42752206325531006,0.5031414031982422,-0.4026726484298706,0.9031367301940918,0.48534780740737915,0.5532013773918152,-0.24779312312602997,0.6997343897819519,0.4257086515426636,0.49468186497688293,-0.3568994402885437,0.8660386800765991,0.4809379279613495,0.5660685896873474,0.020632315427064896,0.9993118047714233,0.4384567141532898,0.555057168006897,-0.020560121163725853,0.9994250535964966,0.5013195276260376,0.7044671177864075,-0.0007031590794213116,0.9818883538246155,0.42362287640571594,0.7004536390304565,-0.0758257582783699,0.9862403869628906,0.5156101584434509,0.8572067022323608,0.08678044378757477,0.981309711933136,0.414346307516098,0.8530263304710388,0.010554943233728409,0.9877985715866089,0.5065243244171143,0.8806690573692322,0.08857917785644531,0.9162302613258362,0.41332563757896423,0.8759486079216003,0.012354067526757717,0.8624515533447266,0.5344797372817993,0.9026948809623718,-0.022794436663389206,0.9692450761795044,0.40605130791664124,0.8967102766036987,-0.11366234719753265,0.9725963473320007
110,0.5039331316947937,0.32828572392463684,-0.3380657136440277,0.9997384548187256,0.5028990507125854,0.313216894865036,-0.3217656910419464,0.9995139837265015,0.5035732388496399,0.31268012523651123,-0.3218422830104828,0.9994665384292603,0.5041927695274353,0.3121386468410492,-0.3219218850135803,0.9994412660598755,0.4976295828819275,0.31223776936531067,-0.32919275760650635,0.9995391964912415,0.49413052201271057,0.3118145167827606,-0.32926052808761597,0.9994838237762451,0.4904240071773529,0.31130844354629517,-0.3293095529079437,0.999502956867218,0.49873343110084534,0.31428495049476624,-0.20789317786693573,0.999023973941803,0.481499582529068,0.3142080008983612,-0.24253645539283752,0.9995035529136658,0.5020156502723694,0.33821171522140503,-0.2932993471622467,0.9996506571769714,0.49525272846221924,0.3399589955806732,-0.3013264536857605,0.9997801780700684,0.5156713128089905,0.38409915566444397,-0.12186573445796967,0.999844491481781,0.4446982741355896,0.3805482089519501,-0.16110184788703918,0.9997674822807312,0.5175261497497559,0.4821166396141052,-0.10509020835161209,0.892329752445221,0.4077818691730499,0.45303457975387573,-0.18883498013019562,0.9764761328697205,0.49551308155059814,0.5493761897087097,-0.22489531338214874,0.817540168762207,0.4201532304286957,0.5018669962882996,-0.3044480085372925,0.9236679077148438,0.4902150332927704,0.577400803565979,-0.25701001286506653,0.7448945045471191,0.4224909842014313,0.5093894004821777,-0.33838894963264465,0.8841937184333801,0.4863702058792114,0.5633410811424255,-0.28229883313179016,0.7512289881706238,0.4309386909008026,0.5029774904251099,-0.3545011281967163,0.8854189515113831,0.48721903562545776,0.5532233715057373,-0.23733027279376984,0.7070478796958923,0.4307391941547394,0.49572017788887024,-0.3132789731025696,0.8458417057991028,0.4829689860343933,0.5650891661643982,0.017010007053613663,0.9992337226867676,0.44113224744796753,0.5544750094413757,-0.0169330146163702,0.9993740320205688,0.5011473298072815,0.7022070288658142,-0.010875946842133999,0.9822387099266052,0.42467960715293884,0.7012918591499329,-0.05719628185033798,0.9863753914833069,0.5156352519989014,0.8562504649162292,0.07194019854068756,0.9816911816596985,0.4174710810184479,0.852742075920105,0.02870514988899231,0.9880223870277405,0.5065233111381531,0.8798221945762634,0.07328858971595764,0.9149466753005981,0.41741058230400085,0.8787315487861633,0.030492456629872322,0.8598100543022156,0.5335661172866821,0.9019284844398499,-0.03732216730713844,0.9694276452064514,0.4055280089378357,0.8962521553039551,-0.090794138610363,0.9726749062538147
111,0.5126473307609558,0.3271144926548004,-0.3491649627685547,0.9997162222862244,0.5103713870048523,0.3115496039390564,-0.33311960101127625,0.999472975730896,0.5107157826423645,0.3110494911670685,-0.33318188786506653,0.9994268417358398,0.5109861493110657,0.31049224734306335,-0.3332604467868805,0.9993997812271118,0.5057033896446228,0.3109748959541321,-0.3463493287563324,0.9995161294937134,0.5022050738334656,0.3107040226459503,-0.34642526507377625,0.9994613528251648,0.4981679320335388,0.31042036414146423,-0.3464825749397278,0.9994766116142273,0.5037765502929688,0.31296196579933167,-0.2199370115995407,0.9989258050918579,0.48732486367225647,0.31348609924316406,-0.2810225188732147,0.9994860887527466,0.5111045241355896,0.33763766288757324,-0.3040459454059601,0.9996055960655212,0.5052724480628967,0.3392418920993805,-0.3214602470397949,0.9997590184211731,0.5199305415153503,0.38427045941352844,-0.11980467289686203,0.9998309016227722,0.4468981623649597,0.3821616768836975,-0.21237210929393768,0.9997528791427612,0.5182557702064514,0.4815732538700104,-0.08734779059886932,0.8861563205718994,0.4098527133464813,0.45522236824035645,-0.23474638164043427,0.9768603444099426,0.49695903062820435,0.5498074293136597,-0.17841173708438873,0.8088002800941467,0.43337973952293396,0.5075127482414246,-0.3272768557071686,0.9200903177261353,0.49238115549087524,0.5776751041412354,-0.20254866778850555,0.7332980036735535,0.4320659041404724,0.5274369716644287,-0.3605623245239258,0.8776028752326965,0.4898466169834137,0.5643813610076904,-0.22858141362667084,0.7399218082427979,0.4411686956882477,0.5148048996925354,-0.3718375563621521,0.8783808946609497,0.48966023325920105,0.5536471009254456,-0.19084374606609344,0.6958097815513611,0.441459596157074,0.5060845017433167,-0.33320891857147217,0.8358332514762878,0.4843513071537018,0.5645080804824829,0.025530802085995674,0.9991839528083801,0.44320282340049744,0.5540788173675537,-0.025449004024267197,0.9993669390678406,0.5011304616928101,0.7022892236709595,0.021206531673669815,0.9816323518753052,0.42923879623413086,0.7002195119857788,-0.08612039685249329,0.9868344664573669,0.5154399275779724,0.8561558723449707,0.11811743676662445,0.9817871451377869,0.4183996915817261,0.8527025580406189,0.015821540728211403,0.9885705709457397,0.5063614249229431,0.8794551491737366,0.12118355184793472,0.9144978523254395,0.41748037934303284,0.8783099055290222,0.009438026696443558,0.8609669804573059,0.5332721471786499,0.9002286195755005,0.017936738207936287,0.969385027885437,0.40638822317123413,0.8960639238357544,-0.11851807683706284,0.97370445728302
112,0.5171452760696411,0.3259517550468445,-0.38781341910362244,0.9997226595878601,0.5140898823738098,0.3104782700538635,-0.3708076775074005,0.9994841814041138,0.5142147541046143,0.310047447681427,-0.3708476722240448,0.9994380474090576,0.5143086314201355,0.30957308411598206,-0.3709225356578827,0.9994158744812012,0.5101217031478882,0.3099405765533447,-0.3849145770072937,0.9995368123054504,0.5068641304969788,0.3097400367259979,-0.38501033186912537,0.999484121799469,0.502958357334137,0.30956384539604187,-0.38508206605911255,0.9995006322860718,0.507117509841919,0.31231406331062317,-0.25440409779548645,0.9989407658576965,0.4917084872722626,0.3139198124408722,-0.3189036250114441,0.9995071887969971,0.5149874687194824,0.3367082476615906,-0.3418356776237488,0.999600350856781,0.5093897581100464,0.33843040466308594,-0.36070716381073,0.9997596144676208,0.5212506651878357,0.38734427094459534,-0.1490660458803177,0.9998042583465576,0.4488457441329956,0.38762837648391724,-0.24672561883926392,0.9997475147247314,0.5187102556228638,0.48116761445999146,-0.0996478870511055,0.8824504017829895,0.412318617105484,0.4560365080833435,-0.26097559928894043,0.9774355292320251,0.4971640706062317,0.5497283935546875,-0.18468435108661652,0.7998883128166199,0.4425043761730194,0.5154861807823181,-0.34353572130203247,0.9169366359710693,0.4920649826526642,0.5776090025901794,-0.20847998559474945,0.7211523056030273,0.44055384397506714,0.5397269129753113,-0.3774604797363281,0.8709090352058411,0.48960235714912415,0.5648044943809509,-0.23588545620441437,0.7277644872665405,0.4474429786205292,0.5303311944007874,-0.388921856880188,0.8707224726676941,0.4898575246334076,0.5537240505218506,-0.19745272397994995,0.6833066940307617,0.4469408690929413,0.5208635330200195,-0.3492218255996704,0.8244730830192566,0.48619624972343445,0.5641447901725769,0.025444362312555313,0.999160885810852,0.44437363743782043,0.5541624426841736,-0.02535856142640114,0.9993798732757568,0.501621425151825,0.7007561326026917,-0.0024887730833142996,0.9813346266746521,0.428954154253006,0.7014996409416199,-0.08943114429712296,0.9874721765518188,0.515468180179596,0.8571967482566833,0.09363783895969391,0.9820813536643982,0.4179121255874634,0.8552113175392151,0.0019813149701803923,0.9893192052841187,0.5062934756278992,0.8807836174964905,0.09644948691129684,0.9161416292190552,0.41694220900535583,0.8810260891914368,0.002052322728559375,0.866763174533844,0.5376830697059631,0.9013031721115112,-0.01246551238000393,0.9699459075927734,0.4051496684551239,0.8956468105316162,-0.12796436250209808,0.9751484990119934
113,0.5170151591300964,0.33385169506073,-0.39111092686653137,0.9997193813323975,0.5156955718994141,0.31638824939727783,-0.3750852644443512,0.9994605779647827,0.5162584185600281,0.31561383605003357,-0.37511205673217773,0.9994043707847595,0.5168148875236511,0.31467965245246887,-0.3751716613769531,0.9993778467178345,0.5104032754898071,0.31777453422546387,-0.38976410031318665,0.9995420575141907,0.5065324306488037,0.3184405565261841,-0.3898698687553406,0.9994962215423584,0.5022252798080444,0.3188911974430084,-0.3899408280849457,0.9995185136795044,0.5109688639640808,0.3181633949279785,-0.2574232816696167,0.9988137483596802,0.4917791485786438,0.32253676652908325,-0.32481518387794495,0.999530017375946,0.5157947540283203,0.3450559973716736,-0.3438887298107147,0.9995672702789307,0.5086181163787842,0.34772399067878723,-0.3635466694831848,0.9997639656066895,0.5221768021583557,0.38967984914779663,-0.1422826647758484,0.9997807145118713,0.449442982673645,0.3931984007358551,-0.24913521111011505,0.9997629523277283,0.5204921364784241,0.47117698192596436,-0.07642672955989838,0.869239866733551,0.41174477338790894,0.45524460077285767,-0.26239442825317383,0.9794485569000244,0.5103357434272766,0.5490905046463013,-0.147977814078331,0.7823837399482727,0.4408336281776428,0.5152735114097595,-0.3373478353023529,0.9230618476867676,0.49863794445991516,0.5678215622901917,-0.1679229587316513,0.7017014622688293,0.4442805349826813,0.5381148457527161,-0.3745555877685547,0.878344714641571,0.497405081987381,0.5588895678520203,-0.19432367384433746,0.708473801612854,0.4516356885433197,0.5289057493209839,-0.3847878575325012,0.8778160214424133,0.4972991645336151,0.5515519976615906,-0.1604028046131134,0.6655674576759338,0.45097672939300537,0.5198145508766174,-0.34345537424087524,0.8326987624168396,0.48918038606643677,0.572108268737793,0.028084246441721916,0.9991439580917358,0.4460212290287018,0.563798725605011,-0.028025001287460327,0.9993628263473511,0.5060226321220398,0.7007715106010437,-0.037849150598049164,0.9814572930335999,0.43018630146980286,0.7047092318534851,-0.09196774661540985,0.9878882169723511,0.5154637694358826,0.8589624762535095,0.04947119951248169,0.9825524687767029,0.41755789518356323,0.8558881878852844,-0.003149175550788641,0.9897714257240295,0.5051648616790771,0.8824899792671204,0.05194723233580589,0.9189673662185669,0.4163864552974701,0.881743848323822,-0.002501137088984251,0.870658278465271,0.5387289524078369,0.9047141671180725,-0.055292580276727676,0.970946192741394,0.40514126420021057,0.8968141078948975,-0.13092833757400513,0.9760856032371521
114,0.5135672092437744,0.35481658577919006,-0.36681127548217773,0.9997369647026062,0.5139747858047485,0.3351367115974426,-0.3509799540042877,0.9994885325431824,0.5152691006660461,0.33348289132118225,-0.35102012753486633,0.9994300007820129,0.5165325403213501,0.331644743680954,-0.3510799705982208,0.9994007349014282,0.5072934031486511,0.3374297022819519,-0.3628140389919281,0.999571681022644,0.5034469366073608,0.33726486563682556,-0.36289963126182556,0.9995290637016296,0.499417245388031,0.3360713720321655,-0.36295634508132935,0.999550998210907,0.5136919617652893,0.329291969537735,-0.2374853640794754,0.9988285899162292,0.4911229908466339,0.333089679479599,-0.29091876745224,0.9995654225349426,0.513343334197998,0.3628863990306854,-0.3215908706188202,0.9995852708816528,0.5049964189529419,0.36738523840904236,-0.33745211362838745,0.9997802972793579,0.5229778289794922,0.39379382133483887,-0.10241620242595673,0.999792218208313,0.4533863961696625,0.39280033111572266,-0.21709832549095154,0.9997829794883728,0.5265247821807861,0.47203680872917175,-0.03339929133653641,0.8704788684844971,0.4116491377353668,0.45501405000686646,-0.22633829712867737,0.9811822175979614,0.508587658405304,0.5462321639060974,-0.13081051409244537,0.7901931405067444,0.44136035442352295,0.5136897563934326,-0.3026156723499298,0.929133415222168,0.5004818439483643,0.5680018067359924,-0.15457460284233093,0.7109735012054443,0.44458290934562683,0.5390394330024719,-0.33584102988243103,0.8865296244621277,0.4987369775772095,0.5583783984184265,-0.18290862441062927,0.7176365256309509,0.45309117436408997,0.5258326530456543,-0.34435024857521057,0.8859019875526428,0.4996568560600281,0.5494576692581177,-0.14387710392475128,0.6752631664276123,0.4526297152042389,0.5180232524871826,-0.3057647943496704,0.8429166078567505,0.4900096654891968,0.5774092078208923,0.03524672985076904,0.9990797638893127,0.4476315379142761,0.5693997144699097,-0.03520176187157631,0.9993289113044739,0.5077241063117981,0.7083498239517212,0.006372206844389439,0.9805694222450256,0.4354356825351715,0.7083197236061096,-0.09289562702178955,0.9882283806800842,0.5152681469917297,0.8610767126083374,0.09045865386724472,0.9822192788124084,0.4172820746898651,0.8579955697059631,-0.021864162757992744,0.9900779724121094,0.504813015460968,0.883339524269104,0.09268803894519806,0.9198487401008606,0.4156901240348816,0.8822795748710632,-0.020509975031018257,0.8738694787025452,0.5382878184318542,0.9061199426651001,-0.005807920824736357,0.9704791903495789,0.4087945520877838,0.8993464708328247,-0.1432025283575058,0.9766457676887512
115,0.519578754901886,0.3482837677001953,-0.3111792206764221,0.9997466802597046,0.5191216468811035,0.32988470792770386,-0.29483455419540405,0.9995006322860718,0.5201396942138672,0.32865121960639954,-0.29487958550453186,0.9994356036186218,0.5211921334266663,0.32686930894851685,-0.29491254687309265,0.9993999600410461,0.5124868750572205,0.33175766468048096,-0.30908074975013733,0.9995904564857483,0.5082294344902039,0.3321835994720459,-0.3091583847999573,0.9995509386062622,0.5036987066268921,0.3319856822490692,-0.30922040343284607,0.9995748996734619,0.5164511799812317,0.32751256227493286,-0.17997074127197266,0.9987903833389282,0.49485790729522705,0.33218443393707275,-0.2452104091644287,0.9995938539505005,0.5196800827980042,0.3581133186817169,-0.26474863290786743,0.999579668045044,0.5107094049453735,0.36180004477500916,-0.2836524546146393,0.9997902512550354,0.5262957811355591,0.3922979235649109,-0.06547443568706512,0.9997960329055786,0.45850270986557007,0.3929319977760315,-0.187932550907135,0.9997987747192383,0.5294865369796753,0.4661535918712616,-0.007433104328811169,0.8620052933692932,0.4148530662059784,0.4557556211948395,-0.20663796365261078,0.9827969074249268,0.5126239061355591,0.5353456735610962,-0.10388340055942535,0.7960275411605835,0.44668659567832947,0.5191718339920044,-0.2893063426017761,0.9353965520858765,0.5073060393333435,0.5621340870857239,-0.12644200026988983,0.7194066643714905,0.4506107270717621,0.5421606302261353,-0.3216930031776428,0.8958033919334412,0.5041595101356506,0.552551805973053,-0.15199734270572662,0.7260059714317322,0.45900481939315796,0.534460186958313,-0.329841673374176,0.8951617479324341,0.5053550004959106,0.5421359539031982,-0.11628828197717667,0.6841610074043274,0.45851677656173706,0.5269691944122314,-0.29218924045562744,0.8550360798835754,0.4933425188064575,0.577018141746521,0.036409735679626465,0.9990298748016357,0.4512461721897125,0.5690614581108093,-0.0363798551261425,0.9992981553077698,0.5118219256401062,0.7080780863761902,-0.024267422035336494,0.9794899225234985,0.43952491879463196,0.7077059745788574,-0.16246119141578674,0.9884368777275085,0.5157347917556763,0.8604655265808105,0.04347307235002518,0.9816721081733704,0.4170793294906616,0.8580151200294495,-0.08725319802761078,0.9902220964431763,0.50497967004776,0.8828887343406677,0.04452858120203018,0.9193964600563049,0.41409146785736084,0.8821865916252136,-0.08472028374671936,0.8764150142669678,0.536074697971344,0.9059126973152161,-0.04569725692272186,0.9700639843940735,0.41016885638237,0.8990179300308228,-0.20368151366710663,0.9771565794944763
116,0.5319856405258179,0.3443463146686554,-0.2486584484577179,0.9997553825378418,0.5285767912864685,0.3288085162639618,-0.22937557101249695,0.9995302557945251,0.5288718342781067,0.3283971846103668,-0.2294492870569229,0.9994690418243408,0.5290989279747009,0.325490802526474,-0.2295149862766266,0.9994354844093323,0.5237341523170471,0.3298741281032562,-0.2462962418794632,0.9996111392974854,0.5199573636054993,0.33106857538223267,-0.2463361769914627,0.9995726346969604,0.5154277086257935,0.33072173595428467,-0.24635107815265656,0.9995939135551453,0.5210666060447693,0.3256637156009674,-0.11948975175619125,0.9988774061203003,0.5021778345108032,0.32997825741767883,-0.19632838666439056,0.9996177554130554,0.5311257243156433,0.356878399848938,-0.20617754757404327,0.9996028542518616,0.5247394442558289,0.36115390062332153,-0.22846534848213196,0.999801516532898,0.5281694531440735,0.3963513672351837,-0.0399298295378685,0.9998052716255188,0.4579336941242218,0.3971404731273651,-0.15055780112743378,0.9998003244400024,0.5299050211906433,0.469384104013443,-0.03313405066728592,0.8502224087715149,0.4167202413082123,0.45621323585510254,-0.20686091482639313,0.9837663173675537,0.5135506391525269,0.5367834568023682,-0.16642045974731445,0.7932190299034119,0.44304510951042175,0.5136999487876892,-0.3204132914543152,0.9389311075210571,0.5069459676742554,0.5628915429115295,-0.2019924372434616,0.719516396522522,0.43833813071250916,0.53733229637146,-0.3548998534679413,0.9007822275161743,0.5052617788314819,0.5522171258926392,-0.2194521129131317,0.7263489365577698,0.4473383128643036,0.5275841355323792,-0.36265501379966736,0.9001064300537109,0.5059522986412048,0.5431721806526184,-0.17834481596946716,0.684209942817688,0.4544033706188202,0.513984739780426,-0.32500478625297546,0.8608353734016418,0.4942942261695862,0.5789987444877625,0.035430073738098145,0.9990899562835693,0.452455997467041,0.5713678002357483,-0.03538530319929123,0.9993006587028503,0.5222197771072388,0.6935684680938721,-0.1423114836215973,0.9806302785873413,0.4393269121646881,0.706487238407135,-0.16639289259910583,0.9884889721870422,0.5168657898902893,0.8592038154602051,-0.06739174574613571,0.9822379350662231,0.4173874855041504,0.8574992418289185,-0.09753842651844025,0.9898396134376526,0.5057673454284668,0.8805115222930908,-0.06586414575576782,0.9220014214515686,0.4140530824661255,0.8802355527877808,-0.096687451004982,0.8723938465118408,0.5364528298377991,0.9065173268318176,-0.17056335508823395,0.9709033966064453,0.4097858667373657,0.8987165689468384,-0.21742814779281616,0.9763768911361694
117,0.5306729674339294,0.3536991477012634,-0.29405978322029114,0.9997732043266296,0.5294716358184814,0.33588021993637085,-0.276004821062088,0.999565064907074,0.530272364616394,0.33481475710868835,-0.27606919407844543,0.9995070695877075,0.5310180187225342,0.33285823464393616,-0.27612951397895813,0.9994754791259766,0.5235212445259094,0.3369285464286804,-0.289619117975235,0.9996396899223328,0.5197449326515198,0.33707451820373535,-0.28969886898994446,0.9996033906936646,0.5157161951065063,0.33651646971702576,-0.28975656628608704,0.9996234178543091,0.5250222682952881,0.3317279517650604,-0.16016939282417297,0.9989612698554993,0.5058518648147583,0.3361789882183075,-0.2236412614583969,0.9996480941772461,0.5301954746246338,0.36432018876075745,-0.24917636811733246,0.9996334910392761,0.5223170518875122,0.3672419488430023,-0.26733702421188354,0.9998177886009216,0.534315288066864,0.3975135385990143,-0.06215941160917282,0.9998196363449097,0.4627636671066284,0.39961162209510803,-0.16532137989997864,0.9998145699501038,0.5350435376167297,0.47721150517463684,-0.06370024383068085,0.8536617755889893,0.4226158857345581,0.4616825580596924,-0.20739522576332092,0.9849969744682312,0.5157729387283325,0.5400879979133606,-0.21391668915748596,0.8033864498138428,0.46168985962867737,0.5307360291481018,-0.31903496384620667,0.9433156847953796,0.5102061629295349,0.5685768127441406,-0.2511340081691742,0.7328383326530457,0.4650654196739197,0.555101215839386,-0.35397446155548096,0.9069963693618774,0.5081765651702881,0.553034245967865,-0.27383604645729065,0.7393214702606201,0.4721047282218933,0.5432265996932983,-0.36198461055755615,0.9062368869781494,0.5084730982780457,0.5446638464927673,-0.22680121660232544,0.6978715062141418,0.4721108078956604,0.5307620763778687,-0.32299157977104187,0.8684380650520325,0.5013457536697388,0.5785878896713257,0.03488948568701744,0.9991387724876404,0.4583456814289093,0.5704440474510193,-0.03486960008740425,0.9993221759796143,0.5297275185585022,0.6936757564544678,-0.11175557971000671,0.9817079901695251,0.44200432300567627,0.7060797810554504,-0.1652458757162094,0.9889930486679077,0.5210738778114319,0.8540340065956116,-0.013113241642713547,0.982801616191864,0.4199221730232239,0.8572671413421631,-0.06833121180534363,0.990202009677887,0.5093659162521362,0.874800443649292,-0.009520502761006355,0.9252826571464539,0.4166538417339325,0.8806666135787964,-0.06415185332298279,0.8754556775093079,0.5370532870292664,0.9082123041152954,-0.11258849501609802,0.9717365503311157,0.40957674384117126,0.898486852645874,-0.17403267323970795,0.9768362045288086
118,0.538858950138092,0.35234278440475464,-0.22696517407894135,0.9997612833976746,0.5359387993812561,0.33263665437698364,-0.20871685445308685,0.9995577335357666,0.5368788242340088,0.3312620520591736,-0.20877496898174286,0.999492347240448,0.5377506613731384,0.32917866110801697,-0.20883379876613617,0.9994539022445679,0.5291631817817688,0.3333051800727844,-0.22419367730617523,0.9996247887611389,0.5247652530670166,0.33303573727607727,-0.22421574592590332,0.9995858073234558,0.5204631686210632,0.3323160707950592,-0.22425514459609985,0.9996097683906555,0.5317261815071106,0.33026790618896484,-0.09992086887359619,0.9989521503448486,0.5107021927833557,0.33400294184684753,-0.16961060464382172,0.9996410012245178,0.5391541123390198,0.3601660132408142,-0.18425646424293518,0.9996122717857361,0.5315068960189819,0.36314883828163147,-0.20440061390399933,0.9998074173927307,0.5378801822662354,0.396694153547287,-0.0004186929145362228,0.9997932314872742,0.46937188506126404,0.4006185233592987,-0.12438882142305374,0.9998019933700562,0.5343762636184692,0.47715476155281067,0.067544125020504,0.793311357498169,0.4266599118709564,0.46205559372901917,-0.12661901116371155,0.9848427176475525,0.5237045884132385,0.5384186506271362,-0.013895000331103802,0.7530006170272827,0.455096572637558,0.5100011229515076,-0.17582173645496368,0.9420724511146545,0.522153913974762,0.5630829930305481,-0.03243663161993027,0.6897867321968079,0.45868366956710815,0.541285514831543,-0.1973390132188797,0.9044304490089417,0.5183013081550598,0.5416777729988098,-0.0544809028506279,0.6965770721435547,0.45966246724128723,0.5288423299789429,-0.211620032787323,0.9037010669708252,0.514153778553009,0.5369144082069397,-0.025365594774484634,0.6574375629425049,0.4670839011669159,0.5072375535964966,-0.18093402683734894,0.8651961088180542,0.5088232755661011,0.5785760879516602,0.037951093167066574,0.9991579651832581,0.4637465178966522,0.5785841941833496,-0.03786163404583931,0.9992563724517822,0.5526683330535889,0.6469892859458923,-0.16678881645202637,0.9823303818702698,0.44457730650901794,0.7056719660758972,-0.15749140083789825,0.9884381294250488,0.5268080830574036,0.8322593569755554,-0.0783270075917244,0.9831354022026062,0.41952037811279297,0.849218487739563,-0.06803090870380402,0.9892924427986145,0.512952446937561,0.8567910194396973,-0.07459137588739395,0.9288276433944702,0.41644370555877686,0.8696159720420837,-0.06406282633543015,0.8736005425453186,0.5456933975219727,0.8939602971076965,-0.1701742708683014,0.9724503755569458,0.41290220618247986,0.8983013033866882,-0.17468976974487305,0.9751748442649841
119,0.5390173196792603,0.36875370144844055,-0.2995857000350952,0.9997619390487671,0.5395585298538208,0.34978553652763367,-0.2874458134174347,0.9995676279067993,0.5405588746070862,0.3489386737346649,-0.28746604919433594,0.9995020627975464,0.5414780378341675,0.3476645052433014,-0.2875053286552429,0.9994606375694275,0.5328527688980103,0.3503549098968506,-0.29882368445396423,0.9996280670166016,0.5291555523872375,0.34955528378486633,-0.2988901436328888,0.9995895624160767,0.5253902673721313,0.34817489981651306,-0.2989458739757538,0.9996135830879211,0.5359489321708679,0.34578612446784973,-0.18688099086284637,0.9989697933197021,0.5160514116287231,0.3473052382469177,-0.24124695360660553,0.9996513724327087,0.5377746224403381,0.37956151366233826,-0.2590838670730591,0.9996216297149658,0.529827892780304,0.3800286650657654,-0.27462998032569885,0.9998151063919067,0.5418335199356079,0.405083030462265,-0.09009066224098206,0.9997984766960144,0.4777821898460388,0.40291091799736023,-0.18345478177070618,0.9998114109039307,0.535574197769165,0.4827893376350403,-0.05696796253323555,0.7782744765281677,0.43308383226394653,0.46122732758522034,-0.19488529860973358,0.9857248663902283,0.5207427740097046,0.550797700881958,-0.15233810245990753,0.7464993000030518,0.4565061628818512,0.5099008679389954,-0.25121691823005676,0.9444345831871033,0.5178446769714355,0.5752992033958435,-0.17604804039001465,0.6853095293045044,0.4544565975666046,0.5400311350822449,-0.2839125692844391,0.9070280194282532,0.5125507116317749,0.5542961955070496,-0.1929924190044403,0.6912767887115479,0.4600508511066437,0.5286587476730347,-0.29615968465805054,0.9063402414321899,0.5124997496604919,0.5560745000839233,-0.16195549070835114,0.6528447866439819,0.46208876371383667,0.5171686410903931,-0.25746119022369385,0.869278073310852,0.5098958611488342,0.5781430006027222,0.03603580966591835,0.9991396069526672,0.4672623574733734,0.5760823488235474,-0.035957515239715576,0.9992078542709351,0.5489480495452881,0.6596965193748474,-0.115568608045578,0.9822418689727783,0.4492376744747162,0.7052270770072937,-0.14605972170829773,0.9885349869728088,0.5405362844467163,0.8243871927261353,-0.03850580006837845,0.9828436374664307,0.4192548394203186,0.8493807315826416,-0.062130797654390335,0.9893758893013,0.5270719528198242,0.8495603799819946,-0.04363520070910454,0.9283323287963867,0.4162905812263489,0.8702439665794373,-0.05945362150669098,0.8710615038871765,0.5613800287246704,0.8791304230690002,-0.10080050677061081,0.9720309376716614,0.4142422378063202,0.8981470465660095,-0.1726289689540863,0.9749321341514587
120,0.5579859018325806,0.3597213327884674,-0.18757376074790955,0.9997180104255676,0.5536274313926697,0.341715544462204,-0.16957403719425201,0.999504566192627,0.5536152124404907,0.34101730585098267,-0.16962939500808716,0.9994432330131531,0.5535233020782471,0.3400227725505829,-0.1696666181087494,0.9993921518325806,0.5498471856117249,0.34244629740715027,-0.19011913239955902,0.9995726346969604,0.5469455122947693,0.3423002064228058,-0.19015724956989288,0.9995285868644714,0.543402373790741,0.3419957756996155,-0.1902311146259308,0.999546229839325,0.5439274907112122,0.3421356678009033,-0.07522868365049362,0.9988511800765991,0.5304169058799744,0.3456883132457733,-0.1685386300086975,0.9996134638786316,0.5561835765838623,0.3707117438316345,-0.15085740387439728,0.999550461769104,0.5517082810401917,0.37215280532836914,-0.17794722318649292,0.9997936487197876,0.5460080504417419,0.41203269362449646,0.009107263758778572,0.9997434020042419,0.4924161732196808,0.4034576117992401,-0.16597610712051392,0.9998148083686829,0.5376461744308472,0.4971008896827698,0.04928819462656975,0.734538197517395,0.4411351978778839,0.4610151946544647,-0.1923176348209381,0.9867436289787292,0.5293996930122375,0.5625118017196655,-0.04302201047539711,0.7181704640388489,0.47718480229377747,0.5248609185218811,-0.23604661226272583,0.9481963515281677,0.5223158001899719,0.580365777015686,-0.0638488233089447,0.6612658500671387,0.48196589946746826,0.5497784614562988,-0.2631184160709381,0.9124490022659302,0.5190722346305847,0.5639457702636719,-0.08387408405542374,0.6672889590263367,0.49018701910972595,0.5370224118232727,-0.265750527381897,0.9115226864814758,0.520447313785553,0.5561468601226807,-0.05391416326165199,0.6290082931518555,0.48895353078842163,0.5299735069274902,-0.23616056144237518,0.8751143217086792,0.5093940496444702,0.5832162499427795,0.053906749933958054,0.9991220235824585,0.4698147177696228,0.5784749984741211,-0.053843893110752106,0.9991750717163086,0.5678228735923767,0.6655566096305847,-0.10181562602519989,0.9816241264343262,0.45357546210289,0.7120105624198914,-0.11409417539834976,0.9882448315620422,0.5659078359603882,0.8294082880020142,-0.0220626387745142,0.9825464487075806,0.4187520146369934,0.8498901128768921,-0.01268203929066658,0.9887554049491882,0.5518894791603088,0.8550126552581787,-0.020624391734600067,0.9312553405761719,0.41319334506988525,0.8707147240638733,-0.007528605870902538,0.8665191531181335,0.5999121069908142,0.8748787045478821,-0.0992041602730751,0.9719841480255127,0.415849894285202,0.900847852230072,-0.10870122164487839,0.9726734757423401
121,0.5550510287284851,0.3868993818759918,-0.30570539832115173,0.9997252821922302,0.5566437244415283,0.3692984879016876,-0.2946520447731018,0.9995183944702148,0.5573202967643738,0.36808809638023376,-0.29468661546707153,0.9994619488716125,0.5578613877296448,0.36653414368629456,-0.2947635352611542,0.99941486120224,0.5508854985237122,0.36978232860565186,-0.31240421533584595,0.9995875954627991,0.5473479628562927,0.3689008355140686,-0.312490314245224,0.9995416402816772,0.5435590744018555,0.3673718571662903,-0.31255704164505005,0.9995590448379517,0.5501938462257385,0.3593061566352844,-0.1975691318511963,0.9989099502563477,0.5330897569656372,0.36198899149894714,-0.27541616559028625,0.9996333718299866,0.5520983934402466,0.39772406220436096,-0.2645709812641144,0.9995716214179993,0.5453682541847229,0.39810794591903687,-0.28804662823677063,0.9998058080673218,0.5528479814529419,0.4156632721424103,-0.10321974009275436,0.9997619986534119,0.4944598078727722,0.41287943720817566,-0.21796028316020966,0.9998291730880737,0.5484984517097473,0.5040490031242371,-0.07191991060972214,0.7439871430397034,0.444496750831604,0.4619121551513672,-0.23618337512016296,0.9873948097229004,0.5308083295822144,0.564509391784668,-0.17490658164024353,0.7238258123397827,0.47956207394599915,0.5274702310562134,-0.2794400751590729,0.9488600492477417,0.5257090926170349,0.5873472690582275,-0.20382261276245117,0.6662693023681641,0.4866449236869812,0.5595192313194275,-0.3020588457584381,0.9122438430786133,0.5230315327644348,0.5715035796165466,-0.22231599688529968,0.6721231341362,0.4949016571044922,0.5429791808128357,-0.3013131022453308,0.9108925461769104,0.5243992805480957,0.5610395073890686,-0.1848803162574768,0.6335723400115967,0.49170008301734924,0.5325202941894531,-0.2776309847831726,0.8733071684837341,0.5173994898796082,0.5836204886436462,0.05204472690820694,0.9989690184593201,0.47383812069892883,0.5843188166618347,-0.052045270800590515,0.9991014003753662,0.57361900806427,0.6840075850486755,-0.08941225707530975,0.9794571995735168,0.45462220907211304,0.7175792455673218,-0.14753156900405884,0.9868228435516357,0.5887941718101501,0.8312165141105652,-0.01575012318789959,0.980436384677887,0.41632652282714844,0.8555686473846436,-0.06855177879333496,0.9870218634605408,0.5771644711494446,0.8594279885292053,-0.014026098884642124,0.926615297794342,0.40936189889907837,0.8738819360733032,-0.06505177170038223,0.8568787574768066,0.6229002475738525,0.8763594627380371,-0.09883090108633041,0.9677162766456604,0.41495198011398315,0.9047079682350159,-0.17757074534893036,0.9671851396560669
122,0.5727174282073975,0.3790813982486725,-0.2534704804420471,0.9997370839118958,0.571379542350769,0.361111044883728,-0.2405240535736084,0.9995290040969849,0.5716484189033508,0.35965368151664734,-0.24055851995944977,0.9994773268699646,0.5717296004295349,0.3580250144004822,-0.24060016870498657,0.9994322061538696,0.5667031407356262,0.361772745847702,-0.2615218758583069,0.9996072053909302,0.5629217624664307,0.36145225167274475,-0.26160427927970886,0.9995604157447815,0.5587313771247864,0.36080875992774963,-0.2616826593875885,0.9995759129524231,0.5607522130012512,0.3552830219268799,-0.14921347796916962,0.9989436268806458,0.5456236004829407,0.3601979911327362,-0.26026761531829834,0.9996431469917297,0.5693114399909973,0.3896806240081787,-0.2153089940547943,0.9995768070220947,0.563223123550415,0.390939325094223,-0.24276337027549744,0.9998095631599426,0.5575807094573975,0.41808220744132996,-0.056776583194732666,0.9997633695602417,0.5043030977249146,0.41956302523612976,-0.2024911493062973,0.9998388886451721,0.5604073405265808,0.5050156116485596,-0.0020034934859722853,0.734818160533905,0.45858851075172424,0.46452564001083374,-0.22164078056812286,0.9879782199859619,0.5457974672317505,0.5711477994918823,-0.07250111550092697,0.7133840322494507,0.4759131073951721,0.5249021053314209,-0.261143296957016,0.9511594772338867,0.5427500605583191,0.5953315496444702,-0.08792904764413834,0.6545810103416443,0.47908318042755127,0.5548776984214783,-0.2829507887363434,0.9159845113754272,0.5336652994155884,0.5782890319824219,-0.1084107980132103,0.6607372760772705,0.4865381121635437,0.5423666834831238,-0.2904526889324188,0.9145569205284119,0.5345131754875183,0.5689172744750977,-0.0821380615234375,0.6230735778808594,0.48526325821876526,0.5294851064682007,-0.2624568045139313,0.8775842785835266,0.52059006690979,0.5904691219329834,0.0461757630109787,0.9989719986915588,0.47932708263397217,0.5880516171455383,-0.04613405466079712,0.9991185069084167,0.5786818861961365,0.6974957585334778,-0.06989569216966629,0.9806837439537048,0.45569562911987305,0.7275341153144836,-0.04271900653839111,0.9870248436927795,0.6146798729896545,0.8404495120048523,-0.05578295886516571,0.9817326068878174,0.41479018330574036,0.8619301915168762,0.045101288706064224,0.9874454140663147,0.6109433770179749,0.8726814985275269,-0.05963283032178879,0.9313917756080627,0.4080524742603302,0.8788009285926819,0.047937024384737015,0.8595141172409058,0.6510884165763855,0.8680756092071533,-0.14585822820663452,0.9697992205619812,0.4144926369190216,0.9044846892356873,-0.05958949774503708,0.9674806594848633
123,0.5786635279655457,0.39112910628318787,-0.24626877903938293,0.9997190833091736,0.579748272895813,0.37341803312301636,-0.2355675846338272,0.9994832277297974,0.5803509950637817,0.3720141351222992,-0.23558416962623596,0.9994126558303833,0.5809206366539001,0.37026095390319824,-0.23563389480113983,0.9993613958358765,0.5747270584106445,0.37396925687789917,-0.2556034326553345,0.9996029138565063,0.5683878064155579,0.38091838359832764,-0.25566938519477844,0.999546229839325,0.565656840801239,0.37991878390312195,-0.2557637691497803,0.9995689392089844,0.5735099911689758,0.3658917546272278,-0.14648202061653137,0.998835563659668,0.5574237108230591,0.3697068691253662,-0.2580554187297821,0.9996438026428223,0.5735008120536804,0.4068336486816406,-0.20816591382026672,0.9995015263557434,0.5676454901695251,0.407404363155365,-0.23436687886714935,0.9997939467430115,0.5623655319213867,0.42624562978744507,-0.03905642405152321,0.9996875524520874,0.5255058407783508,0.4207060933113098,-0.198184996843338,0.9998490214347839,0.5642942786216736,0.509935200214386,0.04324192926287651,0.6867446303367615,0.4673415422439575,0.46934080123901367,-0.2175672948360443,0.9876691102981567,0.5683667063713074,0.5701571702957153,-0.015821510925889015,0.6708217859268188,0.49923327565193176,0.528850257396698,-0.23007985949516296,0.9492046236991882,0.5706823468208313,0.5832136869430542,-0.026590488851070404,0.6171913146972656,0.5036200284957886,0.5561245679855347,-0.24779929220676422,0.9120694994926453,0.571673572063446,0.5778273940086365,-0.051740195602178574,0.6246428489685059,0.5143624544143677,0.5422843098640442,-0.25327399373054504,0.9102630615234375,0.5704420804977417,0.5659430027008057,-0.028293555602431297,0.5902760028839111,0.5084680914878845,0.5324994921684265,-0.2300349920988083,0.8713328838348389,0.5299263596534729,0.5964474081993103,0.04512271657586098,0.9987859725952148,0.4917215406894684,0.5918656587600708,-0.045079369097948074,0.9991252422332764,0.5897441506385803,0.7126688361167908,-0.044200349599123,0.9803376197814941,0.4592103958129883,0.7300001978874207,-0.05698665603995323,0.9873740077018738,0.6337234973907471,0.8472933769226074,-0.03479468822479248,0.9820948839187622,0.4143354296684265,0.864597499370575,0.00373221468180418,0.9881604909896851,0.6293479204177856,0.8828031420707703,-0.03342241793870926,0.9347688555717468,0.4081858694553375,0.8847641348838806,0.0049423472955822945,0.8678297996520996,0.6662702560424805,0.8578258752822876,-0.12731194496154785,0.970307469367981,0.4058930575847626,0.9011068344116211,-0.10240145772695541,0.968802809715271
124,0.5880144834518433,0.3878885507583618,-0.3380402624607086,0.9997331500053406,0.5897741913795471,0.36977338790893555,-0.32363367080688477,0.9995012879371643,0.5911405682563782,0.36863163113594055,-0.3236384987831116,0.9994298219680786,0.592437744140625,0.3673379719257355,-0.3236677944660187,0.999373197555542,0.5824493169784546,0.3715094029903412,-0.33964893221855164,0.9996286630630493,0.578061044216156,0.37345513701438904,-0.3397713601589203,0.9995766878128052,0.5739386081695557,0.37291961908340454,-0.3398978114128113,0.9996000528335571,0.5871301889419556,0.36771896481513977,-0.2138102948665619,0.9988338947296143,0.5655189156532288,0.3704204261302948,-0.28635647892951965,0.9996700286865234,0.5882611870765686,0.3997516334056854,-0.2924109995365143,0.9994986057281494,0.5797874927520752,0.4018433392047882,-0.31307700276374817,0.9998022317886353,0.5848708748817444,0.4262632429599762,-0.0780424103140831,0.9996163845062256,0.5339143872261047,0.42883267998695374,-0.24037227034568787,0.9998604655265808,0.5814565420150757,0.5151705741882324,0.007850035093724728,0.6515028476715088,0.48217064142227173,0.48214834928512573,-0.24786634743213654,0.9885705709457397,0.5728077292442322,0.5830610394477844,-0.06258068233728409,0.6304234862327576,0.5252655744552612,0.5511579513549805,-0.2522125840187073,0.9520618319511414,0.5719213485717773,0.5960960984230042,-0.07564600557088852,0.5804905891418457,0.5354915857315063,0.572090208530426,-0.25275787711143494,0.915838897228241,0.5684093236923218,0.5921246409416199,-0.09881564974784851,0.5878679752349854,0.5430760979652405,0.5622309446334839,-0.278726726770401,0.9137808680534363,0.5689842700958252,0.5820009708404541,-0.07344264537096024,0.5560668110847473,0.5383338332176208,0.5525686144828796,-0.231001079082489,0.8752000331878662,0.5438902974128723,0.6058762669563293,0.043659500777721405,0.9987804889678955,0.5016566514968872,0.5935320854187012,-0.04361797869205475,0.9991620182991028,0.5984708666801453,0.7287406325340271,-0.049848057329654694,0.9800253510475159,0.46271929144859314,0.7378827333450317,-0.043922919780015945,0.9877797961235046,0.6426443457603455,0.8582584261894226,-0.029302479699254036,0.9829540252685547,0.41411876678466797,0.8638690710067749,0.03119083307683468,0.9887812733650208,0.6403801441192627,0.8961296081542969,-0.030459843575954437,0.9387491941452026,0.4066563546657562,0.8839896321296692,0.03303631395101547,0.8741133213043213,0.6775147914886475,0.8558945059776306,-0.12162720412015915,0.9717108011245728,0.4072030782699585,0.902109682559967,-0.08136603236198425,0.9697250127792358
125,0.6121089458465576,0.38821497559547424,-0.25207656621932983,0.9994561076164246,0.6087616086006165,0.37207990884780884,-0.24083508551120758,0.9989427328109741,0.6086624264717102,0.37107810378074646,-0.24086661636829376,0.9989033937454224,0.6084184646606445,0.36988914012908936,-0.24093292653560638,0.9988646507263184,0.60507732629776,0.37328004837036133,-0.26680663228034973,0.9992952942848206,0.6023356914520264,0.3738431930541992,-0.2669057250022888,0.9991858601570129,0.5991612672805786,0.3738155663013458,-0.26704150438308716,0.9992312788963318,0.5962152481079102,0.37144386768341064,-0.1617612987756729,0.9978655576705933,0.5868651866912842,0.3753068745136261,-0.2676357328891754,0.999282956123352,0.6094472408294678,0.3987620174884796,-0.21752232313156128,0.9987239241600037,0.6043632626533508,0.40028032660484314,-0.25150588154792786,0.9994375109672546,0.5955942869186401,0.440425306558609,-0.056272465735673904,0.9993990063667297,0.5460414886474609,0.4417415261268616,-0.24679981172084808,0.9998066425323486,0.5832497477531433,0.5309787392616272,0.022418593987822533,0.6009010076522827,0.49942073225975037,0.49909356236457825,-0.25336068868637085,0.982516348361969,0.5825414061546326,0.5837603807449341,-0.018720723688602448,0.5811599493026733,0.5470836758613586,0.5638235211372375,-0.2411370873451233,0.9244222640991211,0.5808385014533997,0.5944115519523621,-0.025426805019378662,0.537671685218811,0.5621393918991089,0.5848510265350342,-0.2550850808620453,0.8855626583099365,0.580878496170044,0.5907620787620544,-0.046058349311351776,0.5453088283538818,0.5702077746391296,0.5735672116279602,-0.2585976719856262,0.8818730711936951,0.5802136659622192,0.5811174511909485,-0.02843320369720459,0.5163842439651489,0.5660268068313599,0.5635691285133362,-0.23618946969509125,0.8356160521507263,0.5461776852607727,0.6064355373382568,0.04859573394060135,0.9981446862220764,0.5053659081459045,0.5952507257461548,-0.04858345910906792,0.9988081455230713,0.5967732071876526,0.729363739490509,-0.03643283620476723,0.9753866791725159,0.47185394167900085,0.7378771901130676,-0.05893914774060249,0.9854467511177063,0.6501238346099854,0.862119734287262,-0.02517361380159855,0.9818152189254761,0.4147810935974121,0.8643454909324646,0.012265229597687721,0.9877458810806274,0.6484577655792236,0.9016556739807129,-0.025959081947803497,0.9373257756233215,0.4070946276187897,0.8835329413414001,0.01415689941495657,0.8709754943847656,0.6822279095649719,0.861677885055542,-0.10745732486248016,0.9695705771446228,0.40731745958328247,0.9017260074615479,-0.08957519382238388,0.9655418395996094
126,0.6244746446609497,0.3987865746021271,-0.2582034170627594,0.9994628429412842,0.6235266327857971,0.3811097741127014,-0.24507834017276764,0.998949408531189,0.6237363219261169,0.37980344891548157,-0.2450585663318634,0.9988981485366821,0.6237986087799072,0.3782956004142761,-0.2450060248374939,0.9988723993301392,0.6189567446708679,0.3822713792324066,-0.28642570972442627,0.9993138909339905,0.6158208847045898,0.38230857253074646,-0.28654447197914124,0.9992072582244873,0.6121369004249573,0.3824310302734375,-0.28667840361595154,0.9992600679397583,0.6109533309936523,0.37838390469551086,-0.16293920576572418,0.9978097081184387,0.5978786945343018,0.3839217722415924,-0.28791236877441406,0.9992980360984802,0.621036946773529,0.40904054045677185,-0.22114144265651703,0.9986712336540222,0.6158798336982727,0.4099773168563843,-0.2715359330177307,0.9994183778762817,0.6016874313354492,0.4332347512245178,-0.040878668427467346,0.9993409514427185,0.5603374242782593,0.4509502351284027,-0.27024710178375244,0.9997891187667847,0.6002151966094971,0.5265126824378967,0.07277368009090424,0.5680932998657227,0.5126664042472839,0.5246663689613342,-0.2659882605075836,0.9817426204681396,0.6041803359985352,0.5799732208251953,0.047481801360845566,0.5540916323661804,0.5722854137420654,0.569040834903717,-0.25143060088157654,0.925665557384491,0.6027340292930603,0.5935295820236206,0.041343316435813904,0.5153805017471313,0.5857754349708557,0.5832201838493347,-0.27166131138801575,0.887862503528595,0.6045857667922974,0.5822774767875671,0.01639394462108612,0.5237773060798645,0.5921963453292847,0.5695554614067078,-0.27757754921913147,0.8839035034179688,0.602288544178009,0.5801305174827576,0.03630824014544487,0.49657711386680603,0.5878724455833435,0.5637649297714233,-0.24999862909317017,0.8350467681884766,0.5562814474105835,0.6091402173042297,0.056211236864328384,0.9977486729621887,0.5189872980117798,0.6035589575767517,-0.0561826154589653,0.9984148144721985,0.6112876534461975,0.7324417233467102,-0.03175564855337143,0.9738107323646545,0.4827752411365509,0.7412666082382202,-0.05929962173104286,0.982246458530426,0.6557943820953369,0.8726502060890198,-0.009243217296898365,0.98143070936203,0.4148654639720917,0.8639989495277405,0.026272263377904892,0.9860394597053528,0.6471911072731018,0.9065216779708862,-0.01123375166207552,0.9386004209518433,0.4042564034461975,0.8828385472297668,0.02986929938197136,0.8649467825889587,0.6869370341300964,0.891294538974762,-0.08867862075567245,0.968689501285553,0.4077915847301483,0.9033786654472351,-0.0736168697476387,0.9601884484291077
127,0.6398224234580994,0.4210030436515808,-0.18608254194259644,0.9993876814842224,0.6400424242019653,0.39723721146583557,-0.17992380261421204,0.9988142251968384,0.6399812698364258,0.3955165147781372,-0.1799689084291458,0.9987456202507019,0.6398322582244873,0.3937813639640808,-0.18003621697425842,0.9987519383430481,0.6369310617446899,0.39755016565322876,-0.20861676335334778,0.9991611242294312,0.6339501142501831,0.39613959193229675,-0.20867450535297394,0.9989952445030212,0.6314982175827026,0.3951503038406372,-0.2087567150592804,0.9990567564964294,0.6249415874481201,0.38971343636512756,-0.11921726167201996,0.9976673722267151,0.6180535554885864,0.3934348523616791,-0.24926596879959106,0.9990416765213013,0.63465416431427,0.43243607878685,-0.1568378061056137,0.9985787868499756,0.6292580366134644,0.43124154210090637,-0.1940893828868866,0.9992399215698242,0.6052520871162415,0.43773239850997925,-0.008798683993518353,0.9993698596954346,0.5784451961517334,0.4512340724468231,-0.24811048805713654,0.9997818470001221,0.6038906574249268,0.5427652597427368,0.10654492676258087,0.5279891490936279,0.5486501455307007,0.5472012758255005,-0.2427607923746109,0.9657743573188782,0.6234990358352661,0.5892407894134521,0.10893557965755463,0.5433869957923889,0.5938488841056824,0.5748300552368164,-0.17648570239543915,0.9159287810325623,0.622535765171051,0.5932412147521973,0.1115410178899765,0.5125647187232971,0.6089603900909424,0.5883304476737976,-0.19331298768520355,0.8804358839988708,0.6281750798225403,0.5821996331214905,0.08441532403230667,0.5222383737564087,0.6137446761131287,0.5733208060264587,-0.19968098402023315,0.8763130307197571,0.6303064227104187,0.5917782783508301,0.09805645048618317,0.4956674575805664,0.6095736026763916,0.5693448781967163,-0.17606867849826813,0.8243066668510437,0.5604930520057678,0.6211013793945312,0.061679139733314514,0.9977633357048035,0.5307300686836243,0.6280175447463989,-0.06168204918503761,0.9983806014060974,0.6220699548721313,0.7250292301177979,0.03562223166227341,0.9697594046592712,0.4844546616077423,0.7565205693244934,-0.006529704201966524,0.9794209599494934,0.6550859808921814,0.8745338320732117,0.08349678665399551,0.9801475405693054,0.41479843854904175,0.8664882779121399,0.1211661770939827,0.985551118850708,0.6483021378517151,0.9045953154563904,0.0851493701338768,0.9380708932876587,0.4032159745693207,0.8822782039642334,0.131140798330307,0.8661842346191406,0.6864585876464844,0.9022484421730042,0.028550516813993454,0.9674206972122192,0.40874963998794556,0.9063320159912109,0.05585751682519913,0.9591242074966431
128,0.6533224582672119,0.4211216866970062,-0.10131238400936127,0.9992185235023499,0.6517106294631958,0.4012259244918823,-0.09101084619760513,0.9987390041351318,0.6510609984397888,0.39984259009361267,-0.09106948226690292,0.9985870718955994,0.650314211845398,0.398445188999176,-0.09110888838768005,0.9986886978149414,0.6492220759391785,0.4007524251937866,-0.12136738747358322,0.999069333076477,0.6470914483070374,0.39965981245040894,-0.12141492962837219,0.9988605380058289,0.6448618173599243,0.3986455202102661,-0.12148801982402802,0.9990106821060181,0.636520266532898,0.39436250925064087,-0.024790773168206215,0.9975816011428833,0.6322796940803528,0.397325724363327,-0.16150261461734772,0.9990090727806091,0.6479393839836121,0.4295773208141327,-0.07105887681245804,0.9984523057937622,0.6449631452560425,0.4278697967529297,-0.11017995327711105,0.9991168975830078,0.6184247136116028,0.43409600853919983,0.09579815715551376,0.9993639588356018,0.5991548299789429,0.45024505257606506,-0.22495286166667938,0.9997426867485046,0.6256560683250427,0.5321900248527527,0.14040206372737885,0.4831191897392273,0.5826753377914429,0.5512946248054504,-0.24024690687656403,0.9568963646888733,0.6414257287979126,0.5848120450973511,0.06098192557692528,0.51687091588974,0.6110216975212097,0.5829845666885376,-0.17733655869960785,0.8961887955665588,0.6455867886543274,0.5979027152061462,0.055937930941581726,0.4961203336715698,0.6245630383491516,0.594720721244812,-0.19949044287204742,0.8626914620399475,0.6485956311225891,0.5880089402198792,0.02953035943210125,0.5062281489372253,0.6287837624549866,0.5760802626609802,-0.1979324370622635,0.8581171631813049,0.6463698744773865,0.5881144404411316,0.04706599935889244,0.4813603460788727,0.622111439704895,0.5719573497772217,-0.17416463792324066,0.8054924011230469,0.5520379543304443,0.621846079826355,0.10053674131631851,0.9977889060974121,0.5469672083854675,0.6175751686096191,-0.10028789937496185,0.9981361031532288,0.5162697434425354,0.752120316028595,0.07597710192203522,0.9679083228111267,0.62662273645401,0.7086435556411743,-0.014787284657359123,0.9796085953712463,0.42422249913215637,0.8709684610366821,0.08049974590539932,0.979601263999939,0.6391163468360901,0.8664065003395081,-0.022395696491003036,0.9861080050468445,0.4076378643512726,0.8778731226921082,0.07921332865953445,0.9427345395088196,0.6410120129585266,0.8918375372886658,-0.022077850997447968,0.8775566220283508,0.42402878403663635,0.8987746238708496,0.04165958985686302,0.9664931297302246,0.68233722448349,0.8945288062095642,-0.037727486342191696,0.9607228636741638
129,0.6596422791481018,0.4332231283187866,-0.06573574990034103,0.999210774898529,0.659896731376648,0.41596919298171997,-0.05620619282126427,0.9987595081329346,0.6591094732284546,0.41456472873687744,-0.05631556734442711,0.9986135363578796,0.658206045627594,0.41264644265174866,-0.05639475956559181,0.9987061619758606,0.6590127348899841,0.413708359003067,-0.08657944947481155,0.9990335702896118,0.657643735408783,0.41121670603752136,-0.08659966289997101,0.998825192451477,0.6562276482582092,0.40850770473480225,-0.08668634295463562,0.99896639585495,0.6462060213088989,0.40117350220680237,0.006122848484665155,0.9976192712783813,0.6444318294525146,0.39988091588020325,-0.1312015950679779,0.9989997744560242,0.6509600877761841,0.4421597123146057,-0.03768261522054672,0.998440682888031,0.648368239402771,0.4406934082508087,-0.07785818725824356,0.9990266561508179,0.618366539478302,0.4475683569908142,0.11702755838632584,0.9993252754211426,0.6093634366989136,0.45011454820632935,-0.19294624030590057,0.999748945236206,0.6223230957984924,0.5472983121871948,0.15542009472846985,0.4396575689315796,0.6243886947631836,0.5528042316436768,-0.20978571474552155,0.9477201700210571,0.6586719155311584,0.5823276042938232,0.08468601852655411,0.4877273440361023,0.6588722467422485,0.576869547367096,-0.13523371517658234,0.8845938444137573,0.6673744916915894,0.5925659537315369,0.08396366983652115,0.47663113474845886,0.6676924228668213,0.5870598554611206,-0.15329869091510773,0.8527549505233765,0.674164354801178,0.5859760642051697,0.06242266669869423,0.4866443872451782,0.6713733673095703,0.5705304145812988,-0.14745400846004486,0.8470361232757568,0.6706383228302002,0.5847260355949402,0.07265409827232361,0.46247562766075134,0.665894091129303,0.5662614703178406,-0.1307733952999115,0.7906227707862854,0.5636120438575745,0.6299805045127869,0.08957154303789139,0.9978387951850891,0.5447847843170166,0.6232785582542419,-0.0895630270242691,0.9981880784034729,0.6323520541191101,0.7167403101921082,0.044827304780483246,0.9605704545974731,0.5565706491470337,0.7528735995292664,-0.06488370150327682,0.9806178212165833,0.6462993025779724,0.868716299533844,0.06015728414058685,0.9773500561714172,0.43823203444480896,0.8669919371604919,-0.03237415850162506,0.9870500564575195,0.6338478922843933,0.8882958889007568,0.05905788019299507,0.9438968300819397,0.41823530197143555,0.8852524161338806,-0.03011809103190899,0.8866136074066162,0.6836693286895752,0.9014530181884766,0.020169567316770554,0.9653319120407104,0.447353720664978,0.8980510830879211,-0.09348218888044357,0.9629887342453003
130,0.6698423027992249,0.4331219792366028,-0.11649566143751144,0.9988808631896973,0.6736791133880615,0.41822174191474915,-0.10732292383909225,0.9984049201011658,0.6735652089118958,0.4170708656311035,-0.1074385941028595,0.9982015490531921,0.6733570694923401,0.4156097173690796,-0.10754866153001785,0.9983673691749573,0.6699796319007874,0.4159577190876007,-0.13354997336864471,0.9985837340354919,0.6680256724357605,0.4142533242702484,-0.13358578085899353,0.998182475566864,0.6659613847732544,0.41213300824165344,-0.13365629315376282,0.9983340501785278,0.6624735593795776,0.4069336950778961,-0.0371561162173748,0.9970189929008484,0.6536837220191956,0.40450766682624817,-0.15452034771442413,0.9982584118843079,0.6631638407707214,0.4419812262058258,-0.08520042151212692,0.9976697564125061,0.6592147946357727,0.4400896728038788,-0.11935309320688248,0.9974640011787415,0.6427023410797119,0.45389294624328613,0.077351875603199,0.9992426633834839,0.6189770102500916,0.45560333132743835,-0.1940828412771225,0.9996187686920166,0.6581891179084778,0.5416990518569946,0.14420434832572937,0.4069399833679199,0.6438152194023132,0.5604008436203003,-0.19318129122257233,0.931423008441925,0.691409707069397,0.5866391062736511,0.08921704441308975,0.4708857238292694,0.6742449402809143,0.5726425051689148,-0.11688778549432755,0.8628400564193726,0.6940310597419739,0.5922045111656189,0.08499432355165482,0.46495532989501953,0.687076985836029,0.5833942294120789,-0.13368059694766998,0.830760657787323,0.7022302746772766,0.5941941738128662,0.05815022811293602,0.4763864278793335,0.6904772520065308,0.5689637660980225,-0.1362437605857849,0.8244585394859314,0.6982415318489075,0.5918031334877014,0.07569189369678497,0.45339417457580566,0.686083972454071,0.5637996792793274,-0.11568426340818405,0.7654619812965393,0.5860216021537781,0.6263022422790527,0.07957664132118225,0.9976792931556702,0.550344705581665,0.6345785856246948,-0.07953650504350662,0.9980514645576477,0.6544855237007141,0.7100704312324524,0.012608056887984276,0.9500703811645508,0.5213094353675842,0.7587131261825562,-0.06670697778463364,0.9761550426483154,0.6622310280799866,0.8711456060409546,0.01568891480565071,0.9719454050064087,0.42292362451553345,0.8626365661621094,-0.017806949093937874,0.9861894249916077,0.6535426378250122,0.8944191932678223,0.012108863331377506,0.9408202171325684,0.40514495968818665,0.874006986618042,-0.015179582871496677,0.8855333924293518,0.7021099925041199,0.9063445329666138,0.0002963710867334157,0.9607832431793213,0.4239861071109772,0.8984079360961914,-0.09200862795114517,0.9608954191207886
131,0.6818880438804626,0.4461042881011963,-0.12577901780605316,0.9987541437149048,0.6812717318534851,0.43153345584869385,-0.11885986477136612,0.9981638193130493,0.6808776259422302,0.4299013912677765,-0.11897946894168854,0.9979538917541504,0.6825733184814453,0.4274713695049286,-0.11908964067697525,0.9981354475021362,0.6789519190788269,0.4330306947231293,-0.14453557133674622,0.9983214735984802,0.6769859790802002,0.43276333808898926,-0.14456002414226532,0.9978445172309875,0.6735299229621887,0.4307541251182556,-0.14460648596286774,0.9979365468025208,0.6723467707633972,0.4208338260650635,-0.05737318843603134,0.9965212345123291,0.6625438332557678,0.4254612922668457,-0.17255131900310516,0.9976599216461182,0.6738910675048828,0.4493105113506317,-0.09760458767414093,0.9970460534095764,0.6711729764938354,0.4501993656158447,-0.1314069777727127,0.9963298439979553,0.6475203633308411,0.4592971205711365,0.051096830517053604,0.9991059899330139,0.6310608983039856,0.4661535620689392,-0.1966213881969452,0.9995178580284119,0.6684227585792542,0.5378428101539612,0.12075893580913544,0.3881143033504486,0.6746666431427002,0.555898129940033,-0.2035556584596634,0.9324493408203125,0.7043355107307434,0.5854275226593018,0.0654066652059555,0.46964555978775024,0.7206758856773376,0.5609673261642456,-0.15590491890907288,0.8680084347724915,0.7137821316719055,0.5951959490776062,0.06144280359148979,0.4642365872859955,0.7339818477630615,0.553701639175415,-0.1775360405445099,0.8360881805419922,0.7163382768630981,0.5933237671852112,0.03424069657921791,0.4765518009662628,0.7334375381469727,0.5465086698532104,-0.17761541903018951,0.829611599445343,0.7121694087982178,0.5912784934043884,0.05199981853365898,0.45662617683410645,0.7276391386985779,0.545810878276825,-0.15458083152770996,0.770931601524353,0.5888264775276184,0.623717725276947,0.07635264098644257,0.9975237846374512,0.5512924790382385,0.6271019577980042,-0.07634996622800827,0.9979559779167175,0.6512698531150818,0.7102084159851074,0.0298438910394907,0.9428386688232422,0.5100177526473999,0.7600697875022888,-0.08866336196660995,0.9761626720428467,0.663711428642273,0.8769391179084778,0.06235247850418091,0.9690234661102295,0.41863033175468445,0.8600691556930542,-0.04533933103084564,0.9868567585945129,0.6545180082321167,0.9020723104476929,0.06269390881061554,0.9400023221969604,0.4010639786720276,0.8642618656158447,-0.04426202550530434,0.8909703493118286,0.7070423364639282,0.9183104634284973,0.024983162060379982,0.9577174186706543,0.4218321144580841,0.9013726711273193,-0.13092654943466187,0.9620072841644287
132,0.6905802488327026,0.4578459858894348,-0.1582457423210144,0.9988730549812317,0.6925534605979919,0.4441837668418884,-0.1335534304380417,0.998334527015686,0.6924901604652405,0.44086259603500366,-0.1335648000240326,0.9981420636177063,0.6926605105400085,0.4373634457588196,-0.1337028443813324,0.9983095526695251,0.6896016001701355,0.4508201479911804,-0.163938507437706,0.998481273651123,0.687656044960022,0.4521108865737915,-0.1639385223388672,0.9980483651161194,0.6858291625976562,0.4531240165233612,-0.16380834579467773,0.998132050037384,0.6831108331680298,0.42680081725120544,-0.11959265172481537,0.9968487024307251,0.6749241948127747,0.44688475131988525,-0.2510548532009125,0.997875988483429,0.6846019625663757,0.4588807225227356,-0.10151586681604385,0.9973211884498596,0.6819397807121277,0.46362626552581787,-0.1641658991575241,0.996666669845581,0.6502904295921326,0.43483874201774597,-0.016875075176358223,0.9991559982299805,0.6402526497840881,0.49045172333717346,-0.27649810910224915,0.9995461702346802,0.7061644196510315,0.43601009249687195,0.09289368242025375,0.41778916120529175,0.6795008182525635,0.5731315016746521,-0.2885039150714874,0.9385878443717957,0.7501429915428162,0.4799099862575531,0.04161221534013748,0.504938542842865,0.7400624752044678,0.5605377554893494,-0.24922394752502441,0.8802090883255005,0.7617933750152588,0.4860948324203491,0.035513896495103836,0.496430367231369,0.7523090243339539,0.557150661945343,-0.2807009518146515,0.8504935503005981,0.7625332474708557,0.4906969368457794,0.01000225730240345,0.5082902908325195,0.7547492980957031,0.5463890433311462,-0.27952826023101807,0.8444854617118835,0.7585121393203735,0.4947252571582794,0.02929147332906723,0.4917413294315338,0.7511933445930481,0.5445848703384399,-0.24815918505191803,0.7897678017616272,0.5873594284057617,0.613080620765686,0.07774266600608826,0.9977394938468933,0.5583658814430237,0.6228099465370178,-0.07784286141395569,0.9981298446655273,0.647311270236969,0.70835280418396,0.016377054154872894,0.9400288462638855,0.5098780393600464,0.7553815841674805,-0.08467452973127365,0.9767359495162964,0.6564854979515076,0.875477135181427,0.0503849983215332,0.9671140313148499,0.42179206013679504,0.8487208485603333,-0.032076917588710785,0.9874004125595093,0.6470666527748108,0.9005324244499207,0.052100770175457,0.9394195675849915,0.40236520767211914,0.8515148758888245,-0.028738858178257942,0.8962375521659851,0.6977922320365906,0.913994312286377,0.0029799446929246187,0.9573307633399963,0.42587363719940186,0.9014357924461365,-0.10941997170448303,0.9634234309196472
133,0.6987202763557434,0.44937846064567566,-0.16492785513401031,0.998982310295105,0.6992649435997009,0.43589258193969727,-0.15244676172733307,0.9984921216964722,0.6989919543266296,0.43296489119529724,-0.15249134600162506,0.998317301273346,0.6987559199333191,0.42990684509277344,-0.1526000201702118,0.9984703063964844,0.6976273059844971,0.4419405162334442,-0.17814558744430542,0.9986279010772705,0.6961246728897095,0.44348594546318054,-0.17818857729434967,0.998236358165741,0.6947442889213562,0.4449341893196106,-0.17818862199783325,0.9983124732971191,0.6877185106277466,0.42293161153793335,-0.12219014763832092,0.9971494078636169,0.6838452219963074,0.4425373077392578,-0.24828757345676422,0.9980769157409668,0.6920841336250305,0.45264625549316406,-0.1216069906949997,0.9975762963294983,0.6899681091308594,0.4578574597835541,-0.16487254202365875,0.9969838857650757,0.6579633951187134,0.42691195011138916,-0.023767948150634766,0.9992058873176575,0.6542854309082031,0.5014439821243286,-0.2845996618270874,0.9995836019515991,0.7225972414016724,0.4290100336074829,0.046784743666648865,0.44874969124794006,0.7005844116210938,0.5710870027542114,-0.32413849234580994,0.9443269968032837,0.7731285095214844,0.47782066464424133,-0.02826767787337303,0.5401965975761414,0.761040985584259,0.5604366064071655,-0.31682300567626953,0.8913826942443848,0.784250020980835,0.4840572774410248,-0.039144791662693024,0.5299676060676575,0.7767495512962341,0.5584518909454346,-0.35664379596710205,0.8638264536857605,0.7859212756156921,0.48757195472717285,-0.07278262078762054,0.5409063696861267,0.7808302640914917,0.5438585877418518,-0.3549765944480896,0.8581967949867249,0.7815961837768555,0.49000051617622375,-0.045395929366350174,0.5269917845726013,0.7761801481246948,0.5415508151054382,-0.3173045814037323,0.8074288964271545,0.5876865983009338,0.6013664603233337,0.08356726914644241,0.9979393482208252,0.5644005537033081,0.621206521987915,-0.08372325450181961,0.998298704624176,0.6519862413406372,0.7072330117225647,0.019335169345140457,0.9410324096679688,0.5097633600234985,0.7547445893287659,-0.08984069526195526,0.9787299036979675,0.6583164930343628,0.8748919367790222,0.06948444247245789,0.9680724740028381,0.4225722551345825,0.8431463241577148,-0.03230644762516022,0.9885104298591614,0.6467317938804626,0.8993574976921082,0.0717795342206955,0.9417963027954102,0.40247079730033875,0.8486869931221008,-0.03108285553753376,0.9048002362251282,0.7027344107627869,0.9142904877662659,0.023941943421959877,0.959526002407074,0.428768515586853,0.9030957221984863,-0.12223085016012192,0.9665104746818542
134,0.7065067291259766,0.45574551820755005,-0.1672535240650177,0.9990735054016113,0.7076230645179749,0.44268426299095154,-0.16812850534915924,0.998610258102417,0.7072640657424927,0.4397940933704376,-0.168208047747612,0.9984567761421204,0.7070366740226746,0.4366500675678253,-0.1682620644569397,0.9985928535461426,0.7066863179206848,0.44860920310020447,-0.1971658319234848,0.9987442493438721,0.705527663230896,0.45015525817871094,-0.19719961285591125,0.9983904957771301,0.70442134141922,0.4516597390174866,-0.19722206890583038,0.9984571933746338,0.698551595211029,0.4295295774936676,-0.1374131739139557,0.9973863959312439,0.6948241591453552,0.4499703645706177,-0.2654002010822296,0.9982364773750305,0.7002286911010742,0.45811763405799866,-0.14776179194450378,0.997765064239502,0.698262095451355,0.4645741879940033,-0.1890811324119568,0.9972284436225891,0.6690011620521545,0.42757996916770935,-0.04407868534326553,0.999222457408905,0.6630185842514038,0.5072111487388611,-0.3068085312843323,0.999616801738739,0.7355249524116516,0.43223512172698975,0.009582657366991043,0.4580816924571991,0.7101519107818604,0.5708733201026917,-0.3609507381916046,0.9491668343544006,0.7825500965118408,0.4708552658557892,-0.0784837156534195,0.5599173903465271,0.7747752666473389,0.549155056476593,-0.36745214462280273,0.9006431102752686,0.798118531703949,0.4826074540615082,-0.09343388676643372,0.5497982501983643,0.7880198359489441,0.5463650822639465,-0.40922507643699646,0.8745172023773193,0.7968724966049194,0.4858664572238922,-0.1250939816236496,0.559994101524353,0.789911150932312,0.5338562726974487,-0.40940460562705994,0.8690744042396545,0.7911085486412048,0.48416081070899963,-0.09548239409923553,0.5490332841873169,0.7858220338821411,0.5325604677200317,-0.3692512512207031,0.82149738073349,0.5927900075912476,0.597540020942688,0.08964453637599945,0.9981003403663635,0.5704113245010376,0.6199173927307129,-0.08975474536418915,0.9984527826309204,0.6569815874099731,0.7039770483970642,0.07023437321186066,0.9372017979621887,0.512359619140625,0.7528031468391418,-0.11961758881807327,0.9805384278297424,0.6647154092788696,0.8732787370681763,0.1527288854122162,0.9681376218795776,0.42401349544525146,0.8391743302345276,-0.08701574802398682,0.9894472360610962,0.652291476726532,0.8985670208930969,0.1568576544523239,0.9433875679969788,0.4040525555610657,0.8416042327880859,-0.08898386359214783,0.9124616384506226,0.7020120620727539,0.9114469885826111,0.11494554579257965,0.9606740474700928,0.4294019341468811,0.9030336737632751,-0.1841624528169632,0.9691521525382996
135,0.7073312401771545,0.4651029407978058,-0.1705176681280136,0.9991618394851685,0.7088973522186279,0.45150813460350037,-0.16867323219776154,0.9987404346466064,0.7086437940597534,0.44911181926727295,-0.16875503957271576,0.9986016154289246,0.7084892988204956,0.4467523694038391,-0.1688115894794464,0.9987249374389648,0.7073176503181458,0.4557320773601532,-0.19617491960525513,0.9988638162612915,0.7058601975440979,0.4564237594604492,-0.19619576632976532,0.9985434412956238,0.7045494318008423,0.45712363719940186,-0.19621333479881287,0.9986036419868469,0.7003759741783142,0.43908390402793884,-0.1296597272157669,0.99763423204422,0.6962529420852661,0.4528419077396393,-0.24760201573371887,0.9984007477760315,0.7010552287101746,0.4671769142150879,-0.14894799888134003,0.997972309589386,0.6990596652030945,0.47171348333358765,-0.1884240210056305,0.9974873065948486,0.674720048904419,0.443615585565567,-0.045539312064647675,0.9992579221725464,0.66805499792099,0.5072340369224548,-0.2847652733325958,0.9996470808982849,0.7360970973968506,0.4325229227542877,-0.011460904963314533,0.4777592420578003,0.709802508354187,0.5738776922225952,-0.3438001871109009,0.9533002972602844,0.7886491417884827,0.47187256813049316,-0.10515651851892471,0.5844191908836365,0.7650105953216553,0.5496657490730286,-0.3663428723812103,0.907757580280304,0.8037437796592712,0.4711456596851349,-0.12402322143316269,0.5725193023681641,0.7831201553344727,0.5472403168678284,-0.4082830846309662,0.8820450901985168,0.7929874658584595,0.47439366579055786,-0.15268605947494507,0.581869900226593,0.7813061475753784,0.5347462296485901,-0.4078541696071625,0.8765617609024048,0.7961909174919128,0.4768354594707489,-0.12153972685337067,0.5733068585395813,0.7765380144119263,0.5339450240135193,-0.3686406910419464,0.8309465646743774,0.5965109467506409,0.5973619222640991,0.08522633463144302,0.9982417821884155,0.572212815284729,0.619104266166687,-0.08531460165977478,0.998590886592865,0.6647278070449829,0.6989511847496033,0.05591197311878204,0.9244145750999451,0.518866777420044,0.7522419691085815,-0.13157884776592255,0.9819514155387878,0.6637457013130188,0.8685007095336914,0.1347850263118744,0.963550865650177,0.4261564016342163,0.8346073627471924,-0.1273687481880188,0.9902145862579346,0.6511099934577942,0.893241286277771,0.1385790854692459,0.9403952956199646,0.4071216583251953,0.8297615647315979,-0.1324457824230194,0.9190136194229126,0.6956681609153748,0.9099313616752625,0.09550575911998749,0.9576947689056396,0.42746493220329285,0.8971201181411743,-0.23054155707359314,0.9712550640106201
136,0.723041832447052,0.4622109830379486,-0.15127581357955933,0.9992344379425049,0.7245643138885498,0.44771504402160645,-0.14730636775493622,0.9988459348678589,0.7244121432304382,0.4450703561306,-0.14740213751792908,0.9987201690673828,0.7243996858596802,0.44256311655044556,-0.14743568003177643,0.9988317489624023,0.7224089503288269,0.45287734270095825,-0.17563895881175995,0.9989638328552246,0.7206804156303406,0.45393699407577515,-0.17566657066345215,0.9986723065376282,0.7189607620239258,0.4550062417984009,-0.1756902039051056,0.9987268447875977,0.7149331569671631,0.4353203773498535,-0.10679998993873596,0.9978348612785339,0.7076928615570068,0.4506368339061737,-0.24263574182987213,0.9985346794128418,0.7159594893455505,0.4643363952636719,-0.1307505965232849,0.9981397986412048,0.7130613327026367,0.47017261385917664,-0.16917763650417328,0.9976954460144043,0.6820944547653198,0.4297735095024109,-0.029673060402274132,0.9992847442626953,0.6740683317184448,0.5162638425827026,-0.27258825302124023,0.9996713399887085,0.7389652729034424,0.4249487817287445,0.0357435867190361,0.47823917865753174,0.7130004167556763,0.5862173438072205,-0.3070398271083832,0.9570767879486084,0.7800506949424744,0.4667692482471466,-0.047974422574043274,0.5990542769432068,0.7700244784355164,0.5584507584571838,-0.3075243830680847,0.914835512638092,0.794782817363739,0.4744200110435486,-0.06415129452943802,0.5873873233795166,0.7866939902305603,0.5484963655471802,-0.3503970503807068,0.8900654315948486,0.7932993173599243,0.47755369544029236,-0.09611337631940842,0.5960198044776917,0.7823259234428406,0.5368174910545349,-0.35447850823402405,0.8847581744194031,0.7885946035385132,0.48202237486839294,-0.06654947251081467,0.5905934572219849,0.7774913907051086,0.5349350571632385,-0.3116908371448517,0.8416587114334106,0.5969476103782654,0.5923296809196472,0.0887177363038063,0.9983608722686768,0.5744722485542297,0.6161661744117737,-0.08880944550037384,0.998712420463562,0.6662108898162842,0.687464714050293,0.07897011190652847,0.9073383212089539,0.5255016684532166,0.7514556050300598,-0.14368756115436554,0.9829198122024536,0.6588113307952881,0.8624570965766907,0.15903179347515106,0.9569618701934814,0.42638280987739563,0.834111213684082,-0.14326845109462738,0.9907646775245667,0.6469420194625854,0.8894726037979126,0.16317090392112732,0.9352002143859863,0.4093151092529297,0.8309321403503418,-0.14806292951107025,0.9242769479751587,0.6883981227874756,0.9067063927650452,0.1276492476463318,0.953997015953064,0.42880165576934814,0.896687388420105,-0.2442438304424286,0.972904622554779
137,0.7252053022384644,0.45873934030532837,-0.06525250524282455,0.9993013143539429,0.7267805933952332,0.44375303387641907,-0.06590081006288528,0.9989473819732666,0.7264160513877869,0.4406573474407196,-0.06598881632089615,0.9988330006599426,0.7262440919876099,0.43768227100372314,-0.06603039801120758,0.9989330172538757,0.7260840535163879,0.45032447576522827,-0.08933141082525253,0.9990563988685608,0.7251766920089722,0.45192983746528625,-0.08935299515724182,0.9987908005714417,0.724403977394104,0.4535890221595764,-0.08938676863908768,0.9988396167755127,0.7178784608840942,0.4305214583873749,-0.04856354743242264,0.9980260729789734,0.7159909605979919,0.4503002166748047,-0.15451200306415558,0.9986612200737,0.7184370160102844,0.4603765308856964,-0.05358511209487915,0.9982977509498596,0.7171604037284851,0.4667218327522278,-0.08470258116722107,0.9978798627853394,0.681083619594574,0.4253234565258026,0.03090677782893181,0.9993219971656799,0.680944561958313,0.5191770792007446,-0.2118762880563736,0.9996936321258545,0.7379807829856873,0.42091572284698486,0.12272071093320847,0.4699890613555908,0.7068703770637512,0.5899280309677124,-0.18141594529151917,0.9599993228912354,0.7765588760375977,0.4632393717765808,0.10873965173959732,0.6199584603309631,0.7574310302734375,0.575011670589447,-0.044848933815956116,0.9192636609077454,0.7923374176025391,0.4768134653568268,0.11468969285488129,0.6087709069252014,0.773464024066925,0.5760647654533386,-0.054810523986816406,0.8943994641304016,0.7935426831245422,0.48054730892181396,0.08863332867622375,0.6168268918991089,0.7764662504196167,0.5592542290687561,-0.05065521225333214,0.8888669610023499,0.7872492074966431,0.4804888069629669,0.09681664407253265,0.6117854118347168,0.7712723612785339,0.5583863854408264,-0.04033912718296051,0.8481634259223938,0.5918275713920593,0.5875353217124939,0.08618876338005066,0.9984850883483887,0.5817961096763611,0.6159985661506653,-0.08631951361894608,0.9988287687301636,0.6674138903617859,0.6860451102256775,0.09115870296955109,0.8773379921913147,0.5288938283920288,0.7465333342552185,-0.12584425508975983,0.9827203154563904,0.6599810719490051,0.8592512607574463,0.1693885624408722,0.942579448223114,0.4327496290206909,0.8284342885017395,-0.09818220138549805,0.9908426403999329,0.650482177734375,0.8832636475563049,0.17484967410564423,0.9240978360176086,0.4158676266670227,0.8253362774848938,-0.09883492439985275,0.9280728697776794,0.6886968016624451,0.9046443104743958,0.15460464358329773,0.9429936408996582,0.43389037251472473,0.8899337649345398,-0.18659019470214844,0.9731942415237427
138,0.7299556136131287,0.4602375030517578,-0.105417899787426,0.9993372559547424,0.7322015762329102,0.44616010785102844,-0.10241720825433731,0.9989941716194153,0.7319687604904175,0.4434519112110138,-0.10250463336706161,0.9988870024681091,0.7318294644355774,0.44076624512672424,-0.1025419756770134,0.9989779591560364,0.7307265400886536,0.4513576924800873,-0.1275557577610016,0.999107301235199,0.7294097542762756,0.4523952305316925,-0.1275767683982849,0.998856246471405,0.7282114624977112,0.4534919261932373,-0.12760905921459198,0.9989003539085388,0.7224741578102112,0.43201032280921936,-0.065791554749012,0.9981207847595215,0.7190757393836975,0.4482717216014862,-0.17972078919410706,0.9987022876739502,0.7231033444404602,0.4622238576412201,-0.0869852676987648,0.9983720183372498,0.7209028005599976,0.4673904776573181,-0.12043526023626328,0.9979584813117981,0.6884916424751282,0.4268876910209656,0.019745154306292534,0.999274730682373,0.6855853199958801,0.5133985280990601,-0.22619906067848206,0.9996970891952515,0.748760461807251,0.4341132938861847,0.09232083708047867,0.4671339690685272,0.7233059406280518,0.5836844444274902,-0.22759896516799927,0.9626812934875488,0.7881903052330017,0.4792090952396393,0.043429333716630936,0.6335733532905579,0.7745702862739563,0.5748645067214966,-0.1702725738286972,0.924174964427948,0.8029542565345764,0.49073708057403564,0.038604579865932465,0.6225107312202454,0.7904924750328064,0.567327618598938,-0.19442367553710938,0.8996973037719727,0.7998485565185547,0.49188968539237976,0.011265660636126995,0.6302757859230042,0.7908439040184021,0.5533226728439331,-0.19353333115577698,0.8941447138786316,0.7957370281219482,0.49169299006462097,0.029903022572398186,0.627315104007721,0.7860755920410156,0.5535702705383301,-0.16901972889900208,0.8552992939949036,0.6022433042526245,0.589629054069519,0.08584380149841309,0.9985430240631104,0.5808875560760498,0.6149201393127441,-0.08595573157072067,0.9989023208618164,0.6738450527191162,0.6879989504814148,0.07227258384227753,0.8571051955223083,0.5321085453033447,0.7439743876457214,-0.11991046369075775,0.9830148220062256,0.6580368876457214,0.8588587045669556,0.14024268090724945,0.9327732920646667,0.436819463968277,0.8217425346374512,-0.08884808421134949,0.9911877512931824,0.6469789147377014,0.8837491273880005,0.14393480122089386,0.9176413416862488,0.41952160000801086,0.8196222186088562,-0.08988543599843979,0.9323174953460693,0.6859100461006165,0.9026405811309814,0.11547777056694031,0.9364987015724182,0.4340769946575165,0.8852398991584778,-0.17671199142932892,0.9741662740707397
139,0.7334221601486206,0.4605063199996948,-0.11493861675262451,0.9993841052055359,0.736674964427948,0.44687461853027344,-0.11093350499868393,0.9990459084510803,0.7364960312843323,0.4443299472332001,-0.11103241890668869,0.9989567399024963,0.7363530993461609,0.4417358636856079,-0.11107329279184341,0.9990309476852417,0.7352389693260193,0.45124927163124084,-0.13848693668842316,0.999161422252655,0.7340430617332458,0.45187827944755554,-0.13851036131381989,0.9989345073699951,0.7329400777816772,0.45253971219062805,-0.13853779435157776,0.9989685416221619,0.7270019054412842,0.4314049482345581,-0.07004736363887787,0.9982410073280334,0.7241419553756714,0.44555121660232544,-0.191446453332901,0.9987824559211731,0.7255337834358215,0.4620986878871918,-0.09490429610013962,0.9984593987464905,0.7234241962432861,0.46691906452178955,-0.131495401263237,0.9980735778808594,0.6897687911987305,0.42577552795410156,0.019025083631277084,0.9992738366127014,0.6851173043251038,0.5089684128761292,-0.238921120762825,0.99971604347229,0.7507553100585938,0.4404700696468353,0.09271613508462906,0.45631736516952515,0.715632438659668,0.591214656829834,-0.267501562833786,0.9652979969978333,0.7921369671821594,0.48347800970077515,0.03763176500797272,0.635862410068512,0.7789919376373291,0.5726377367973328,-0.22502809762954712,0.929598867893219,0.8060595989227295,0.4968723952770233,0.0329086035490036,0.627709686756134,0.7943317890167236,0.5728088617324829,-0.25729793310165405,0.9059978127479553,0.8037323355674744,0.5062484741210938,0.00462877843528986,0.6353135704994202,0.7978797554969788,0.5539348721504211,-0.25212356448173523,0.9005850553512573,0.7990425825119019,0.5021266341209412,0.02332993969321251,0.6344148516654968,0.7919198274612427,0.5540093779563904,-0.22339779138565063,0.8637113571166992,0.6000240445137024,0.5901603102684021,0.08835769444704056,0.998618483543396,0.5828740000724792,0.6129953861236572,-0.08843139559030533,0.9989895820617676,0.668346107006073,0.6897157430648804,0.1118299663066864,0.8437683582305908,0.5321251153945923,0.7408823370933533,-0.11632005125284195,0.9836984276771545,0.657024621963501,0.8589392304420471,0.20642071962356567,0.9294041991233826,0.43921127915382385,0.8229371905326843,-0.07925233989953995,0.9916043877601624,0.6470886468887329,0.8840761780738831,0.21247927844524384,0.91584312915802,0.42284873127937317,0.8183923959732056,-0.07860305905342102,0.9367190003395081,0.6865358352661133,0.902431309223175,0.18954473733901978,0.9352901577949524,0.4340207278728485,0.8867836594581604,-0.15732277929782867,0.9754445552825928
140,0.7357318997383118,0.4643895626068115,-0.1647847592830658,0.999422013759613,0.739443838596344,0.45082223415374756,-0.16210436820983887,0.9990886449813843,0.7393121719360352,0.44805383682250977,-0.16221323609352112,0.9990043640136719,0.7392847537994385,0.4450988471508026,-0.16229769587516785,0.999080240726471,0.7381369471549988,0.4558317959308624,-0.19119612872600555,0.9992103576660156,0.7370928525924683,0.4565994143486023,-0.1912243664264679,0.9989972114562988,0.7360592484474182,0.4574090242385864,-0.19124534726142883,0.9990317225456238,0.7311462163925171,0.43328744173049927,-0.1198660209774971,0.9983324408531189,0.7276548147201538,0.4487229585647583,-0.2509823739528656,0.998837411403656,0.7274311184883118,0.464692085981369,-0.1431586891412735,0.9985454678535461,0.7250451445579529,0.4703938663005829,-0.18180949985980988,0.9981812834739685,0.692864179611206,0.42615950107574463,-0.03021005541086197,0.999260663986206,0.6829850673675537,0.5123346447944641,-0.2855328619480133,0.999727189540863,0.751975953578949,0.45400598645210266,0.047756027430295944,0.45270469784736633,0.7107530236244202,0.5947808027267456,-0.3108467161655426,0.9671552181243896,0.7961044907569885,0.514300525188446,-0.0055132596753537655,0.6417046785354614,0.7735439538955688,0.5808457732200623,-0.2800615727901459,0.9341515302658081,0.8073958158493042,0.5225611925125122,-0.01590273529291153,0.633708119392395,0.7875838875770569,0.5822335481643677,-0.31664907932281494,0.9113245606422424,0.8053750395774841,0.5274573564529419,-0.045493192970752716,0.6415879726409912,0.7903987169265747,0.5680263042449951,-0.3168199360370636,0.906080424785614,0.8011802434921265,0.5232954025268555,-0.021029481664299965,0.6436501145362854,0.7872387766838074,0.5648362636566162,-0.2812546193599701,0.8705915808677673,0.6038281321525574,0.5900708436965942,0.08699610829353333,0.9986648559570312,0.5845563411712646,0.6122644543647766,-0.08707136660814285,0.9990613460540771,0.6720148921012878,0.6906793117523193,0.14550822973251343,0.8290918469429016,0.532237708568573,0.7396450042724609,-0.06262507289648056,0.9840956330299377,0.6586491465568542,0.8565282225608826,0.27759644389152527,0.9223102927207947,0.44352009892463684,0.8234161138534546,0.02664937824010849,0.9920504689216614,0.6483526229858398,0.8806342482566833,0.28839507699012756,0.9079993367195129,0.4278254210948944,0.8204290866851807,0.031610798090696335,0.9402812123298645,0.6853194832801819,0.8996807932853699,0.26591119170188904,0.9318029880523682,0.4344096779823303,0.8876228332519531,-0.05416235700249672,0.9768159985542297
141,0.7402161359786987,0.46485450863838196,-0.14600233733654022,0.9994624257087708,0.7428628206253052,0.45093250274658203,-0.1415565311908722,0.9991400837898254,0.7425858378410339,0.4483882188796997,-0.14166253805160522,0.9990650415420532,0.7424201965332031,0.445764422416687,-0.14174066483974457,0.9991337060928345,0.741445779800415,0.45497551560401917,-0.1732640564441681,0.9992630481719971,0.7401524782180786,0.4552870988845825,-0.17330019176006317,0.9990676045417786,0.7389087677001953,0.4556441903114319,-0.17331358790397644,0.9990988373756409,0.7333649396896362,0.43439343571662903,-0.09719446301460266,0.9984400272369385,0.7294286489486694,0.44656097888946533,-0.23813486099243164,0.9989120960235596,0.7318445444107056,0.46561092138290405,-0.12405068427324295,0.9986324310302734,0.729630172252655,0.4701315760612488,-0.16646136343479156,0.9982898831367493,0.6943744421005249,0.4296717941761017,-0.0005436322535388172,0.9992321729660034,0.6863555312156677,0.5103020668029785,-0.269938200712204,0.9997397661209106,0.7405003905296326,0.49055877327919006,0.09326062351465225,0.4428977072238922,0.7116292119026184,0.5991495847702026,-0.29095810651779175,0.9694856405258179,0.7887850999832153,0.5311073660850525,0.055622346699237823,0.6427996754646301,0.7737906575202942,0.5905495285987854,-0.26784324645996094,0.9392582178115845,0.8028193116188049,0.5277464985847473,0.054133012890815735,0.6367600560188293,0.7899311184883118,0.5869378447532654,-0.3141205906867981,0.9175302386283875,0.8026416897773743,0.5277407169342041,0.02517719380557537,0.6447159051895142,0.7892140746116638,0.5717178583145142,-0.293944388628006,0.91255784034729,0.7982921600341797,0.5281126499176025,0.041381943970918655,0.648617148399353,0.7838838696479797,0.5711163282394409,-0.26270851492881775,0.8789547085762024,0.6056666970252991,0.5907318592071533,0.08652797341346741,0.9987297058105469,0.584858238697052,0.6094691753387451,-0.08658483624458313,0.9991239905357361,0.6761414408683777,0.6915256381034851,0.10340169072151184,0.8324928283691406,0.5314529538154602,0.739350438117981,-0.06468012183904648,0.9846895933151245,0.6591650247573853,0.8563849329948425,0.19347432255744934,0.9237527847290039,0.44469863176345825,0.8243539929389954,0.025860141962766647,0.9925194978713989,0.6476795673370361,0.880526065826416,0.1992679089307785,0.9097804427146912,0.4287720024585724,0.8234266638755798,0.030935291200876236,0.9441682696342468,0.6907593011856079,0.9005457162857056,0.16705478727817535,0.9340545535087585,0.4355252683162689,0.887484610080719,-0.050057150423526764,0.9782478213310242
142,0.74369877576828,0.4635535776615143,-0.1355413794517517,0.9995055198669434,0.7457643747329712,0.4497385323047638,-0.13301333785057068,0.9991976618766785,0.7452913522720337,0.44689488410949707,-0.133115753531456,0.9991330504417419,0.7449869513511658,0.44398343563079834,-0.13316163420677185,0.9991934895515442,0.745090126991272,0.45490115880966187,-0.16248346865177155,0.9993178844451904,0.7440950870513916,0.45577487349510193,-0.16251574456691742,0.9991397261619568,0.7432374954223633,0.456736296415329,-0.16253279149532318,0.9991663098335266,0.7358095049858093,0.4330070912837982,-0.09548909217119217,0.998553454875946,0.7338684797286987,0.4483903646469116,-0.2320239543914795,0.9989891648292542,0.7354782223701477,0.4640848934650421,-0.11588459461927414,0.9987319707870483,0.7340454459190369,0.469392329454422,-0.15522710978984833,0.9984062910079956,0.6983827352523804,0.4253193736076355,9.360189869767055e-05,0.9992647171020508,0.6904758214950562,0.5199126601219177,-0.26452338695526123,0.9997557997703552,0.7568575739860535,0.4686366617679596,0.09052681177854538,0.43693307042121887,0.7146591544151306,0.6023493409156799,-0.2892487645149231,0.9712824821472168,0.7976970672607422,0.5253344774246216,0.03173686936497688,0.6473497748374939,0.7733954787254333,0.595380961894989,-0.21878880262374878,0.9427751898765564,0.8084622025489807,0.5300589799880981,0.034002963453531265,0.6427133083343506,0.7861050963401794,0.5983431339263916,-0.25101664662361145,0.9214686751365662,0.8070171475410461,0.5319143533706665,0.0007846758235245943,0.6508100628852844,0.7901564836502075,0.5842996835708618,-0.243337482213974,0.9165428280830383,0.8030081987380981,0.5330805778503418,0.016588149592280388,0.6557645797729492,0.7843421101570129,0.5837715864181519,-0.2161300778388977,0.884256899356842,0.6019704937934875,0.5867764353752136,0.08826083689928055,0.9988257884979248,0.5907294750213623,0.6104159951210022,-0.08837135136127472,0.9991987943649292,0.6714404821395874,0.6850940585136414,0.09363477677106857,0.8311920166015625,0.5317710638046265,0.7378647327423096,-0.06643622368574142,0.9854964017868042,0.6599156260490417,0.857408881187439,0.1749453842639923,0.9267845749855042,0.4444742500782013,0.8249382376670837,0.027426695451140404,0.9929986596107483,0.6467190980911255,0.881475031375885,0.18019787967205048,0.9135286211967468,0.4286684989929199,0.8236001133918762,0.03297785297036171,0.9479459524154663,0.6933245062828064,0.9008129835128784,0.14704012870788574,0.9377419352531433,0.4355396628379822,0.885619044303894,-0.040465570986270905,0.9797363877296448
143,0.7441673278808594,0.46276214718818665,-0.13579358160495758,0.9995452165603638,0.7476514577865601,0.448695570230484,-0.13375379145145416,0.9992533922195435,0.7474930286407471,0.44592928886413574,-0.13385531306266785,0.9991932511329651,0.7474551796913147,0.44306111335754395,-0.1339016556739807,0.9992504715919495,0.7465434670448303,0.4534347355365753,-0.162960946559906,0.9993692636489868,0.7455111145973206,0.45414191484451294,-0.16298270225524902,0.9992048144340515,0.744627833366394,0.4549367427825928,-0.1629869043827057,0.9992298483848572,0.7391186356544495,0.43210962414741516,-0.09223051369190216,0.9986580610275269,0.7356947064399719,0.4480254352092743,-0.2266615331172943,0.9990585446357727,0.7361183762550354,0.46340686082839966,-0.11647259443998337,0.9988241195678711,0.7340070605278015,0.4684162139892578,-0.15562203526496887,0.9985113143920898,0.6997930407524109,0.42658525705337524,0.006392977200448513,0.9992837309837341,0.6922942399978638,0.5161486864089966,-0.26328131556510925,0.9997709393501282,0.7518592476844788,0.480691522359848,0.10622134059667587,0.4206208288669586,0.7151530385017395,0.6019657254219055,-0.2848571538925171,0.972646176815033,0.7956914305686951,0.5466189980506897,0.08497186005115509,0.6447482705116272,0.7799203991889954,0.5902356505393982,-0.21534410119056702,0.9467028975486755,0.8086769580841064,0.5398128628730774,0.08837535977363586,0.6432628035545349,0.7926870584487915,0.5926724672317505,-0.24644224345684052,0.9263989925384521,0.8077607750892639,0.538081705570221,0.057594601064920425,0.6524056792259216,0.7968639731407166,0.578076958656311,-0.24113531410694122,0.9217347502708435,0.8024315237998962,0.5380252599716187,0.07092831283807755,0.6592457890510559,0.7889441251754761,0.578778088092804,-0.21337942779064178,0.8908949494361877,0.6009863018989563,0.5857744812965393,0.08763973414897919,0.9989191889762878,0.5965286493301392,0.6099634170532227,-0.08773580193519592,0.9992674589157104,0.6693369746208191,0.6784444451332092,0.09305219352245331,0.8225313425064087,0.536657989025116,0.7283187508583069,-0.049638472497463226,0.9856315851211548,0.6610177159309387,0.8574931621551514,0.170576810836792,0.9255200624465942,0.44746193289756775,0.8214606642723083,0.06517090648412704,0.9932667016983032,0.6476091742515564,0.8815296292304993,0.17606855928897858,0.9136112928390503,0.4322759807109833,0.820719301700592,0.07317724078893661,0.9507439732551575,0.6913853883743286,0.9008092284202576,0.15018099546432495,0.9385327696800232,0.43546581268310547,0.8854876756668091,0.007126998621970415,0.9806851148605347
144,0.7443416714668274,0.4652322232723236,-0.10948140174150467,0.9995172619819641,0.7478403449058533,0.45120662450790405,-0.10228966176509857,0.9992308616638184,0.7478901743888855,0.44859498739242554,-0.10239771008491516,0.9991317987442017,0.7480888962745667,0.4458812475204468,-0.10248152911663055,0.9992449283599854,0.7461596727371216,0.4550502300262451,-0.13357888162136078,0.9993627667427063,0.7449901103973389,0.45522111654281616,-0.1335717737674713,0.9991769790649414,0.7439509034156799,0.45547622442245483,-0.13353417813777924,0.9992263913154602,0.7400100231170654,0.4334578514099121,-0.05032947286963463,0.9986274838447571,0.7350483536720276,0.44685062766075134,-0.19248859584331512,0.999017059803009,0.7370891571044922,0.4657299220561981,-0.08502008020877838,0.998793363571167,0.7346874475479126,0.4698527157306671,-0.1259942501783371,0.9985088109970093,0.7039329409599304,0.4273655116558075,0.03528619557619095,0.9992663264274597,0.6932657361030579,0.51458740234375,-0.23165294528007507,0.9995967149734497,0.7632875442504883,0.4765213131904602,0.09565925598144531,0.4248076379299164,0.714488685131073,0.5983390212059021,-0.27750900387763977,0.973797082901001,0.8010097742080688,0.5404542088508606,0.0002986531762871891,0.6529165506362915,0.7765248417854309,0.5891732573509216,-0.23330828547477722,0.9491299390792847,0.8126195669174194,0.5375385880470276,-0.016633518040180206,0.6525003910064697,0.7898905277252197,0.5915164351463318,-0.27019473910331726,0.9291302561759949,0.8113139867782593,0.5365695357322693,-0.04874380677938461,0.6619125008583069,0.7939894199371338,0.5751055479049683,-0.2657686769962311,0.924759030342102,0.8057383894920349,0.5362430214881897,-0.018077736720442772,0.67093825340271,0.788119912147522,0.575310468673706,-0.2322862148284912,0.8945337533950806,0.6007823348045349,0.5859025716781616,0.09139668196439743,0.9989798665046692,0.6020663976669312,0.6097062230110168,-0.09140096604824066,0.9992256760597229,0.5526355504989624,0.7051713466644287,0.12084612995386124,0.8325957655906677,0.63447505235672,0.7195605635643005,-0.06348598748445511,0.9855372905731201,0.46382150053977966,0.8089566826820374,0.19918017089366913,0.9293161630630493,0.5697479248046875,0.8490827679634094,0.023053955286741257,0.9931811094284058,0.44684651494026184,0.8123113512992859,0.20463679730892181,0.9168800711631775,0.5533475279808044,0.8666470050811768,0.028461895883083344,0.9520219564437866,0.5006316304206848,0.8910524845123291,0.1751074194908142,0.9398537278175354,0.5810644626617432,0.9068299531936646,-0.011370856314897537,0.9810055494308472
145,0.7422363758087158,0.4670827388763428,-0.11825110763311386,0.9995318651199341,0.7460554838180542,0.4530012309551239,-0.11069989949464798,0.9992333650588989,0.7461545467376709,0.45053666830062866,-0.11081371456384659,0.9991371631622314,0.7463979721069336,0.44797927141189575,-0.1108916774392128,0.9992456436157227,0.7445042729377747,0.4564719796180725,-0.14223723113536835,0.9993748068809509,0.7434850931167603,0.4565175175666809,-0.14224693179130554,0.9991956949234009,0.742641806602478,0.4565867781639099,-0.1422342211008072,0.9992443919181824,0.7390761971473694,0.4358777403831482,-0.05791475996375084,0.9986357688903809,0.7353715896606445,0.44704338908195496,-0.19953231513500214,0.9990122318267822,0.7353870868682861,0.46755391359329224,-0.09400767832994461,0.9988170862197876,0.7332876920700073,0.4712594747543335,-0.13473865389823914,0.9985129833221436,0.702736496925354,0.43004417419433594,0.027323363348841667,0.999225378036499,0.6954311728477478,0.5129916071891785,-0.23768235743045807,0.9996182918548584,0.7570189237594604,0.47896215319633484,0.09528421610593796,0.4168931245803833,0.7185189723968506,0.5981578826904297,-0.2691478431224823,0.9746284484863281,0.7990210056304932,0.5347369909286499,0.053630366921424866,0.6520532369613647,0.7808956503868103,0.5879084467887878,-0.21939152479171753,0.9514263868331909,0.8092012405395508,0.5415608286857605,0.05237036943435669,0.652370035648346,0.7946466207504272,0.5911540985107422,-0.24915269017219543,0.9317734837532043,0.8082398176193237,0.5395904779434204,0.025761665776371956,0.6619406938552856,0.7958581447601318,0.5752797722816467,-0.24585579335689545,0.9273736476898193,0.8037484288215637,0.5376640558242798,0.040381383150815964,0.6724601984024048,0.790334165096283,0.5752810835838318,-0.2181408554315567,0.8977489471435547,0.6050687432289124,0.5869244337081909,0.0886969119310379,0.9990074038505554,0.5983418226242065,0.6090267896652222,-0.08877364546060562,0.9992695450782776,0.6599040627479553,0.6895183324813843,0.11924868077039719,0.8233680129051208,0.5580908060073853,0.722496747970581,-0.06798048317432404,0.9854115843772888,0.6374292969703674,0.8308003544807434,0.17086127400398254,0.9257748126983643,0.4696779251098633,0.8335167765617371,0.014382805675268173,0.993478000164032,0.6224530339241028,0.8509929180145264,0.17471957206726074,0.9145310521125793,0.44988757371902466,0.8374761939048767,0.018867315724492073,0.954579770565033,0.6729721426963806,0.8955123424530029,0.16213996708393097,0.939024031162262,0.4648197591304779,0.8988937735557556,-0.04682597145438194,0.9819357395172119
146,0.7426193952560425,0.4674140512943268,-0.11136925220489502,0.9995349645614624,0.7470154166221619,0.4536669850349426,-0.10474403202533722,0.9992443323135376,0.7470062375068665,0.4513550102710724,-0.10482284426689148,0.9991354942321777,0.7471277713775635,0.4490087628364563,-0.10490085184574127,0.9992578625679016,0.7457609176635742,0.45662203431129456,-0.1337127834558487,0.9993854761123657,0.7447817921638489,0.45642492175102234,-0.1337127983570099,0.9992006421089172,0.7439299821853638,0.45629942417144775,-0.13370265066623688,0.9992583394050598,0.739233672618866,0.4368174970149994,-0.0549854040145874,0.9986525774002075,0.7358375787734985,0.44648635387420654,-0.18535928428173065,0.9990068674087524,0.7348954081535339,0.4679853022098541,-0.08764399588108063,0.9988253116607666,0.7328199744224548,0.47108325362205505,-0.12550245225429535,0.9985060095787048,0.7010362148284912,0.4304471015930176,0.03962801769375801,0.9992303252220154,0.6968784928321838,0.5098219513893127,-0.22864504158496857,0.9996241927146912,0.7446297407150269,0.5084812641143799,0.13013558089733124,0.40575799345970154,0.7157756090164185,0.596831738948822,-0.2444416880607605,0.9753805994987488,0.7961022257804871,0.5517513751983643,0.10427989065647125,0.6449489593505859,0.7784117460250854,0.5873295664787292,-0.17097777128219604,0.9540806412696838,0.8037348985671997,0.5581286549568176,0.10398384928703308,0.6477556228637695,0.7931011319160461,0.5890322923660278,-0.19536656141281128,0.9349607229232788,0.8033666014671326,0.5395081043243408,0.07622065395116806,0.6586604118347168,0.7941210269927979,0.5674845576286316,-0.1941099911928177,0.9308353662490845,0.7981751561164856,0.5397671461105347,0.09053953737020493,0.6712645888328552,0.788209855556488,0.5676959753036499,-0.16947340965270996,0.9020761251449585,0.6045706868171692,0.5871023535728455,0.08834362030029297,0.9990435838699341,0.604400634765625,0.6076971292495728,-0.0884111300110817,0.9992794394493103,0.6348832249641418,0.6992402672767639,0.08422372490167618,0.8047439455986023,0.5543574094772339,0.7113804221153259,-0.0684906616806984,0.9812469482421875,0.6071856021881104,0.8355321288108826,0.1209450215101242,0.9071155190467834,0.4654228389263153,0.8087152242660522,0.01707170344889164,0.9910492897033691,0.6282597780227661,0.8564431071281433,0.12276191264390945,0.8984969258308411,0.446595698595047,0.8152371644973755,0.023473259061574936,0.9490312337875366,0.6340733170509338,0.8977205753326416,0.09906287491321564,0.9254632592201233,0.481997013092041,0.8704352974891663,-0.0247521810233593,0.9785169363021851
147,0.7451858520507812,0.4682488739490509,-0.13790521025657654,0.9995526671409607,0.7496868968009949,0.4547274112701416,-0.13097995519638062,0.9992649555206299,0.7497743964195251,0.452556312084198,-0.13107237219810486,0.9991534352302551,0.7499918341636658,0.45037513971328735,-0.1311865895986557,0.9992743730545044,0.7477082014083862,0.4570963680744171,-0.15829657018184662,0.9994011521339417,0.7463635206222534,0.4565926790237427,-0.15829484164714813,0.9992182850837708,0.7451733350753784,0.45620405673980713,-0.15827590227127075,0.999276340007782,0.7424211502075195,0.43831169605255127,-0.07582151144742966,0.9986880421638489,0.7368983030319214,0.44613030552864075,-0.19766198098659515,0.9990147352218628,0.7375947833061218,0.4689444303512573,-0.11253183335065842,0.9988455772399902,0.7349985241889954,0.47135159373283386,-0.1483841836452484,0.9984986186027527,0.7077704668045044,0.44739699363708496,0.031040148809552193,0.9992197751998901,0.695748507976532,0.509317934513092,-0.23825396597385406,0.9996401071548462,0.7438138723373413,0.5117781162261963,0.12038969993591309,0.39313843846321106,0.712922990322113,0.5957962870597839,-0.252155601978302,0.9749304056167603,0.7944505214691162,0.554681122303009,0.11614526808261871,0.6393780708312988,0.7749931216239929,0.5877335667610168,-0.1860874742269516,0.9551694989204407,0.8058153390884399,0.5517727136611938,0.11965589970350266,0.6437979936599731,0.7886151671409607,0.5908102989196777,-0.21059741079807281,0.9360283017158508,0.8058187961578369,0.5407812595367432,0.09194846451282501,0.65534907579422,0.7908836007118225,0.5716543197631836,-0.20980311930179596,0.9319998025894165,0.7998449802398682,0.5416109561920166,0.1031176969408989,0.670059084892273,0.7874274849891663,0.5692504048347473,-0.1851067990064621,0.903455913066864,0.608424186706543,0.5874859690666199,0.085999995470047,0.9990198016166687,0.6008859872817993,0.6070196628570557,-0.08608267456293106,0.9992965459823608,0.6652345061302185,0.6954615712165833,0.09050557017326355,0.7821335196495056,0.5527087450027466,0.7121148705482483,-0.0741470530629158,0.9781224131584167,0.6531332731246948,0.8444799780845642,0.15972113609313965,0.8904365301132202,0.4577184319496155,0.8131971955299377,0.010601552203297615,0.9901409149169922,0.6437135338783264,0.8689329028129578,0.16572925448417664,0.8850960731506348,0.4400043785572052,0.8161770105361938,0.018602441996335983,0.94673091173172,0.6854743957519531,0.9011686444282532,0.15234051644802094,0.9136737585067749,0.46174219250679016,0.8742467761039734,-0.0325268916785717,0.9765253663063049
148,0.7438137531280518,0.4676852226257324,-0.1109904795885086,0.9995541572570801,0.7490878701210022,0.4543369710445404,-0.10081455111503601,0.9993001818656921,0.7494029998779297,0.4525448679924011,-0.10088904947042465,0.9991713166236877,0.7497669458389282,0.4508686363697052,-0.10098959505558014,0.9993078708648682,0.7464815378189087,0.45689329504966736,-0.13120941817760468,0.9994344115257263,0.7449485063552856,0.4556608498096466,-0.1312168538570404,0.9992561936378479,0.7434875965118408,0.4539262652397156,-0.13118794560432434,0.9993220567703247,0.7426108121871948,0.43997907638549805,-0.03323766216635704,0.9987481236457825,0.7355276346206665,0.4416939318180084,-0.1693163365125656,0.9990819096565247,0.7368641495704651,0.4689055383205414,-0.08039765805006027,0.998884916305542,0.7338459491729736,0.4710928201675415,-0.11974275857210159,0.9985859990119934,0.707203209400177,0.4630433917045593,0.07278351485729218,0.9991653561592102,0.6930816769599915,0.47754809260368347,-0.21541094779968262,0.9995987415313721,0.7435572147369385,0.5390620231628418,0.14571867883205414,0.38369840383529663,0.7209113240242004,0.5910033583641052,-0.25225019454956055,0.9760445952415466,0.7925086617469788,0.5796938538551331,0.08989901095628738,0.6260792016983032,0.7787931561470032,0.5857330560684204,-0.1920139193534851,0.9576721787452698,0.8032020330429077,0.5825535655021667,0.08666996657848358,0.6310533881187439,0.7925205826759338,0.585297167301178,-0.2253367304801941,0.9388963580131531,0.8031299710273743,0.5491437315940857,0.05846104398369789,0.643106997013092,0.7962014079093933,0.5655858516693115,-0.21393896639347076,0.935028076171875,0.7975138425827026,0.5789037346839905,0.0749020054936409,0.6600663065910339,0.7929180860519409,0.5637695789337158,-0.1884598582983017,0.9072561264038086,0.6079378128051758,0.5895443558692932,0.08870100975036621,0.9990893602371216,0.6060431003570557,0.604658842086792,-0.0887388363480568,0.9992919564247131,0.5525157451629639,0.7184901237487793,0.10794646292924881,0.7960355877876282,0.6619536876678467,0.7068876624107361,-0.05878640338778496,0.976740837097168,0.46236929297447205,0.8246911764144897,0.16106341779232025,0.8965636491775513,0.6169919967651367,0.8676786422729492,0.028866318985819817,0.9893569350242615,0.44642573595046997,0.8335265517234802,0.16598601639270782,0.8918111324310303,0.6326412558555603,0.8783727884292603,0.036267008632421494,0.9478471875190735,0.4524701237678528,0.8784893751144409,0.1408006101846695,0.9154942035675049,0.6365289092063904,0.917338490486145,0.00914804544299841,0.9755005240440369
149,0.7435891628265381,0.4673398435115814,-0.08383883535861969,0.99956876039505,0.7486953139305115,0.4538741409778595,-0.07437723129987717,0.9993435144424438,0.748928427696228,0.4520762264728546,-0.07446407526731491,0.9992105960845947,0.7492437362670898,0.45039135217666626,-0.07455238699913025,0.9993501901626587,0.7462963461875916,0.45663824677467346,-0.10410324484109879,0.9994701743125916,0.7448520660400391,0.4554539620876312,-0.10410789400339127,0.9992979168891907,0.7435152530670166,0.453428715467453,-0.10407545417547226,0.9993666410446167,0.7419564723968506,0.43960171937942505,-0.008744781836867332,0.998825192451477,0.7358767986297607,0.44053035974502563,-0.14186085760593414,0.9991480708122253,0.7363312244415283,0.4686362147331238,-0.05363164097070694,0.9989237189292908,0.7336462736129761,0.47016364336013794,-0.09212744235992432,0.9986608624458313,0.7070152163505554,0.4604102373123169,0.09944934397935867,0.9991664290428162,0.698434054851532,0.4810369312763214,-0.19713129103183746,0.999577522277832,0.7432776689529419,0.5312561988830566,0.1523178368806839,0.36800724267959595,0.7312068343162537,0.5883674621582031,-0.23365512490272522,0.9761633276939392,0.7913529872894287,0.5784646272659302,0.07755012810230255,0.608651876449585,0.7774698138237,0.5863772034645081,-0.17292943596839905,0.95733642578125,0.8044636845588684,0.5846728682518005,0.07456264644861221,0.6161474585533142,0.7900192141532898,0.5874959826469421,-0.20032130181789398,0.9376684427261353,0.8035751581192017,0.5533773303031921,0.04581286758184433,0.6283732056617737,0.7944427132606506,0.5666223168373108,-0.19330467283725739,0.9337847232818604,0.7984590530395508,0.5829245448112488,0.06275179237127304,0.6473373174667358,0.7915269136428833,0.5639378428459167,-0.16943427920341492,0.9057328104972839,0.6076801419258118,0.591447114944458,0.09438874572515488,0.999160647392273,0.6081723570823669,0.6047134399414062,-0.0943940207362175,0.9993153214454651,0.549761176109314,0.7242870330810547,0.1065777912735939,0.811346709728241,0.6579446196556091,0.7054184675216675,-0.06399508565664291,0.9771972894668579,0.45838701725006104,0.8162400722503662,0.15163926780223846,0.903948187828064,0.601491391658783,0.8663891553878784,0.02518153190612793,0.9895781874656677,0.4440954625606537,0.8128578662872314,0.15428493916988373,0.899080753326416,0.5862007737159729,0.8869637846946716,0.030239056795835495,0.9498201608657837,0.4953294098377228,0.8816031813621521,0.12111158668994904,0.9198062419891357,0.6178317666053772,0.9192805290222168,-0.011967656202614307,0.9763176441192627
150,0.747123122215271,0.46727460622787476,-0.06093158945441246,0.9995825886726379,0.7513123154640198,0.45405155420303345,-0.05109268054366112,0.9993821382522583,0.7512509226799011,0.4521905779838562,-0.05117964372038841,0.9992464184761047,0.7512498497962952,0.4503765106201172,-0.05125872790813446,0.9993906617164612,0.7491463422775269,0.4563741981983185,-0.083015076816082,0.9995046854019165,0.7475875020027161,0.4552324712276459,-0.08302442729473114,0.9993408918380737,0.7460736036300659,0.45338210463523865,-0.08300169557332993,0.9994104504585266,0.7425707578659058,0.4391607642173767,0.007928835228085518,0.9989039897918701,0.7369766235351562,0.44044625759124756,-0.13504984974861145,0.999209463596344,0.7388495206832886,0.46846985816955566,-0.03386261314153671,0.9989763498306274,0.7361486554145813,0.4699614346027374,-0.07522375136613846,0.9987464547157288,0.7072368264198303,0.4593529999256134,0.10587901622056961,0.9991716146469116,0.6985229253768921,0.4819381833076477,-0.19334836304187775,0.9995464086532593,0.7437042593955994,0.5199949741363525,0.18171367049217224,0.3589644730091095,0.7260494232177734,0.5873533487319946,-0.235942542552948,0.9771919250488281,0.7939131259918213,0.535163164138794,0.121874138712883,0.6049179434776306,0.7764061093330383,0.5862312912940979,-0.18667325377464294,0.9595096111297607,0.8072349429130554,0.5767263174057007,0.11821117997169495,0.6151242852210999,0.789099931716919,0.5866808891296387,-0.2138718068599701,0.9404032826423645,0.8050025701522827,0.5494388341903687,0.08768127113580704,0.6273371577262878,0.7939513325691223,0.5664244294166565,-0.20968446135520935,0.9367494583129883,0.8004592657089233,0.5499414205551147,0.10538490116596222,0.6472859978675842,0.7895361185073853,0.5639519691467285,-0.18441152572631836,0.9095866084098816,0.6067159175872803,0.5943909883499146,0.09899762272834778,0.9992319941520691,0.6084896326065063,0.6040841937065125,-0.09894802421331406,0.9993260502815247,0.5491041541099548,0.7320414185523987,0.10739950090646744,0.8262258768081665,0.6849367022514343,0.6997268795967102,-0.06636575609445572,0.9767920970916748,0.4532700479030609,0.8219143152236938,0.14703606069087982,0.9108407497406006,0.643372118473053,0.8718087673187256,0.02076362445950508,0.9891917705535889,0.43792957067489624,0.8219649195671082,0.14872469007968903,0.9062024354934692,0.6423963308334351,0.8843302726745605,0.026201222091913223,0.9511428475379944,0.45241010189056396,0.8788433074951172,0.11102311313152313,0.9234655499458313,0.6667532324790955,0.9191088676452637,-0.016466956585645676,0.9761476516723633
151,0.75079345703125,0.46706628799438477,-0.0516362302005291,0.9996109008789062,0.7536912560462952,0.4538170397281647,-0.0435221865773201,0.9994307160377502,0.7534717917442322,0.45191383361816406,-0.0435948483645916,0.999299943447113,0.7533427476882935,0.4500603973865509,-0.043654847890138626,0.9994392395019531,0.751752495765686,0.4561935067176819,-0.07575860619544983,0.9995458722114563,0.7502231597900391,0.45523831248283386,-0.07576466351747513,0.9993946552276611,0.7487345933914185,0.4537962079048157,-0.07575268298387527,0.9994608163833618,0.7434234619140625,0.4391084313392639,0.005020172335207462,0.9989946484565735,0.7383873462677002,0.441131055355072,-0.13947740197181702,0.9992771744728088,0.7423613667488098,0.468302845954895,-0.028690138831734657,0.9990571141242981,0.7397010922431946,0.4700152277946472,-0.07045330852270126,0.9988507032394409,0.7061082720756531,0.4398205876350403,0.10007749497890472,0.9992246627807617,0.6986661553382874,0.492521733045578,-0.19547410309314728,0.9995521306991577,0.7445431351661682,0.5174387693405151,0.19151459634304047,0.359624981880188,0.7187858819961548,0.5975328683853149,-0.22367314994335175,0.9783773422241211,0.7943329215049744,0.5203148126602173,0.14898987114429474,0.6105297207832336,0.7755454778671265,0.5886398553848267,-0.1620607078075409,0.9620980620384216,0.8062918782234192,0.5479258298873901,0.14689120650291443,0.6209676861763,0.7882531881332397,0.5894056558609009,-0.18809989094734192,0.9437465667724609,0.8042365908622742,0.5395867824554443,0.1148778647184372,0.6328622102737427,0.7927472591400146,0.5709843635559082,-0.18545271456241608,0.9403497576713562,0.8003228306770325,0.537086546421051,0.13267706334590912,0.6532502174377441,0.7887396216392517,0.5682099461555481,-0.15938599407672882,0.914496123790741,0.6050922274589539,0.5940848588943481,0.09912415593862534,0.9993029832839966,0.6113535165786743,0.6041085720062256,-0.09912491589784622,0.9993530511856079,0.5490160584449768,0.7323535084724426,0.10440360009670258,0.8389458656311035,0.6896848678588867,0.6934133172035217,-0.0599541999399662,0.9724473357200623,0.4529983699321747,0.8231258988380432,0.13618434965610504,0.9159548282623291,0.6601772308349609,0.8652336001396179,0.02879706211388111,0.985943615436554,0.4346965253353119,0.823859691619873,0.13741764426231384,0.9120432138442993,0.6457062363624573,0.8842929005622864,0.03490956872701645,0.9476194977760315,0.44115638732910156,0.8800715804100037,0.10120872408151627,0.9254280924797058,0.6946942210197449,0.914557933807373,0.016649510711431503,0.9727386236190796
152,0.7509042024612427,0.46443912386894226,0.06709778308868408,0.9996346831321716,0.7533569931983948,0.45133253931999207,0.0691249817609787,0.9994752407073975,0.7528435587882996,0.44890257716178894,0.06908174604177475,0.9993506669998169,0.7524991631507874,0.4464966952800751,0.06903281807899475,0.9994839429855347,0.7526901364326477,0.4554712474346161,0.04191615432500839,0.9995830655097961,0.7516854405403137,0.45510390400886536,0.04190133884549141,0.9994431734085083,0.7508033514022827,0.4537537395954132,0.04188620671629906,0.999506413936615,0.7429452538490295,0.4357549846172333,0.08473215997219086,0.9990781545639038,0.7413075566291809,0.4420047700405121,-0.03707483038306236,0.9993355870246887,0.7420629262924194,0.4653204083442688,0.07713214308023453,0.9991312026977539,0.7406758666038513,0.468744695186615,0.04194694384932518,0.9989435076713562,0.7053073048591614,0.43425771594047546,0.15928210318088531,0.9992642402648926,0.7046821713447571,0.4976758658885956,-0.11773218214511871,0.9995701909065247,0.7343740463256836,0.5120832920074463,0.26024869084358215,0.34360384941101074,0.718029260635376,0.5971184968948364,-0.12296395748853683,0.9793359041213989,0.7917360067367554,0.5223024487495422,0.24613143503665924,0.6135139465332031,0.7774237990379333,0.5876771211624146,-0.02743598073720932,0.9642511606216431,0.8028571605682373,0.5424951910972595,0.2505849599838257,0.6258374452590942,0.7904479503631592,0.5878161191940308,-0.04294774308800697,0.9466462135314941,0.8008421063423157,0.5386059880256653,0.22199802100658417,0.6370306611061096,0.7948243618011475,0.5698570013046265,-0.04064061865210533,0.9433673620223999,0.7983248233795166,0.5352473855018616,0.23224996030330658,0.6563563346862793,0.7895323634147644,0.5678352117538452,-0.023844487965106964,0.9186993837356567,0.6032195687294006,0.5940345525741577,0.09763327986001968,0.9993685483932495,0.6147025227546692,0.6054843068122864,-0.09762921184301376,0.9993970990180969,0.546229362487793,0.7380929589271545,0.061312660574913025,0.8521465063095093,0.6915578246116638,0.6899784803390503,-0.05565464496612549,0.9713304042816162,0.45337140560150146,0.8235253095626831,0.06241650506854057,0.9225400686264038,0.6533196568489075,0.8703942894935608,0.013351904228329659,0.9851785898208618,0.43636560440063477,0.8238051533699036,0.06088152155280113,0.9190074801445007,0.6467212438583374,0.8839386701583862,0.01612146943807602,0.9477499723434448,0.4421714246273041,0.8812013864517212,0.015660149976611137,0.9297586679458618,0.6867563724517822,0.9105895161628723,-0.00640388298779726,0.9717224836349487
153,0.7508723139762878,0.4640779197216034,0.04173794761300087,0.9996593594551086,0.7537418007850647,0.45094621181488037,0.04600420221686363,0.999518871307373,0.7532474994659424,0.4484933018684387,0.04595469310879707,0.9994010925292969,0.7529604434967041,0.4460865557193756,0.04589657112956047,0.9995269179344177,0.7528290152549744,0.4551205635070801,0.017613641917705536,0.99961918592453,0.7517117261886597,0.45484477281570435,0.017589114606380463,0.9994906187057495,0.7507448792457581,0.4536525011062622,0.017572112381458282,0.9995502829551697,0.7438197731971741,0.4354929029941559,0.07371651381254196,0.999159038066864,0.741901695728302,0.44206422567367554,-0.0526907853782177,0.9993945956230164,0.7421301603317261,0.4651632010936737,0.056693557649850845,0.9992010593414307,0.7404804825782776,0.4685511887073517,0.020153498277068138,0.9990318417549133,0.7045902013778687,0.43291914463043213,0.1608310341835022,0.9992809295654297,0.7064199447631836,0.5064311623573303,-0.12779079377651215,0.9995794296264648,0.7208024859428406,0.5159198045730591,0.27376845479011536,0.3202385902404785,0.7123144268989563,0.6066429615020752,-0.12699942290782928,0.9794102907180786,0.7716876268386841,0.5456036329269409,0.28640279173851013,0.5913252234458923,0.7773554921150208,0.5875270962715149,-0.007723669055849314,0.9646474123001099,0.7852036356925964,0.554070234298706,0.29738661646842957,0.6073309183120728,0.7903720140457153,0.5876262187957764,-0.01717626117169857,0.9470505714416504,0.7865515351295471,0.5560688376426697,0.27336037158966064,0.6177228093147278,0.7946479916572571,0.5697266459465027,-0.013169672340154648,0.9436998963356018,0.7813136577606201,0.5540456771850586,0.2750561833381653,0.6372365355491638,0.7879628539085388,0.567838191986084,-0.0024795769713819027,0.9193488359451294,0.6027451157569885,0.5963252186775208,0.09694734960794449,0.9994264245033264,0.6173222064971924,0.6061744093894958,-0.09692779183387756,0.9994339942932129,0.5495831966400146,0.7379525899887085,0.0699024572968483,0.8651298880577087,0.6971271634101868,0.6828079223632812,-0.060595106333494186,0.9714841246604919,0.45417407155036926,0.8208352327346802,0.08311016857624054,0.9292611479759216,0.6644425988197327,0.8672328591346741,-0.0018744306871667504,0.9852035641670227,0.4370709955692291,0.8186641931533813,0.0829937607049942,0.9259246587753296,0.6478795409202576,0.8811660408973694,0.001955913146957755,0.9492212533950806,0.4422089755535126,0.882107138633728,0.04376643896102905,0.9349849224090576,0.6951377391815186,0.9083597660064697,-0.014673309400677681,0.9722214937210083
154,0.7508135437965393,0.46440133452415466,-0.004483665805310011,0.9996757507324219,0.7533184885978699,0.45101791620254517,-0.0002844407281372696,0.9995480179786682,0.752814531326294,0.44849535822868347,-0.0003263139515183866,0.9994287490844727,0.7525262236595154,0.4460752010345459,-0.0003719948581419885,0.9995524287223816,0.7527751922607422,0.4555128514766693,-0.028824269771575928,0.9996458888053894,0.7518554925918579,0.45555686950683594,-0.02884005568921566,0.9995256662368774,0.7511047720909119,0.4550926387310028,-0.02887246385216713,0.9995845556259155,0.7437991499900818,0.43544965982437134,0.03172086179256439,0.99921053647995,0.7422537207603455,0.4438002109527588,-0.09649832546710968,0.9994388222694397,0.7421594858169556,0.46525999903678894,0.012152966111898422,0.9992480278015137,0.7410117387771606,0.4692292809486389,-0.024764351546764374,0.9990966320037842,0.7044928073883057,0.43207892775535583,0.1260916143655777,0.9993063807487488,0.7050432562828064,0.5092622637748718,-0.1604461967945099,0.9995971918106079,0.71625155210495,0.5135205388069153,0.23332656919956207,0.29930704832077026,0.7034422755241394,0.6079811453819275,-0.16337333619594574,0.9791551828384399,0.7671834826469421,0.5481389164924622,0.22335284948349,0.580674946308136,0.7625038623809814,0.5917164087295532,-0.05637361481785774,0.9659401774406433,0.7819784879684448,0.5544511079788208,0.23174242675304413,0.5993956327438354,0.776378333568573,0.5950963497161865,-0.06933160126209259,0.9486827254295349,0.7842870950698853,0.5573961138725281,0.2034151703119278,0.609268069267273,0.7776771187782288,0.5785791873931885,-0.06285086274147034,0.9454054236412048,0.7785546183586121,0.5571029782295227,0.21004799008369446,0.6284822821617126,0.7728289365768433,0.5771949887275696,-0.05037599056959152,0.9214434623718262,0.6022456288337708,0.5965307950973511,0.09640788286924362,0.99947589635849,0.6198120713233948,0.6129229068756104,-0.09639872610569,0.9994481801986694,0.5503734946250916,0.7355638742446899,0.08092408627271652,0.8743182420730591,0.6987493634223938,0.6884783506393433,-0.031247682869434357,0.964665949344635,0.4531002342700958,0.8195781111717224,0.10404465347528458,0.934061586856842,0.6641890406608582,0.8639390468597412,0.07090750336647034,0.980549156665802,0.436580628156662,0.8203129768371582,0.10564281791448593,0.9313843846321106,0.6469711065292358,0.8811687231063843,0.07975810021162033,0.9410287737846375,0.4427407681941986,0.8779449462890625,0.0667063295841217,0.9376770257949829,0.691756010055542,0.9073437452316284,0.07771528512239456,0.9674084782600403
155,0.7514334321022034,0.4611804783344269,-0.03090803697705269,0.9996979832649231,0.7537571787834167,0.4480850100517273,-0.028513168916106224,0.9995829463005066,0.7533901929855347,0.4456654489040375,-0.028514664620161057,0.9994699358940125,0.7532399892807007,0.4433102011680603,-0.028513990342617035,0.9995864033699036,0.752886950969696,0.45263922214508057,-0.05486667528748512,0.9996752142906189,0.7518439888954163,0.45295393466949463,-0.054917167872190475,0.9995653033256531,0.7509639263153076,0.4528920650482178,-0.05495602637529373,0.9996203184127808,0.7445619702339172,0.43462008237838745,0.003128047101199627,0.9992748498916626,0.7421325445175171,0.44353294372558594,-0.11758413910865784,0.9994861483573914,0.7430630922317505,0.46314650774002075,-0.014256895519793034,0.9993047714233398,0.7413021326065063,0.46722111105918884,-0.04820937663316727,0.9991685748100281,0.7040246725082397,0.4324215352535248,0.11328969150781631,0.9993438124656677,0.7050542235374451,0.5119938254356384,-0.1704152524471283,0.9996128082275391,0.720732569694519,0.523590624332428,0.2118968665599823,0.2930455505847931,0.7031397223472595,0.6107420921325684,-0.1774105280637741,0.9796754121780396,0.7676609754562378,0.5606344938278198,0.19008459150791168,0.5829115509986877,0.763264536857605,0.5947431325912476,-0.07359130680561066,0.9675352573394775,0.781052827835083,0.5647628307342529,0.19586282968521118,0.6011005640029907,0.7750353217124939,0.5988323092460632,-0.08905968815088272,0.9506744146347046,0.7827856540679932,0.5671347379684448,0.1670273393392563,0.6106733679771423,0.7769039273262024,0.5823979377746582,-0.08496992290019989,0.9475572109222412,0.7773658633232117,0.5677489042282104,0.17664246261119843,0.6285905838012695,0.7743370532989502,0.5793755054473877,-0.06897348910570145,0.9244645833969116,0.6021214127540588,0.5975267887115479,0.09595699608325958,0.9995244741439819,0.6203020811080933,0.6152750849723816,-0.09600391983985901,0.999480128288269,0.5512498617172241,0.7350389361381531,0.08179671317338943,0.8852473497390747,0.6996947526931763,0.6904202699661255,-0.03242828696966171,0.9639859199523926,0.4534531831741333,0.8210970163345337,0.10795309394598007,0.9393395781517029,0.6626167893409729,0.8620861172676086,0.07147219777107239,0.9791797995567322,0.43769168853759766,0.8229163885116577,0.10926049202680588,0.9369796514511108,0.6458207964897156,0.8818823099136353,0.08029169589281082,0.9384443759918213,0.4426296055316925,0.8788888454437256,0.0758238360285759,0.9413268566131592,0.6942148208618164,0.9043523669242859,0.0794525071978569,0.9656943082809448
156,0.7507888078689575,0.4586905241012573,0.02167176455259323,0.9997219443321228,0.7532729506492615,0.4458645284175873,0.02500704675912857,0.9996187090873718,0.7529258728027344,0.4433591067790985,0.02496860735118389,0.9995132684707642,0.7527934312820435,0.4409451186656952,0.024938886985182762,0.9996216297149658,0.7526777982711792,0.4509190618991852,-0.0036954921670258045,0.9997043013572693,0.7518595457077026,0.4515987038612366,-0.003714628517627716,0.9996041655540466,0.7512879967689514,0.4520287811756134,-0.0037448445800691843,0.9996549487113953,0.744634211063385,0.4334013760089874,0.050310347229242325,0.9993391036987305,0.7433752417564392,0.4436138868331909,-0.07854872196912766,0.9995324611663818,0.7426639199256897,0.4605455994606018,0.036167044192552567,0.9993629455566406,0.7412422299385071,0.4652225077152252,-0.001084066927433014,0.9992387294769287,0.703715443611145,0.42925405502319336,0.1441473811864853,0.9993824362754822,0.7062071561813354,0.5137345194816589,-0.15236718952655792,0.9996300339698792,0.7232812643051147,0.522279679775238,0.2582520842552185,0.2809596359729767,0.7151746153831482,0.6122722029685974,-0.14537231624126434,0.9793422818183899,0.7705159783363342,0.5618671774864197,0.2526552379131317,0.5835564732551575,0.7642019391059875,0.5943416357040405,-0.025578949600458145,0.9684029817581177,0.7837321758270264,0.5669607520103455,0.26212185621261597,0.6037261486053467,0.7762065529823303,0.5973813533782959,-0.03737200051546097,0.9518595337867737,0.7844821810722351,0.5678049325942993,0.23299981653690338,0.6130703687667847,0.778640866279602,0.5810849070549011,-0.033274292945861816,0.9488354325294495,0.7794521450996399,0.5685096383094788,0.239446222782135,0.6300880312919617,0.7752713561058044,0.5781579613685608,-0.02031741663813591,0.9261897802352905,0.6019927859306335,0.5981152653694153,0.09839153289794922,0.999569833278656,0.6240943074226379,0.6159129738807678,-0.09846222400665283,0.9995179772377014,0.5522664189338684,0.7349249124526978,0.08197145909070969,0.8955700397491455,0.7088591456413269,0.6948378682136536,-0.03731096535921097,0.9645508527755737,0.45590677857398987,0.8167360424995422,0.09395953267812729,0.9444485306739807,0.6638109683990479,0.8618687391281128,0.052376020699739456,0.9794864058494568,0.4384545087814331,0.8114796280860901,0.09430815279483795,0.942496657371521,0.6478464603424072,0.8848063349723816,0.05968685448169708,0.9396563768386841,0.4408667981624603,0.8795375823974609,0.06184440478682518,0.9448133111000061,0.6994374394416809,0.9040020704269409,0.052314672619104385,0.9655230641365051
157,0.7504323124885559,0.45872363448143005,0.04409080743789673,0.9997416734695435,0.7529242038726807,0.44585713744163513,0.045018911361694336,0.9996493458747864,0.7525535821914673,0.4432724118232727,0.04497528821229935,0.9995498657226562,0.7524157166481018,0.44070032238960266,0.04494170472025871,0.9996516704559326,0.7525737285614014,0.450836718082428,0.01873003877699375,0.9997292160987854,0.7518764734268188,0.4514743983745575,0.018716366961598396,0.9996373057365417,0.7514181733131409,0.45190975069999695,0.01868152618408203,0.999684751033783,0.744210422039032,0.43264102935791016,0.058887649327516556,0.9993955492973328,0.7435978651046753,0.4436073303222656,-0.05943705514073372,0.9995720386505127,0.7422052025794983,0.46013662219047546,0.05410189554095268,0.9994125366210938,0.740941047668457,0.46473783254623413,0.01997026987373829,0.9992990493774414,0.7022250890731812,0.4297797977924347,0.1435222327709198,0.999417245388031,0.7071857452392578,0.5130749344825745,-0.13450974225997925,0.9996446967124939,0.7170131802558899,0.5269302129745483,0.24604113399982452,0.2690693438053131,0.7053591012954712,0.6103954315185547,-0.12625917792320251,0.9792354702949524,0.7626340985298157,0.5747413635253906,0.232499361038208,0.5835732221603394,0.7609231472015381,0.5958370566368103,-0.013525253161787987,0.969155490398407,0.7761174440383911,0.5829208493232727,0.23939372599124908,0.6052641868591309,0.7725774645805359,0.6001483201980591,-0.023865194991230965,0.9529234766960144,0.7781975865364075,0.5828381180763245,0.2113521248102188,0.6143738031387329,0.7740375399589539,0.5837669372558594,-0.019664572551846504,0.949984610080719,0.7729027271270752,0.5822790861129761,0.21960490942001343,0.6301403045654297,0.7705309391021729,0.5816437602043152,-0.008332476951181889,0.9276629090309143,0.6017414927482605,0.6000248193740845,0.09644842892885208,0.999609649181366,0.6256420612335205,0.617101788520813,-0.0965176671743393,0.9995450973510742,0.5547435283660889,0.7376624941825867,0.06253622472286224,0.9046016335487366,0.7018316984176636,0.695338785648346,-0.030973447486758232,0.9644244909286499,0.4552859961986542,0.8180666565895081,0.05509074404835701,0.9486664533615112,0.6591958999633789,0.864228367805481,0.057083506137132645,0.9782216548919678,0.43871986865997314,0.8152084350585938,0.053472064435482025,0.9472638368606567,0.6444796323776245,0.8876468539237976,0.06459847092628479,0.9373561143875122,0.44126689434051514,0.8800615072250366,0.021654218435287476,0.9471676349639893,0.690154492855072,0.9039517045021057,0.06750170141458511,0.9626716375350952
158,0.7522421479225159,0.4588388502597809,0.010253469459712505,0.9997527003288269,0.7543383240699768,0.4459538757801056,0.013404246419668198,0.9996702671051025,0.7538158893585205,0.44335824251174927,0.013348164036870003,0.9995729923248291,0.7535519003868103,0.44074156880378723,0.01330254040658474,0.9996727705001831,0.7540494203567505,0.4508940279483795,-0.013877961784601212,0.9997476935386658,0.7532689571380615,0.4515759348869324,-0.013895188458263874,0.9996620416641235,0.7526604533195496,0.4520929455757141,-0.013916285708546638,0.9997076392173767,0.7451353073120117,0.43259668350219727,0.03958733007311821,0.9994381070137024,0.7442833781242371,0.444202721118927,-0.08268585056066513,0.9996016025543213,0.7436803579330444,0.460245817899704,0.025194386020302773,0.9994443655014038,0.7424076795578003,0.4647727310657501,-0.010193141177296638,0.999335765838623,0.7031168341636658,0.4318232238292694,0.12891069054603577,0.9994404911994934,0.707277238368988,0.5148761868476868,-0.1500854343175888,0.9996333122253418,0.7228726148605347,0.5261908173561096,0.23082235455513,0.25986701250076294,0.7124767303466797,0.6173854470252991,-0.14877471327781677,0.9787628650665283,0.765607476234436,0.5744540095329285,0.21661075949668884,0.5822528004646301,0.7618612051010132,0.5988656282424927,-0.04590754210948944,0.9686483144760132,0.7794747948646545,0.5824154019355774,0.22260424494743347,0.6054602861404419,0.7739362716674805,0.603003740310669,-0.06065788492560387,0.9520435929298401,0.7808445692062378,0.5824694037437439,0.1927407830953598,0.6145052313804626,0.7757189869880676,0.5860042572021484,-0.05668272450566292,0.9490056037902832,0.7757312655448914,0.5825026631355286,0.20299774408340454,0.6293339729309082,0.7720875144004822,0.5825329422950745,-0.04142939671874046,0.9263983368873596,0.6024525165557861,0.6012709140777588,0.09622462093830109,0.9996458292007446,0.6265266537666321,0.6176034212112427,-0.09632118791341782,0.9995666146278381,0.5536202192306519,0.7409047484397888,0.05952056497335434,0.9125193357467651,0.7010284662246704,0.6947833299636841,-0.029303885996341705,0.9634223580360413,0.4532885253429413,0.8236367106437683,0.060316916555166245,0.9522528648376465,0.6603251695632935,0.86359703540802,0.059705398976802826,0.9761931896209717,0.43331363797187805,0.8360741138458252,0.059499576687812805,0.9513067007064819,0.6457831263542175,0.8863041996955872,0.06689002364873886,0.9343450665473938,0.4458082318305969,0.8828999400138855,0.021081624552607536,0.9484459161758423,0.6840891242027283,0.8999450206756592,0.062344029545784,0.957767903804779
159,0.7531858682632446,0.4589407444000244,-0.007259311620146036,0.9997550845146179,0.7550705671310425,0.4458658993244171,-0.004820492584258318,0.9996823072433472,0.7544179558753967,0.4431782364845276,-0.004868396557867527,0.9995844960212708,0.7540038228034973,0.4404577612876892,-0.004909980576485395,0.9996865391731262,0.7551470994949341,0.45088234543800354,-0.0325784906744957,0.9997580051422119,0.7544398903846741,0.45156487822532654,-0.03261563926935196,0.9996746182441711,0.7538252472877502,0.452085018157959,-0.03260090947151184,0.9997214674949646,0.745396077632904,0.43229198455810547,0.02040359377861023,0.9994624853134155,0.7450235486030579,0.44424283504486084,-0.1044311597943306,0.9996147155761719,0.7440965175628662,0.46014168858528137,0.006585934665054083,0.9994643330574036,0.7432821989059448,0.46478721499443054,-0.029296936467289925,0.9993647336959839,0.7030684947967529,0.4313143789768219,0.1083238273859024,0.9994480013847351,0.7077527642250061,0.5148434042930603,-0.16394446790218353,0.9996224045753479,0.7217056751251221,0.5294346213340759,0.180185005068779,0.2565469741821289,0.7127545475959778,0.6235857605934143,-0.15833181142807007,0.9789390563964844,0.7642189860343933,0.5823239088058472,0.1418834626674652,0.5898453593254089,0.7591469287872314,0.5999059081077576,-0.05671476572751999,0.9697164297103882,0.7786313891410828,0.5904372334480286,0.14297246932983398,0.6113835573196411,0.7725837826728821,0.6029276847839355,-0.07192859798669815,0.9535364508628845,0.7797276377677917,0.5917003750801086,0.11620910465717316,0.6200010180473328,0.7743632197380066,0.5857717990875244,-0.06770694255828857,0.9505853652954102,0.773874044418335,0.5917755365371704,0.12842340767383575,0.6338845491409302,0.770579993724823,0.5841365456581116,-0.05246569216251373,0.9287334084510803,0.6024225950241089,0.6024857759475708,0.0953943207859993,0.9996663331985474,0.6255285143852234,0.6213357448577881,-0.09544212371110916,0.9995593428611755,0.5553281903266907,0.7430626749992371,0.07239902764558792,0.9186564683914185,0.6980024576187134,0.7026088237762451,-0.03757346048951149,0.9642828106880188,0.45489710569381714,0.8236852288246155,0.0791110247373581,0.9549860954284668,0.6594163775444031,0.8645123243331909,0.03406107425689697,0.9768147468566895,0.43807804584503174,0.8289697170257568,0.07733861356973648,0.9537846446037292,0.6410266757011414,0.8871695399284363,0.03930811583995819,0.9348046183586121,0.4567295014858246,0.8821078538894653,0.04804060608148575,0.9504163861274719,0.6563559174537659,0.924677312374115,0.026488667353987694,0.9590264558792114
160,0.7531455159187317,0.45931947231292725,-0.005622961092740297,0.999755859375,0.7554155588150024,0.4459419548511505,-0.0027852554339915514,0.9996928572654724,0.7547637224197388,0.44322043657302856,-0.0028397217392921448,0.9995927214622498,0.7543265223503113,0.44051551818847656,-0.0028912543784826994,0.9996970891952515,0.7555739283561707,0.451151967048645,-0.030570680275559425,0.9997681975364685,0.7549633383750916,0.4518708884716034,-0.030595876276493073,0.9996877908706665,0.7544593811035156,0.4524281322956085,-0.030603421851992607,0.999735414981842,0.7457677125930786,0.4318634867668152,0.02197272516787052,0.9994873404502869,0.7457930445671082,0.44425827264785767,-0.10255906730890274,0.9996303915977478,0.7441624402999878,0.4602034389972687,0.008627955801784992,0.9994771480560303,0.7435111999511719,0.4649435579776764,-0.027325313538312912,0.9993804693222046,0.7029983401298523,0.42840540409088135,0.1096263974905014,0.9994586110115051,0.7076235413551331,0.5144625306129456,-0.1644677221775055,0.9996173977851868,0.7211207151412964,0.5301557779312134,0.19510789215564728,0.2481796145439148,0.7078973650932312,0.620563268661499,-0.1625995934009552,0.9787572622299194,0.7650316953659058,0.583515465259552,0.17599083483219147,0.5912818908691406,0.7602084279060364,0.6014307737350464,-0.06338091939687729,0.9703558683395386,0.7795244455337524,0.5914216637611389,0.1820509433746338,0.6125113368034363,0.7731403708457947,0.605390191078186,-0.07902051508426666,0.9543532729148865,0.7807467579841614,0.5930616855621338,0.15587954223155975,0.6207606792449951,0.7750374674797058,0.5868502855300903,-0.07435457408428192,0.9513972401618958,0.774775505065918,0.5932934284210205,0.16392745077610016,0.6339902877807617,0.7710186243057251,0.5856563448905945,-0.05900518223643303,0.9297415018081665,0.6024677753448486,0.6032710075378418,0.09405194967985153,0.9996931552886963,0.6257143020629883,0.6215873956680298,-0.09410672634840012,0.9995665550231934,0.5551367998123169,0.7444413304328918,0.07133258879184723,0.9236748218536377,0.6987884044647217,0.7024106383323669,-0.020976660773158073,0.9597819447517395,0.4542735815048218,0.8280118703842163,0.08179730921983719,0.9563909769058228,0.6586424708366394,0.8642230033874512,0.06516548991203308,0.9731100797653198,0.4382658302783966,0.8356629610061646,0.08149030059576035,0.9561272859573364,0.643023669719696,0.8868589401245117,0.07207509130239487,0.9303113222122192,0.4512917697429657,0.8820497393608093,0.04674965888261795,0.9491345286369324,0.6858009696006775,0.9178819060325623,0.065892294049263,0.9527531266212463
161,0.7528064250946045,0.46333077549934387,-0.052932217717170715,0.9997502565383911,0.755298912525177,0.44813185930252075,-0.04642798379063606,0.9996956586837769,0.7547991275787354,0.44517892599105835,-0.04649097099900246,0.9995903968811035,0.7545230388641357,0.44218647480010986,-0.04655321314930916,0.9997008442878723,0.755176305770874,0.45257532596588135,-0.0760016143321991,0.999770998954773,0.7545062303543091,0.4527173638343811,-0.07601746171712875,0.9996916651725769,0.7539758086204529,0.4528294503688812,-0.07599949091672897,0.9997431039810181,0.7460054755210876,0.43183770775794983,-0.0020827744156122208,0.9994981288909912,0.7453822493553162,0.4434623122215271,-0.13458871841430664,0.9996397495269775,0.7439063787460327,0.4635668098926544,-0.031208951026201248,0.9994681477546692,0.7431771755218506,0.46728596091270447,-0.06949451565742493,0.9993836879730225,0.7029336094856262,0.4287131428718567,0.09692148119211197,0.9994423389434814,0.7072049975395203,0.5143246054649353,-0.1865491420030594,0.9996099472045898,0.7218816876411438,0.5285769701004028,0.18007370829582214,0.24084685742855072,0.7060153484344482,0.618934154510498,-0.2022133618593216,0.9795042872428894,0.766229510307312,0.5788611769676208,0.1488010287284851,0.5842937231063843,0.7622801661491394,0.6030415296554565,-0.12102331221103668,0.9716735482215881,0.786101222038269,0.5763116478919983,0.15112949907779694,0.6065077185630798,0.774573564529419,0.6072279214859009,-0.14246922731399536,0.9560756683349609,0.7836412787437439,0.5702109336853027,0.12381040304899216,0.6146466732025146,0.7765708565711975,0.5885241031646729,-0.13414104282855988,0.9532077312469482,0.7759018540382385,0.5877171158790588,0.1352214366197586,0.6282004117965698,0.7740342617034912,0.5853875875473022,-0.11587643623352051,0.9320434927940369,0.6025299429893494,0.603876531124115,0.09389977157115936,0.9996944069862366,0.6246834397315979,0.6229511499404907,-0.09393083304166794,0.9995288252830505,0.5561288595199585,0.7468271255493164,0.09713813662528992,0.9275915026664734,0.696021318435669,0.7045068740844727,-0.045647524297237396,0.9615582227706909,0.454386830329895,0.8302634954452515,0.13911205530166626,0.9579969644546509,0.6533386707305908,0.8716753125190735,0.03150550276041031,0.9744073152542114,0.43971192836761475,0.8354132175445557,0.14130918681621552,0.9572433829307556,0.6383238434791565,0.8907158374786377,0.03760530427098274,0.932265043258667,0.45510339736938477,0.8816771507263184,0.11194892227649689,0.9500174522399902,0.6415099501609802,0.9354538321495056,0.024510053917765617,0.9549176692962646
162,0.7524789571762085,0.4644668996334076,-0.08932548016309738,0.9997121691703796,0.7551783323287964,0.4483474791049957,-0.08424477279186249,0.9996227025985718,0.7546579837799072,0.44533830881118774,-0.08431380242109299,0.9995051622390747,0.7543660998344421,0.44227007031440735,-0.08437129855155945,0.9996299147605896,0.7550837397575378,0.4525780975818634,-0.11335793882608414,0.99969881772995,0.75421541929245,0.45263445377349854,-0.1133747547864914,0.9995921850204468,0.7533864974975586,0.45243319869041443,-0.11338131874799728,0.9996619820594788,0.7458913922309875,0.43117183446884155,-0.04143882915377617,0.9993599653244019,0.7439136505126953,0.4412018358707428,-0.17208003997802734,0.9995041489601135,0.7436110973358154,0.46473175287246704,-0.06794079393148422,0.9993634223937988,0.7425088882446289,0.46778249740600586,-0.10580192506313324,0.9992026686668396,0.7024087309837341,0.42950981855392456,0.057757679373025894,0.9994258284568787,0.706760585308075,0.5069634914398193,-0.21546173095703125,0.9996298551559448,0.7187989354133606,0.5297623872756958,0.1498703956604004,0.2320907562971115,0.7042496800422668,0.617547333240509,-0.19952501356601715,0.9782797694206238,0.7635622024536133,0.5820562839508057,0.13455115258693695,0.5687814354896545,0.7635470628738403,0.6032589673995972,-0.10368414968252182,0.9723767638206482,0.7802903652191162,0.5868911147117615,0.13929958641529083,0.5930677652359009,0.7767766714096069,0.6084052324295044,-0.12350909411907196,0.9573890566825867,0.7807652354240417,0.5880586504936218,0.1128237247467041,0.602023720741272,0.7779362201690674,0.5901960730552673,-0.1157681941986084,0.9546090960502625,0.7739312648773193,0.5929985046386719,0.12218925356864929,0.6164306998252869,0.7754673361778259,0.5863859057426453,-0.09850890934467316,0.9336859583854675,0.6053993105888367,0.6035497188568115,0.09079204499721527,0.9995965957641602,0.6234814524650574,0.6235618591308594,-0.09086518734693527,0.9994878172874451,0.6494911909103394,0.7038286924362183,0.08349438011646271,0.8867281675338745,0.5680426955223083,0.7443603873252869,-0.07512663304805756,0.9576824903488159,0.6526641249656677,0.8527480363845825,0.12661996483802795,0.9346389770507812,0.45778003334999084,0.8445977568626404,0.020311124622821808,0.9731603860855103,0.6360548138618469,0.8754776120185852,0.12892182171344757,0.9397839903831482,0.4510858356952667,0.846821665763855,0.027954747900366783,0.9287774562835693,0.6733936667442322,0.8855549097061157,0.10930559039115906,0.9360791444778442,0.45225790143013,0.8993086814880371,-0.012398237362504005,0.9531780481338501
163,0.7511259913444519,0.4648209512233734,-0.09746772795915604,0.9996763467788696,0.7541946768760681,0.4483714699745178,-0.09193205088376999,0.9995550513267517,0.7538037896156311,0.4453538656234741,-0.0920051634311676,0.9994207620620728,0.7535976767539978,0.44227609038352966,-0.09208153933286667,0.9995686411857605,0.7534567713737488,0.4525614082813263,-0.12231329083442688,0.9996377229690552,0.7523366808891296,0.45250970125198364,-0.1223338171839714,0.9995063543319702,0.7512205243110657,0.4521521031856537,-0.1223546713590622,0.9995942115783691,0.7451053857803345,0.4302988648414612,-0.04734160006046295,0.9992374777793884,0.742355465888977,0.439618855714798,-0.18386943638324738,0.999372661113739,0.7427963018417358,0.4650513827800751,-0.07522271573543549,0.999248743057251,0.7414453029632568,0.4679728150367737,-0.11486557871103287,0.9990297555923462,0.702412486076355,0.431338369846344,0.05118556693196297,0.9993712902069092,0.7055467963218689,0.5050039887428284,-0.22709012031555176,0.9996383190155029,0.7180550694465637,0.5289968848228455,0.162357360124588,0.22438129782676697,0.7018698453903198,0.6139991283416748,-0.22490109503269196,0.9778876900672913,0.762846827507019,0.5826835632324219,0.15378016233444214,0.5591381788253784,0.7636650800704956,0.6030592918395996,-0.1470709592103958,0.9736440777778625,0.7783355712890625,0.5908535718917847,0.16695646941661835,0.5856673717498779,0.777093231678009,0.609243631362915,-0.16930991411209106,0.9593197107315063,0.7799888253211975,0.5936390161514282,0.13524563610553741,0.5959904789924622,0.7783681154251099,0.5917684435844421,-0.166339710354805,0.9566678404808044,0.7735504508018494,0.5950061678886414,0.14110292494297028,0.6110531687736511,0.7760409712791443,0.5873544216156006,-0.14461268484592438,0.9359874725341797,0.6081349849700928,0.6033702492713928,0.08891400694847107,0.9994876384735107,0.6215630769729614,0.6234879493713379,-0.08897202461957932,0.9994240403175354,0.6534486413002014,0.7031530141830444,0.07624686509370804,0.8544522523880005,0.5609865188598633,0.7489182949066162,-0.07464193552732468,0.9540606737136841,0.655327558517456,0.854292094707489,0.1287166178226471,0.9125462770462036,0.45536550879478455,0.8396967053413391,0.020858334377408028,0.9722471237182617,0.6389715075492859,0.8768624663352966,0.13210685551166534,0.9231547117233276,0.44078201055526733,0.8423197865486145,0.02817070484161377,0.9252265095710754,0.6736419200897217,0.8882399201393127,0.11244463920593262,0.9224677681922913,0.4504489600658417,0.8927137851715088,-0.02168019860982895,0.9511792659759521
164,0.7517175078392029,0.46077463030815125,-0.1290377527475357,0.999689519405365,0.7544616460800171,0.4434514343738556,-0.12372160702943802,0.9995619654655457,0.7540160417556763,0.44008228182792664,-0.12379635870456696,0.9994336366653442,0.7537551522254944,0.43654558062553406,-0.12388760596513748,0.9995739459991455,0.7535834908485413,0.44819068908691406,-0.15441496670246124,0.9996466636657715,0.7523640394210815,0.4482208788394928,-0.1544560045003891,0.9995203018188477,0.751207709312439,0.44806724786758423,-0.15447258949279785,0.9996044039726257,0.7444779872894287,0.4244184195995331,-0.07742936164140701,0.9992455244064331,0.7415171265602112,0.4367081820964813,-0.21551652252674103,0.9993925094604492,0.7431138157844543,0.46114689111709595,-0.10604610294103622,0.9992590546607971,0.7417085766792297,0.4651046693325043,-0.14625531435012817,0.9990341067314148,0.7024335861206055,0.43136295676231384,0.02683010697364807,0.9993303418159485,0.7026368975639343,0.5066795349121094,-0.2563820779323578,0.999660313129425,0.7233193516731262,0.5205303430557251,0.15076079964637756,0.21289736032485962,0.7012578845024109,0.6120859384536743,-0.23148931562900543,0.9775910973548889,0.7688616514205933,0.5731088519096375,0.1635172963142395,0.5402511954307556,0.7637532353401184,0.602952778339386,-0.1202673390507698,0.9737825989723206,0.7830551862716675,0.5826801657676697,0.17961759865283966,0.5694398880004883,0.7781972885131836,0.6096497178077698,-0.1391119658946991,0.9597828984260559,0.7835959792137146,0.5863333344459534,0.15036234259605408,0.5807715654373169,0.7795417308807373,0.5931336879730225,-0.13541579246520996,0.9571807384490967,0.7776489853858948,0.5850347876548767,0.15226750075817108,0.5982304215431213,0.7769983410835266,0.5878473520278931,-0.11687123775482178,0.9366066455841064,0.6102470755577087,0.6003158092498779,0.08597377687692642,0.9994516968727112,0.6162487268447876,0.6234551072120667,-0.08597874641418457,0.9994455575942993,0.6668139696121216,0.6908872127532959,0.09944406151771545,0.8374001979827881,0.5464809536933899,0.7489887475967407,-0.058033596724271774,0.9548822641372681,0.6614367961883545,0.8527770638465881,0.18240472674369812,0.9043280482292175,0.4560795724391937,0.836199164390564,0.06568685173988342,0.9737663865089417,0.6470104455947876,0.8759324550628662,0.18932761251926422,0.9140378832817078,0.44290491938591003,0.8333389759063721,0.0753515288233757,0.9266805052757263,0.6882656216621399,0.8906592130661011,0.1770050823688507,0.9185746312141418,0.4461532235145569,0.8947784304618835,0.0037502639461308718,0.9532254934310913
165,0.7514057755470276,0.456015020608902,-0.034482069313526154,0.9996809959411621,0.7534508109092712,0.4396061301231384,-0.027296142652630806,0.9995501041412354,0.7527983784675598,0.4359455108642578,-0.027354488149285316,0.9994105696678162,0.7522348165512085,0.4319201111793518,-0.027406416833400726,0.9995689392089844,0.7531205415725708,0.4451618790626526,-0.060143399983644485,0.9996501207351685,0.7520684599876404,0.44553104043006897,-0.06012505292892456,0.9995243549346924,0.7510559558868408,0.44577500224113464,-0.06013208255171776,0.9996099472045898,0.7421225905418396,0.4187391996383667,0.012281213887035847,0.9992364048957825,0.7411345839500427,0.434296190738678,-0.13615721464157104,0.9993864893913269,0.7427775263786316,0.4544702172279358,-0.01495410967618227,0.9991922378540039,0.7416588664054871,0.4598466157913208,-0.05790407583117485,0.9989837408065796,0.7004104256629944,0.4295768737792969,0.10227179527282715,0.9992815256118774,0.702989399433136,0.5047075748443604,-0.20023317635059357,0.9996181130409241,0.7229920029640198,0.5087383389472961,0.21733376383781433,0.2046419233083725,0.7007414698600769,0.6054713129997253,-0.21667365729808807,0.9784110188484192,0.7696765065193176,0.569705069065094,0.21343357861042023,0.5424048900604248,0.7587283849716187,0.6031544208526611,-0.11346928775310516,0.9750504493713379,0.7845097184181213,0.5779854655265808,0.2235247939825058,0.5733200311660767,0.7757158279418945,0.6109792590141296,-0.13056112825870514,0.9616551399230957,0.7882803678512573,0.5674969553947449,0.19229231774806976,0.5851688385009766,0.7775314450263977,0.5969183444976807,-0.12717190384864807,0.9591730237007141,0.780196487903595,0.5825042128562927,0.1990756243467331,0.602694571018219,0.77470862865448,0.5920876860618591,-0.11531687527894974,0.9388051629066467,0.6094239950180054,0.5995764136314392,0.09017550200223923,0.9994662404060364,0.6188499331474304,0.6235911846160889,-0.09019902348518372,0.9994115233421326,0.575362503528595,0.717063844203949,0.09578268975019455,0.8453730344772339,0.6259945034980774,0.7421566843986511,-0.06415241956710815,0.9567264914512634,0.5191020369529724,0.836480975151062,0.15074238181114197,0.9091539978981018,0.4837932586669922,0.8367247581481934,0.03644225373864174,0.9748669862747192,0.5020439624786377,0.8375433087348938,0.15468859672546387,0.9172924160957336,0.47802430391311646,0.841546893119812,0.04565708711743355,0.9277822375297546,0.5163535475730896,0.8905252814292908,0.1317698061466217,0.9207116365432739,0.49320271611213684,0.9034516215324402,0.0038865157403051853,0.9549809098243713
166,0.7513473629951477,0.4493580758571625,-0.06662031263113022,0.9996897578239441,0.7531118392944336,0.4343019127845764,-0.05577322095632553,0.9995734691619873,0.7525500655174255,0.4310050904750824,-0.055846892297267914,0.9994332194328308,0.7520533800125122,0.4273969233036041,-0.055924415588378906,0.9995938539505005,0.7525049448013306,0.43898528814315796,-0.09142537415027618,0.9996715784072876,0.7513996958732605,0.43897292017936707,-0.09143521636724472,0.9995514750480652,0.7503297924995422,0.4389509856700897,-0.09140177071094513,0.9996353387832642,0.7415424585342407,0.4136244058609009,0.004287754651159048,0.9992762207984924,0.7399760484695435,0.42736050486564636,-0.1561056673526764,0.999427855014801,0.7430456876754761,0.44888779520988464,-0.03900650516152382,0.9992233514785767,0.7417353987693787,0.45347633957862854,-0.08557416498661041,0.99904465675354,0.7005261778831482,0.42759382724761963,0.09658324718475342,0.9992715716362,0.7026938796043396,0.5036282539367676,-0.21102401614189148,0.9995949864387512,0.7347896695137024,0.5063921213150024,0.17879854142665863,0.20268464088439941,0.7032641172409058,0.6045977473258972,-0.23095044493675232,0.9793275594711304,0.7778597474098206,0.5626950860023499,0.12054894119501114,0.5333762764930725,0.7719392776489258,0.6034285426139832,-0.15382085740566254,0.9757712483406067,0.7926971912384033,0.567841649055481,0.11694560199975967,0.5665248036384583,0.7855274677276611,0.6111614108085632,-0.18054607510566711,0.9626301527023315,0.7934818863868713,0.5538375377655029,0.08599936962127686,0.5790671110153198,0.786098837852478,0.5957517623901367,-0.17356395721435547,0.960315465927124,0.7906057834625244,0.5555781126022339,0.1040031760931015,0.5983578562736511,0.7830827236175537,0.5912767052650452,-0.15033136308193207,0.9402998089790344,0.6089507937431335,0.5992464423179626,0.09644029289484024,0.99950110912323,0.619588315486908,0.6230238676071167,-0.09639710932970047,0.9994145631790161,0.5643317699432373,0.73127681016922,0.11125028133392334,0.8568441271781921,0.6714277863502502,0.7364104390144348,-0.06517161428928375,0.9586285352706909,0.4676785171031952,0.8275450468063354,0.16241124272346497,0.915764331817627,0.5993722677230835,0.8631653785705566,0.02777024358510971,0.9764101505279541,0.45361942052841187,0.8187301158905029,0.16631269454956055,0.922630786895752,0.6276407241821289,0.8747523427009583,0.03601934388279915,0.9313733577728271,0.44969257712364197,0.8844167590141296,0.14028950035572052,0.9250909090042114,0.615767776966095,0.9206056594848633,0.005937887821346521,0.9576229453086853
167,0.7505914568901062,0.438912957906723,-0.14271484315395355,0.9997045993804932,0.7520424127578735,0.4238855540752411,-0.1355442851781845,0.999588131904602,0.7514576315879822,0.42045798897743225,-0.13562913239002228,0.9994521737098694,0.7508721947669983,0.4166780114173889,-0.13570672273635864,0.9996041059494019,0.7513753771781921,0.42880553007125854,-0.16502179205417633,0.9996825456619263,0.7503289580345154,0.4288187623023987,-0.16503924131393433,0.9995660781860352,0.7490465641021729,0.42787712812423706,-0.1650232970714569,0.9996449947357178,0.740222692489624,0.4043481647968292,-0.07634587585926056,0.9992873668670654,0.7388210892677307,0.41658255457878113,-0.20938749611377716,0.9994415044784546,0.7427808046340942,0.4382812976837158,-0.11502300947904587,0.9992427229881287,0.7414768934249878,0.44250941276550293,-0.1535441279411316,0.9990450143814087,0.7019484043121338,0.4253907799720764,0.03727203980088234,0.9993105530738831,0.700557291507721,0.49471718072891235,-0.24877981841564178,0.9996169805526733,0.739501416683197,0.5069156885147095,0.12966008484363556,0.21228761970996857,0.7014270424842834,0.6031591892242432,-0.2275262326002121,0.9776657819747925,0.7874316573143005,0.5521994233131409,0.10435909777879715,0.5473714470863342,0.7604559063911438,0.6030260920524597,-0.15025490522384644,0.9750582575798035,0.7979739904403687,0.5635186433792114,0.10532823950052261,0.5779624581336975,0.777643084526062,0.6107732057571411,-0.16468146443367004,0.9618686437606812,0.7950276136398315,0.5566998720169067,0.07667456567287445,0.5909004211425781,0.7779549360275269,0.5950666666030884,-0.1559392362833023,0.9595155119895935,0.792087972164154,0.5551460981369019,0.09071619808673859,0.6090006828308105,0.7755407691001892,0.5907222032546997,-0.14119714498519897,0.9392057061195374,0.6112484335899353,0.5980786085128784,0.09425480663776398,0.9994771480560303,0.6185993552207947,0.6229117512702942,-0.09432955086231232,0.9994145035743713,0.6650859713554382,0.7011927962303162,0.10335472971200943,0.8416050672531128,0.5611433386802673,0.7484515905380249,-0.07468356192111969,0.9571044445037842,0.6504697203636169,0.8530431389808655,0.15404875576496124,0.9096370339393616,0.4672206938266754,0.8410933613777161,0.02867712639272213,0.9772154688835144,0.6369335055351257,0.8709111213684082,0.15843535959720612,0.916666567325592,0.4546850621700287,0.8339234590530396,0.03711966052651405,0.9311757683753967,0.680088460445404,0.893320620059967,0.1402013599872589,0.922353208065033,0.44804468750953674,0.9071202874183655,-0.00892012007534504,0.9586290717124939
168,0.7496145963668823,0.42528867721557617,-0.14503219723701477,0.9997187256813049,0.7504962682723999,0.4090731143951416,-0.13634759187698364,0.9996104836463928,0.7500355243682861,0.4059891104698181,-0.13643835484981537,0.9994778037071228,0.7495496273040771,0.40280681848526,-0.13652248680591583,0.9996282458305359,0.7490926384925842,0.41411545872688293,-0.16735543310642242,0.999701738357544,0.7474820017814636,0.41525721549987793,-0.16736197471618652,0.9995901584625244,0.7458062767982483,0.4156797528266907,-0.16731195151805878,0.999667227268219,0.7381306290626526,0.3968336880207062,-0.07407045364379883,0.9993271827697754,0.7340561747550964,0.410304456949234,-0.2136853188276291,0.9994722008705139,0.7427425980567932,0.4285450875759125,-0.11646418273448944,0.999276340007782,0.7413919568061829,0.433722585439682,-0.1567562073469162,0.9990940690040588,0.7024280428886414,0.42124587297439575,0.025380676612257957,0.9993232488632202,0.6976761221885681,0.4884624779224396,-0.24742214381694794,0.9995717406272888,0.7518011331558228,0.49469897150993347,0.08033176511526108,0.22390933334827423,0.7017386555671692,0.6020333766937256,-0.24786625802516937,0.9777687191963196,0.789698600769043,0.5540860295295715,-0.016243761405348778,0.5513129830360413,0.7605839967727661,0.6029587984085083,-0.1747882068157196,0.9740493297576904,0.7997425198554993,0.5646934509277344,-0.03356781229376793,0.5799927711486816,0.777001142501831,0.6102206110954285,-0.204697385430336,0.9601717591285706,0.7961350083351135,0.5588110685348511,-0.0646400973200798,0.5942328572273254,0.7765331268310547,0.5940625667572021,-0.20330432057380676,0.9579467177391052,0.7915933728218079,0.558753490447998,-0.03365079313516617,0.6130269169807434,0.7724722623825073,0.5904688239097595,-0.17344540357589722,0.9371474385261536,0.6109212040901184,0.5923243761062622,0.0942048504948616,0.9994593262672424,0.6186102032661438,0.6220231652259827,-0.09426108002662659,0.9993780851364136,0.5968900918960571,0.7054542303085327,0.1251605749130249,0.8416115641593933,0.5769742131233215,0.7480581402778625,-0.053903382271528244,0.959649384021759,0.5649134516716003,0.8526900410652161,0.20409099757671356,0.9091849327087402,0.5159842371940613,0.8597812652587891,0.05528702586889267,0.9785200953483582,0.5466800928115845,0.8655992746353149,0.21073560416698456,0.9126474857330322,0.5067653059959412,0.8679137229919434,0.0649457648396492,0.9317630529403687,0.5903549194335938,0.8977556824684143,0.1910559982061386,0.921103835105896,0.4888335168361664,0.9179742932319641,0.037261079996824265,0.960587203502655
169,0.7462008595466614,0.4181468188762665,-0.09772670269012451,0.9997413158416748,0.746446967124939,0.40078988671302795,-0.08512578159570694,0.999644935131073,0.7457904815673828,0.39797672629356384,-0.08522047102451324,0.9995225667953491,0.7451213002204895,0.3949251174926758,-0.08527583628892899,0.9996607899665833,0.7457104325294495,0.4049692451953888,-0.1140742227435112,0.9997282028198242,0.7444397807121277,0.4053723216056824,-0.11412346363067627,0.9996259212493896,0.7426508665084839,0.4064078629016876,-0.11405854672193527,0.9996967315673828,0.7345298528671265,0.3902309834957123,-0.023308509960770607,0.9993865489959717,0.732363760471344,0.40239250659942627,-0.15541891753673553,0.9995203018188477,0.7406877279281616,0.42418748140335083,-0.06897571682929993,0.9993369579315186,0.7396262884140015,0.4291447103023529,-0.10621614754199982,0.9991734027862549,0.6980937719345093,0.41494467854499817,0.07634840160608292,0.9993667006492615,0.6980695128440857,0.4789734482765198,-0.19869674742221832,0.9995829463005066,0.7233388423919678,0.4975740909576416,0.1113385409116745,0.21533577144145966,0.7013915181159973,0.5968924760818481,-0.17914500832557678,0.9772069454193115,0.7573240399360657,0.5634353160858154,0.08046283572912216,0.5443307757377625,0.7392129898071289,0.5945808291435242,-0.046576883643865585,0.9706742167472839,0.7734093070030212,0.5656173825263977,0.07762481272220612,0.5730118155479431,0.7540844082832336,0.5990445017814636,-0.05889860913157463,0.955306351184845,0.7726720571517944,0.5598649382591248,0.04688983038067818,0.587658166885376,0.7559453845024109,0.5817407369613647,-0.054851870983839035,0.9530414938926697,0.7637435793876648,0.5757003426551819,0.06538215279579163,0.6060192584991455,0.7547365427017212,0.5790854096412659,-0.04217584803700447,0.932388961315155,0.6093729138374329,0.5900925993919373,0.09250890463590622,0.9995049238204956,0.6213204264640808,0.6202242374420166,-0.09252575039863586,0.9994103908538818,0.5620518326759338,0.7095869183540344,0.11371216922998428,0.8536202907562256,0.6826515197753906,0.7187609672546387,-0.027974428609013557,0.959721028804779,0.4757749140262604,0.8332207202911377,0.17732538282871246,0.9162630438804626,0.651819109916687,0.8653407096862793,0.07792560011148453,0.9782958626747131,0.4603975713253021,0.832145631313324,0.183122456073761,0.9186990857124329,0.6376248598098755,0.8851360082626343,0.08676718920469284,0.9311273694038391,0.4654507339000702,0.8796700239181519,0.16915035247802734,0.9259607791900635,0.6763696074485779,0.9099424481391907,0.07428108900785446,0.960403561592102
170,0.7417592406272888,0.4117634892463684,-0.09302521497011185,0.999753475189209,0.7427350878715515,0.3952513337135315,-0.0833236500620842,0.9996684193611145,0.742515504360199,0.3934240937232971,-0.08341225236654282,0.9995530247688293,0.7423524260520935,0.3913251459598541,-0.08347153663635254,0.9996833801269531,0.74116450548172,0.3962916135787964,-0.11285856366157532,0.99974524974823,0.7395389676094055,0.39503851532936096,-0.11291823536157608,0.9996486902236938,0.7372874617576599,0.3949010968208313,-0.11288481205701828,0.9997156262397766,0.7321657538414001,0.3863693177700043,-0.01399274542927742,0.9994293451309204,0.7265692949295044,0.3898051381111145,-0.1462017446756363,0.9995547533035278,0.7368795275688171,0.4190236032009125,-0.06854615360498428,0.9993680715560913,0.7347484230995178,0.4199342727661133,-0.10449976474046707,0.9992191195487976,0.6986081004142761,0.4165906310081482,0.09342947602272034,0.9993818402290344,0.6940603256225586,0.45805108547210693,-0.19440850615501404,0.9995609521865845,0.7193161249160767,0.5031378269195557,0.13296058773994446,0.21275204420089722,0.6917670369148254,0.5780677795410156,-0.188597172498703,0.9760740995407104,0.759210467338562,0.5735425353050232,0.07332291454076767,0.5385687351226807,0.7400711178779602,0.5819182395935059,-0.06433319300413132,0.9679543375968933,0.7723576426506042,0.569943904876709,0.06647911667823792,0.5687370896339417,0.7554680109024048,0.5861342549324036,-0.07913311570882797,0.9517706632614136,0.7722019553184509,0.5635093450546265,0.03755210340023041,0.5840538144111633,0.7568231821060181,0.5704371333122253,-0.07872991263866425,0.9494522213935852,0.7684476971626282,0.5731449723243713,0.05725055932998657,0.6025975942611694,0.7522713541984558,0.57159823179245,-0.060883913189172745,0.927993893623352,0.6103211045265198,0.5895259380340576,0.09255441278219223,0.999480128288269,0.6212815046310425,0.6142055988311768,-0.09255645424127579,0.9993164539337158,0.5672405362129211,0.7206941246986389,0.11170846968889236,0.8571979999542236,0.6589258313179016,0.7123233079910278,-0.07035590708255768,0.9615098834037781,0.508335530757904,0.8368532657623291,0.16557379066944122,0.9176532626152039,0.6419132351875305,0.8520622253417969,0.009740885347127914,0.9788727760314941,0.49216586351394653,0.8375198841094971,0.16981171071529388,0.9184083938598633,0.5816895961761475,0.870413064956665,0.016954608261585236,0.9316640496253967,0.5093864798545837,0.899130642414093,0.14923696219921112,0.9255638718605042,0.6295403242111206,0.9060764312744141,0.0007285409374162555,0.9613074064254761
171,0.7405327558517456,0.40227505564689636,-0.04158251732587814,0.9997711181640625,0.7419542670249939,0.3847503066062927,-0.031095918267965317,0.9996967911720276,0.7415503263473511,0.38285019993782043,-0.031152212992310524,0.9995896816253662,0.7411195039749146,0.3806721866130829,-0.031181631609797478,0.9997093081474304,0.7408764958381653,0.385989785194397,-0.06010453775525093,0.9997671246528625,0.7395609617233276,0.3851105868816376,-0.060146477073431015,0.9996787309646606,0.7379035949707031,0.38416987657546997,-0.06016958877444267,0.9997406601905823,0.7292317748069763,0.37529292702674866,0.022998236119747162,0.9994791746139526,0.7265051007270813,0.380299836397171,-0.10753139108419418,0.999596118927002,0.7346290349960327,0.40979284048080444,-0.01884293183684349,0.9994204044342041,0.7330923676490784,0.4107568860054016,-0.05596432834863663,0.999289870262146,0.6861156225204468,0.4046836793422699,0.12641961872577667,0.9994053840637207,0.6941839456558228,0.44678163528442383,-0.16790981590747833,0.9995931386947632,0.6800225377082825,0.5037857890129089,0.19023771584033966,0.19540899991989136,0.6827499866485596,0.5701667070388794,-0.15100494027137756,0.973494827747345,0.7154677510261536,0.5644827485084534,0.1581152379512787,0.4982939660549164,0.714532196521759,0.5833403468132019,-0.016181500628590584,0.9598427414894104,0.7251423001289368,0.5676032304763794,0.16001710295677185,0.529278576374054,0.7215264439582825,0.5870856046676636,-0.021550891920924187,0.942663311958313,0.7315595746040344,0.5635762214660645,0.13743561506271362,0.543743371963501,0.7241970300674438,0.5713276863098145,-0.019355343654751778,0.9401898980140686,0.7274831533432007,0.5685204267501831,0.14558683335781097,0.5614222884178162,0.7231966853141785,0.5733693242073059,-0.011073191650211811,0.9179128408432007,0.6049225926399231,0.5861853957176208,0.09148108959197998,0.9995216727256775,0.622741162776947,0.6108912229537964,-0.09145568311214447,0.9993335008621216,0.5636675953865051,0.7285521626472473,0.07878819108009338,0.8682187795639038,0.6903852820396423,0.7046840190887451,-0.021054208278656006,0.9598415493965149,0.4698234498500824,0.8387810587882996,0.08362524211406708,0.9238367676734924,0.661508321762085,0.8613904118537903,0.07646642625331879,0.974425733089447,0.4548395276069641,0.8388770818710327,0.08199559152126312,0.9246805310249329,0.645977258682251,0.8911444544792175,0.08383502066135406,0.9240862131118774,0.46184906363487244,0.8961337208747864,0.0506126768887043,0.9301038980484009,0.6982995867729187,0.9068668484687805,0.08352746069431305,0.9565309882164001
172,0.7359611988067627,0.39099738001823425,0.0006355046643875539,0.9997833371162415,0.7366089224815369,0.37570834159851074,0.007751693949103355,0.9997194409370422,0.7358158230781555,0.3739042580127716,0.007706126663833857,0.9996179938316345,0.7349086403846741,0.3718253970146179,0.007678443565964699,0.9997302889823914,0.7362145185470581,0.3781561255455017,-0.0198268610984087,0.9997848868370056,0.7350925803184509,0.37824001908302307,-0.019881602376699448,0.9997027516365051,0.7337620258331299,0.3780728578567505,-0.0199434794485569,0.999761700630188,0.7221685647964478,0.36931052803993225,0.044060118496418,0.999518096446991,0.7225631475448608,0.3767833709716797,-0.08052585273981094,0.9996305108070374,0.7288014888763428,0.3977706730365753,0.01711752451956272,0.9994605183601379,0.7280859351158142,0.40029001235961914,-0.018561189994215965,0.9993501305580139,0.6779773831367493,0.3968717157840729,0.13478508591651917,0.9994105100631714,0.6944135427474976,0.4484163522720337,-0.14826235175132751,0.9996231198310852,0.6623104810714722,0.5030752420425415,0.20182161033153534,0.1784004122018814,0.6711252927780151,0.5642194151878357,-0.12867863476276398,0.9699669480323792,0.6971188187599182,0.5468183755874634,0.1923646628856659,0.4574816823005676,0.7037364840507507,0.5773687362670898,0.010922187939286232,0.944083571434021,0.7058975696563721,0.556079626083374,0.19615285098552704,0.4887832999229431,0.714760422706604,0.5828647613525391,0.0077218241058290005,0.9258207082748413,0.7134113311767578,0.550386369228363,0.17544381320476532,0.5022504925727844,0.7126128673553467,0.5625370740890503,0.01108020544052124,0.9228299856185913,0.7107164263725281,0.5488894581794739,0.1812390834093094,0.518524706363678,0.7106150388717651,0.5615643262863159,0.016324760392308235,0.8990066051483154,0.5999543070793152,0.5842462182044983,0.08853330463171005,0.9995591640472412,0.6236844658851624,0.6095002293586731,-0.08848980814218521,0.9993643164634705,0.56153404712677,0.7281188368797302,0.06769683212041855,0.8791229724884033,0.6947484612464905,0.700335681438446,-0.014764721505343914,0.9608660340309143,0.47097504138946533,0.8315150737762451,0.06728637963533401,0.9300953149795532,0.6623473763465881,0.8641502857208252,0.08113683760166168,0.9728036522865295,0.4486948847770691,0.8379220962524414,0.06566565483808517,0.930728018283844,0.6495784521102905,0.8916625380516052,0.08890648186206818,0.9195288419723511,0.46215859055519104,0.8783260583877563,0.03796418756246567,0.9349188804626465,0.6999263763427734,0.9057570695877075,0.0931369811296463,0.9546380639076233
173,0.7281309962272644,0.38088980317115784,0.0328538678586483,0.9997978210449219,0.7287826538085938,0.36591872572898865,0.03913841024041176,0.9997395277023315,0.7278530597686768,0.3639256954193115,0.03909653052687645,0.9996435642242432,0.726823091506958,0.3615923225879669,0.03904280811548233,0.9997498989105225,0.729010820388794,0.3685401380062103,0.010489516891539097,0.9998007416725159,0.7282121777534485,0.36868539452552795,0.010463545098900795,0.9997239708900452,0.7273582220077515,0.36860233545303345,0.010398129932582378,0.9997802972793579,0.7165859341621399,0.3587040901184082,0.06722927838563919,0.9995527267456055,0.718944787979126,0.36814233660697937,-0.06224647909402847,0.9996606707572937,0.721043586730957,0.38725462555885315,0.046254463493824005,0.9994997382164001,0.7208278179168701,0.39046603441238403,0.008990096859633923,0.9994058609008789,0.6754699349403381,0.392476886510849,0.14801025390625,0.9994189739227295,0.691829264163971,0.4397055208683014,-0.14076535403728485,0.9996512532234192,0.6612812280654907,0.5036622285842896,0.20812946557998657,0.16706374287605286,0.6663040518760681,0.5461085438728333,-0.15374882519245148,0.9693355560302734,0.7165262699127197,0.5470572710037231,0.18376436829566956,0.4404137432575226,0.7005682587623596,0.5773283839225769,-0.04787241294980049,0.9410229325294495,0.730184018611908,0.5623356699943542,0.18630999326705933,0.4712916910648346,0.7129408717155457,0.5835906863212585,-0.04899615794420242,0.9216485619544983,0.7360621094703674,0.5531273484230042,0.16394490003585815,0.48447689414024353,0.7170377969741821,0.5669716596603394,-0.03859877958893776,0.9182076454162598,0.7316651940345764,0.5531975030899048,0.17129682004451752,0.4998632073402405,0.7113325595855713,0.565019428730011,-0.04185080900788307,0.8926805853843689,0.5989758968353271,0.5818269848823547,0.08858577907085419,0.9995919466018677,0.6240000128746033,0.6055241227149963,-0.0885365754365921,0.9993950724601746,0.562991738319397,0.7276995778083801,0.0714624673128128,0.8872933983802795,0.6901767253875732,0.7006478309631348,-0.00810189824551344,0.9625623822212219,0.47046324610710144,0.8318629264831543,0.07223932445049286,0.9348830580711365,0.6626419425010681,0.8655753135681152,0.08300869911909103,0.9725233316421509,0.4533373713493347,0.8374069929122925,0.07058779150247574,0.9356396794319153,0.6473473310470581,0.8954417109489441,0.09073729068040848,0.9200767874717712,0.46828052401542664,0.8765342831611633,0.03825985640287399,0.9379514455795288,0.6956321597099304,0.906163215637207,0.0892491564154625,0.9537274837493896
174,0.7236974239349365,0.37180522084236145,0.004092087969183922,0.9998131394386292,0.7249051332473755,0.35756921768188477,0.011936339549720287,0.9997608065605164,0.723804771900177,0.3555666208267212,0.011905024759471416,0.9996710419654846,0.7225997447967529,0.3532240092754364,0.011865733191370964,0.9997699856758118,0.7255045175552368,0.35975170135498047,-0.01644762232899666,0.9998173713684082,0.724787175655365,0.35957157611846924,-0.016471361741423607,0.9997465014457703,0.7239906787872314,0.3591681122779846,-0.016527945175766945,0.9997993111610413,0.7116371989250183,0.34944289922714233,0.05049220472574234,0.9995893239974976,0.7145965099334717,0.3579893410205841,-0.077680803835392,0.9996908903121948,0.7158045172691345,0.37803584337234497,0.021441509947180748,0.9995408654212952,0.7157009840011597,0.3807298541069031,-0.01536918617784977,0.999459981918335,0.6694170236587524,0.3866705298423767,0.1418033242225647,0.9994333386421204,0.6878934502601624,0.4313444495201111,-0.1498933732509613,0.9996800422668457,0.6571863889694214,0.5035989880561829,0.20520739257335663,0.15432751178741455,0.6580573320388794,0.5357354879379272,-0.16027306020259857,0.9672903418540955,0.708344578742981,0.5493448376655579,0.1820664405822754,0.41305455565452576,0.6912539005279541,0.5789884328842163,-0.054922718554735184,0.9338340163230896,0.7214071154594421,0.5629150867462158,0.18450763821601868,0.44458818435668945,0.7025546431541443,0.5840741395950317,-0.0512324683368206,0.9134707450866699,0.7288447618484497,0.5545862913131714,0.16082502901554108,0.4573988616466522,0.7069907784461975,0.5715519189834595,-0.04942413792014122,0.9095539450645447,0.7242867946624756,0.5553082823753357,0.16923348605632782,0.47194311022758484,0.7008217573165894,0.5669285655021667,-0.046547986567020416,0.8819416165351868,0.5973466038703918,0.579109787940979,0.08863023668527603,0.9996185302734375,0.6231803297996521,0.6039686799049377,-0.08858413249254227,0.9994162321090698,0.5581186413764954,0.7273467779159546,0.07047175616025925,0.8948487639427185,0.6856614351272583,0.6978346109390259,-0.010763091035187244,0.9632241129875183,0.4676406681537628,0.8315778374671936,0.07037248462438583,0.9393890500068665,0.6593809723854065,0.8669198751449585,0.08073890954256058,0.9715815782546997,0.451618492603302,0.83757084608078,0.06865660846233368,0.9403303265571594,0.6466255187988281,0.8944788575172424,0.08826003968715668,0.9185219407081604,0.46221107244491577,0.8776517510414124,0.039117489010095596,0.9412140846252441,0.6833351850509644,0.9006070494651794,0.088345967233181,0.9524362683296204
175,0.722706139087677,0.3652721047401428,0.01751914992928505,0.9998210668563843,0.7229678630828857,0.35118773579597473,0.025684811174869537,0.9997733235359192,0.7216416597366333,0.34882670640945435,0.025641443207859993,0.9996864199638367,0.7202277779579163,0.34612900018692017,0.02560596913099289,0.9997823238372803,0.7242990136146545,0.35458412766456604,-0.002957811113446951,0.999826192855835,0.7238994836807251,0.3548175096511841,-0.002973322756588459,0.9997576475143433,0.7234203219413757,0.3548169434070587,-0.0030240321066230536,0.9998111128807068,0.7101039886474609,0.34328022599220276,0.06067702919244766,0.9996078610420227,0.7148004174232483,0.35409626364707947,-0.06866771727800369,0.9997093081474304,0.7144237160682678,0.37104129791259766,0.03332139924168587,0.999566912651062,0.7151467800140381,0.3740868866443634,-0.003825058229267597,0.9994990825653076,0.6664773225784302,0.3789827227592468,0.1437142938375473,0.9994455575942993,0.6846973896026611,0.42006099224090576,-0.14332029223442078,0.9997043609619141,0.663748025894165,0.5020913481712341,0.16923204064369202,0.1450214833021164,0.6592528223991394,0.5320786833763123,-0.15862272679805756,0.9640592336654663,0.6924956440925598,0.5580443739891052,0.08694136142730713,0.3869730830192566,0.6871016621589661,0.5803914070129395,-0.059794045984745026,0.9206522107124329,0.6990878582000732,0.5794088840484619,0.08097386360168457,0.41758379340171814,0.6958706378936768,0.5917878150939941,-0.06382253021001816,0.8985431790351868,0.7135627865791321,0.5724534392356873,0.06046459823846817,0.42981719970703125,0.7029778361320496,0.5827926397323608,-0.05823037400841713,0.8931944370269775,0.7099744081497192,0.5687631368637085,0.07376378029584885,0.4438456892967224,0.6988864541053772,0.5737441778182983,-0.04765826091170311,0.862991988658905,0.5969710946083069,0.5779577493667603,0.08883047103881836,0.9995781779289246,0.6194425225257874,0.598068356513977,-0.08877456933259964,0.9993560314178467,0.5605541467666626,0.7236009240150452,0.0771600678563118,0.8977879881858826,0.6819400191307068,0.7069307565689087,-0.026716670021414757,0.9650771021842957,0.4688282907009125,0.8273646235466003,0.08908219635486603,0.9406874775886536,0.6510067582130432,0.8827580213546753,0.02762957476079464,0.9714568257331848,0.44748160243034363,0.8259931802749634,0.0889304131269455,0.9417721629142761,0.644118070602417,0.8966562151908875,0.031977344304323196,0.9188985824584961,0.46698853373527527,0.8657270669937134,0.059755612164735794,0.9401798844337463,0.6901537179946899,0.9009420275688171,0.024536073207855225,0.9512727856636047
176,0.718812108039856,0.36695289611816406,-0.001520110061392188,0.9998282194137573,0.7194095253944397,0.351345956325531,0.006188665051013231,0.999777615070343,0.7181848883628845,0.3489733338356018,0.0061237686313688755,0.9996998310089111,0.7169325947761536,0.3462670147418976,0.006070311181247234,0.9997872114181519,0.7209550738334656,0.35434624552726746,-0.023407110944390297,0.9998220205307007,0.7206698656082153,0.3543093502521515,-0.023430893197655678,0.9997572898864746,0.7203689813613892,0.3540882170200348,-0.02347845770418644,0.9998064637184143,0.7073293328285217,0.3415595293045044,0.044607486575841904,0.9996022582054138,0.7120349407196045,0.352352112531662,-0.08774708956480026,0.9997090101242065,0.7108908295631409,0.3710488975048065,0.015942329540848732,0.9995801448822021,0.7118276357650757,0.3742665946483612,-0.022667795419692993,0.9995198845863342,0.664501428604126,0.3794541656970978,0.1317286640405655,0.9994649291038513,0.6798049807548523,0.41680076718330383,-0.15335313975811005,0.999730110168457,0.6637516021728516,0.5061078667640686,0.157253235578537,0.13938558101654053,0.6513556838035583,0.5262502431869507,-0.16209086775779724,0.9553311467170715,0.7021453976631165,0.5772430300712585,0.09211180359125137,0.37014687061309814,0.6865782141685486,0.5773963928222656,-0.06519881635904312,0.9118955135345459,0.7129217982292175,0.5940729975700378,0.0892794281244278,0.400728315114975,0.6972504258155823,0.5922427177429199,-0.07249390333890915,0.8921387791633606,0.720687210559845,0.5916206240653992,0.06531304121017456,0.4126392900943756,0.7047867178916931,0.5822795033454895,-0.0670778900384903,0.8854871988296509,0.7165094614028931,0.5874601006507874,0.07834606617689133,0.42580366134643555,0.7005024552345276,0.5728456974029541,-0.05578162521123886,0.8514729738235474,0.5974927544593811,0.5755541920661926,0.09022227674722672,0.9994643330574036,0.6128634214401245,0.5925590991973877,-0.09021703898906708,0.9993425011634827,0.6701127886772156,0.6735461950302124,0.07334927469491959,0.8954517841339111,0.5650346875190735,0.7270797491073608,-0.11648130416870117,0.967949628829956,0.6538171768188477,0.8482275605201721,0.09194934368133545,0.942792534828186,0.4710651934146881,0.851186990737915,-0.08527036011219025,0.9738080501556396,0.6395190954208374,0.8792023062705994,0.09110189974308014,0.9431213736534119,0.4493405222892761,0.8479464650154114,-0.0846429094672203,0.9234380125999451,0.6940990686416626,0.8898158669471741,0.06255462020635605,0.9423072338104248,0.47467169165611267,0.8935942649841309,-0.15573257207870483,0.9547207355499268
177,0.7084246277809143,0.34949570894241333,-0.01859932951629162,0.9998313784599304,0.7083140015602112,0.3349595367908478,-0.008804693818092346,0.9997760057449341,0.706821858882904,0.33291029930114746,-0.008874294348061085,0.999707043170929,0.7053104043006897,0.3307992219924927,-0.008932560682296753,0.999785840511322,0.7102887630462646,0.33806201815605164,-0.03824589401483536,0.9998129606246948,0.7101098895072937,0.33820879459381104,-0.03830418363213539,0.9997512698173523,0.7099366784095764,0.33825603127479553,-0.03838915005326271,0.999798059463501,0.6965862512588501,0.32956525683403015,0.04293297231197357,0.9995858669281006,0.7034952640533447,0.33846214413642883,-0.08874151110649109,0.9997089505195618,0.7004722952842712,0.3546970784664154,0.0020098695531487465,0.9995841979980469,0.7022152543067932,0.35750076174736023,-0.03679132089018822,0.99953693151474,0.6592415571212769,0.37848562002182007,0.1294499784708023,0.9994587302207947,0.6716199517250061,0.399112343788147,-0.16525596380233765,0.9997544288635254,0.6502920985221863,0.505768358707428,0.14432139694690704,0.1311037540435791,0.6373768448829651,0.5157057046890259,-0.16337813436985016,0.9500377774238586,0.6936710476875305,0.5747771859169006,0.07403907179832458,0.3465033173561096,0.6752967834472656,0.5663824081420898,-0.06278335303068161,0.9041611552238464,0.7051858305931091,0.5896863341331482,0.06858225911855698,0.3775864541530609,0.6887140870094299,0.584456741809845,-0.07337846606969833,0.8865717053413391,0.7113633751869202,0.5863541960716248,0.04599124193191528,0.3891717791557312,0.6947373747825623,0.5735083818435669,-0.06842611730098724,0.8789483308792114,0.7070947885513306,0.5836170315742493,0.06038740649819374,0.40185660123825073,0.6895948052406311,0.5635089874267578,-0.056357286870479584,0.8423908352851868,0.5975198745727539,0.5764397382736206,0.09051062166690826,0.9993682503700256,0.6060364842414856,0.5918103456497192,-0.0905112773180008,0.9993534684181213,0.6759611368179321,0.6586483716964722,0.0789312794804573,0.894228458404541,0.5555122494697571,0.735917866230011,-0.1154443770647049,0.9707339406013489,0.6615477800369263,0.8505111336708069,0.124005027115345,0.9446988105773926,0.4661177694797516,0.8369189500808716,-0.06997575610876083,0.9760464429855347,0.6494765877723694,0.8797520399093628,0.12493082135915756,0.9438221454620361,0.44398367404937744,0.8466052412986755,-0.06793859601020813,0.9280755519866943,0.7033177018165588,0.892002522945404,0.10188362002372742,0.9444557428359985,0.46795839071273804,0.8942232131958008,-0.13639210164546967,0.9581754803657532
178,0.7094317078590393,0.3457610309123993,-0.025103775784373283,0.9998257756233215,0.7084434032440186,0.331849068403244,-0.011453481391072273,0.9997702240943909,0.707410454750061,0.3306349217891693,-0.011494367383420467,0.9996955990791321,0.7063287496566772,0.3293353021144867,-0.011484076268970966,0.999779999256134,0.7085697054862976,0.3323754370212555,-0.043564606457948685,0.9998090863227844,0.7076240181922913,0.3316529393196106,-0.04360842704772949,0.9997471570968628,0.7065940499305725,0.33084961771965027,-0.04368670657277107,0.9998018145561218,0.6959957480430603,0.32719698548316956,0.04028450697660446,0.9995598793029785,0.6971723437309265,0.3298394978046417,-0.09360944479703903,0.9997190833091736,0.7019754648208618,0.35211968421936035,0.0007259522099047899,0.9995961785316467,0.7018527984619141,0.35211417078971863,-0.0411909855902195,0.999567985534668,0.6602743268013,0.38142290711402893,0.14399419724941254,0.9994214773178101,0.6650516390800476,0.38583627343177795,-0.17622224986553192,0.9997745752334595,0.6508446931838989,0.502521276473999,0.1567491590976715,0.12068338692188263,0.6307773590087891,0.5044072270393372,-0.20887404680252075,0.9516065716743469,0.6785691976547241,0.5768561959266663,0.079787977039814,0.31893283128738403,0.6707790493965149,0.5697099566459656,-0.15597662329673767,0.9042584300041199,0.687228798866272,0.5950726270675659,0.07392282038927078,0.3503711521625519,0.6846905946731567,0.5875609517097473,-0.17951494455337524,0.8864386677742004,0.6922738552093506,0.5914061665534973,0.04810278117656708,0.3611234426498413,0.6916208863258362,0.5765452980995178,-0.168523371219635,0.8783057928085327,0.6885715126991272,0.5858874917030334,0.06417960673570633,0.3732318878173828,0.6859663724899292,0.5643565654754639,-0.14929719269275665,0.8406664133071899,0.5975713729858398,0.5770775675773621,0.10092627257108688,0.9993175864219666,0.6059997081756592,0.5853171944618225,-0.10074232518672943,0.9993124604225159,0.5658749341964722,0.7040219306945801,0.0836460143327713,0.8943567276000977,0.6603118777275085,0.6854153275489807,-0.08862580358982086,0.9727099537849426,0.4787942171096802,0.8428170680999756,0.10188557952642441,0.9466100931167603,0.6475701928138733,0.838534951210022,-0.03872356936335564,0.9775147438049316,0.45982635021209717,0.8527679443359375,0.10037931799888611,0.946882426738739,0.6367461085319519,0.8810564875602722,-0.03664558753371239,0.9329785108566284,0.48483356833457947,0.8919944763183594,0.0680050477385521,0.9458369612693787,0.6902621984481812,0.8950541615486145,-0.0711887776851654,0.9603415131568909
179,0.7024912238121033,0.33457109332084656,-0.022367622703313828,0.999832272529602,0.7017131447792053,0.32111310958862305,-0.008882577531039715,0.9997765421867371,0.700992226600647,0.3201583921909332,-0.008915512822568417,0.9997009038925171,0.7001482248306274,0.3191457986831665,-0.008898129686713219,0.9997860789299011,0.7009973526000977,0.32111477851867676,-0.04221980273723602,0.9998160600662231,0.6998060941696167,0.3202184736728668,-0.04224272444844246,0.9997565746307373,0.6985024809837341,0.31931671500205994,-0.042307887226343155,0.9998125433921814,0.6895993947982788,0.3178499639034271,0.050021108239889145,0.9995617270469666,0.688955545425415,0.3193892240524292,-0.09679628163576126,0.9997354745864868,0.6964671611785889,0.34252744913101196,0.004041575826704502,0.9996164441108704,0.6952114701271057,0.34225690364837646,-0.039413679391145706,0.9996014833450317,0.6559032201766968,0.3797173798084259,0.16095659136772156,0.999424397945404,0.6581571698188782,0.3804568946361542,-0.18090325593948364,0.999795138835907,0.6319020986557007,0.49752914905548096,0.18823955953121185,0.11089999973773956,0.6242101192474365,0.500333845615387,-0.23070277273654938,0.9546915888786316,0.6594646573066711,0.5776939392089844,0.09475556761026382,0.29484641551971436,0.6657780408859253,0.574087381362915,-0.20554524660110474,0.9093828797340393,0.6671279668807983,0.5982446670532227,0.09151477366685867,0.32695794105529785,0.6790030598640442,0.5974419116973877,-0.23352192342281342,0.8915453553199768,0.6724441647529602,0.5961176753044128,0.0662916973233223,0.33688026666641235,0.6861119866371155,0.5869182348251343,-0.22020038962364197,0.8834519386291504,0.6690340042114258,0.5887723565101624,0.08064445853233337,0.34827670454978943,0.680698573589325,0.5757859349250793,-0.19838370382785797,0.8458812832832336,0.5972324013710022,0.5774642825126648,0.10680683702230453,0.9993134140968323,0.6035009622573853,0.5830689072608948,-0.10664102435112,0.9993132948875427,0.5486820936203003,0.7218266129493713,0.087081179022789,0.8934338092803955,0.6854859590530396,0.6681141257286072,-0.08984492719173431,0.9742182493209839,0.46854838728904724,0.8380574584007263,0.09905435144901276,0.9477699398994446,0.6570355296134949,0.8395547270774841,-0.037000857293605804,0.9787064790725708,0.44962626695632935,0.842392086982727,0.09767474234104156,0.9498326182365417,0.6466557383537292,0.8900215029716492,-0.03459816798567772,0.9374445676803589,0.4741807281970978,0.8933013081550598,0.06512077152729034,0.9466903209686279,0.7028322815895081,0.8958366513252258,-0.06605055928230286,0.962011456489563
180,0.6907920241355896,0.3424251973628998,-0.007475472521036863,0.9998286366462708,0.6915121674537659,0.3277660310268402,0.004006094299256802,0.9997690916061401,0.6908383965492249,0.32651084661483765,0.003979783039540052,0.9996888041496277,0.6901454925537109,0.32505929470062256,0.003995669074356556,0.9997800588607788,0.6913549304008484,0.3280223608016968,-0.027578067034482956,0.9998095035552979,0.6905171275138855,0.32708150148391724,-0.027568859979510307,0.9997497797012329,0.6896827220916748,0.3259938359260559,-0.027621088549494743,0.9998125433921814,0.680982232093811,0.3215661346912384,0.06054871156811714,0.9995346665382385,0.6818455457687378,0.3237210512161255,-0.08208189159631729,0.9997329711914062,0.6846569180488586,0.34989675879478455,0.01761973649263382,0.9996194839477539,0.6839893460273743,0.3499307632446289,-0.023667076602578163,0.9996204972267151,0.6488268375396729,0.37772336602211,0.16448955237865448,0.9994106888771057,0.654763400554657,0.3821088671684265,-0.16368764638900757,0.9998131990432739,0.6295254230499268,0.49507954716682434,0.1895764172077179,0.10330001264810562,0.6236974596977234,0.4979344606399536,-0.21969516575336456,0.9569091796875,0.6499840617179871,0.5812008380889893,0.09818696975708008,0.2768975794315338,0.6593132019042969,0.5805158019065857,-0.22018060088157654,0.9135773777961731,0.6564105153083801,0.6009809970855713,0.0982574000954628,0.30945199728012085,0.6686060428619385,0.6049841642379761,-0.25037866830825806,0.8955997824668884,0.661986231803894,0.5999652147293091,0.0665476843714714,0.3186183273792267,0.6761149168014526,0.5978811383247375,-0.2322671115398407,0.8873659372329712,0.6595125794410706,0.5928694605827332,0.08149794489145279,0.32928547263145447,0.6722710728645325,0.5889667868614197,-0.21204909682273865,0.849446177482605,0.5957239270210266,0.577739953994751,0.10407498478889465,0.9990737438201904,0.6036760210990906,0.581051230430603,-0.10395355522632599,0.9991509914398193,0.5426713228225708,0.7240116000175476,0.09651024639606476,0.8921757340431213,0.6793044209480286,0.6715542078018188,-0.09317095577716827,0.9754428863525391,0.4681139290332794,0.8344312310218811,0.11292337626218796,0.9472487568855286,0.6600238084793091,0.8435813188552856,-0.06290500611066818,0.9795827865600586,0.44711723923683167,0.8386144042015076,0.11334510892629623,0.9516253471374512,0.6492957472801208,0.8912529945373535,-0.0621529147028923,0.9411431550979614,0.4726538360118866,0.8906452059745789,0.08689175546169281,0.9440958499908447,0.703461229801178,0.8962153792381287,-0.09377828985452652,0.9626094102859497
181,0.6865617632865906,0.3393271863460541,-0.011114324443042278,0.9998259544372559,0.6865395903587341,0.325308620929718,-0.0006216210895217955,0.9997525215148926,0.6856711506843567,0.32397958636283875,-0.0006509758532047272,0.9996650218963623,0.6847686171531677,0.3224017918109894,-0.000645268359221518,0.999765932559967,0.686775267124176,0.32541024684906006,-0.031760409474372864,0.999797523021698,0.6860474348068237,0.3243410587310791,-0.031756360083818436,0.9997380971908569,0.6853371262550354,0.3230883777141571,-0.03180978074669838,0.9998083710670471,0.6751501560211182,0.3179193139076233,0.05228476971387863,0.9994937777519226,0.6773646473884583,0.3198332190513611,-0.08837016671895981,0.9997273087501526,0.6800101399421692,0.34565269947052,0.012513752095401287,0.9996119141578674,0.6798393726348877,0.3451899290084839,-0.028133489191532135,0.9996343851089478,0.6429809927940369,0.3754368722438812,0.1582854837179184,0.9994054436683655,0.6504740118980408,0.37476104497909546,-0.16521698236465454,0.9998299479484558,0.6152556538581848,0.4923515021800995,0.19468431174755096,0.09462269395589828,0.6192901134490967,0.4924366772174835,-0.23040863871574402,0.9585202932357788,0.6363945603370667,0.5798196792602539,0.12626978754997253,0.25475144386291504,0.6523404717445374,0.5833919048309326,-0.2305443435907364,0.9158028960227966,0.6419039368629456,0.5982396006584167,0.1283009648323059,0.2869819402694702,0.6608768701553345,0.6083044409751892,-0.2608868479728699,0.8972724080085754,0.6478997468948364,0.5974313616752625,0.09964887797832489,0.29527172446250916,0.6683775186538696,0.602084755897522,-0.24366982281208038,0.8886887431144714,0.6456886529922485,0.5907163619995117,0.11106981337070465,0.3054451048374176,0.664627730846405,0.5922942757606506,-0.22268104553222656,0.8495973944664001,0.5914402604103088,0.5820171236991882,0.10300881415605545,0.9990921020507812,0.5999744534492493,0.5836189389228821,-0.10292395949363708,0.9991644620895386,0.5469681024551392,0.7329605221748352,0.11122967302799225,0.8858473300933838,0.6782003045082092,0.6743351817131042,-0.08233330398797989,0.9759174585342407,0.465038925409317,0.8310011625289917,0.1413944512605667,0.9467814564704895,0.6559020280838013,0.8447709083557129,-0.011736927554011345,0.9794461727142334,0.4470505714416504,0.8354130983352661,0.14289501309394836,0.9530577063560486,0.64503014087677,0.8907680511474609,-0.00620134174823761,0.9419185519218445,0.471345990896225,0.8903477787971497,0.11976277828216553,0.942715585231781,0.6972180604934692,0.8959965109825134,-0.020602891221642494,0.962119996547699
182,0.6777235269546509,0.33635032176971436,-0.023762237280607224,0.9998303055763245,0.6789160966873169,0.3226538598537445,-0.01515074074268341,0.9997469186782837,0.6782534122467041,0.3216879069805145,-0.015158945694565773,0.9996559023857117,0.6776925921440125,0.3204643428325653,-0.015132654458284378,0.9997593760490417,0.6789449453353882,0.3220541179180145,-0.0452733188867569,0.9997941851615906,0.6781421899795532,0.3208543658256531,-0.045263390988111496,0.9997377991676331,0.6774287819862366,0.319510281085968,-0.045324843376874924,0.999810516834259,0.6692461371421814,0.31675371527671814,0.040430422872304916,0.9994721412658691,0.6698212027549744,0.31654444336891174,-0.0971386507153511,0.9997326731681824,0.6714794039726257,0.3428918123245239,0.0021069166250526905,0.9996308088302612,0.6708304286003113,0.3416677415370941,-0.037625715136528015,0.999660849571228,0.637700617313385,0.37415197491645813,0.15141554176807404,0.9994015693664551,0.6430677771568298,0.3740723133087158,-0.17420139908790588,0.9998459219932556,0.6223173141479492,0.49187928438186646,0.18963202834129333,0.08724585175514221,0.6154636740684509,0.48680853843688965,-0.25750496983528137,0.9599494338035583,0.6410824656486511,0.5800371170043945,0.13155654072761536,0.23661887645721436,0.6414228081703186,0.5855447053909302,-0.298824667930603,0.9196233153343201,0.646202027797699,0.6005188822746277,0.1363283097743988,0.26896989345550537,0.652951180934906,0.6165074110031128,-0.33419069647789,0.9018895030021667,0.6512349247932434,0.5996804237365723,0.10799550265073776,0.2764952480792999,0.6589981317520142,0.6119582653045654,-0.31376463174819946,0.8932862877845764,0.6490399837493896,0.592107892036438,0.1173536479473114,0.28633904457092285,0.653957724571228,0.6002914309501648,-0.2904546856880188,0.8547571301460266,0.5854639410972595,0.5824065208435059,0.1035112589597702,0.999089241027832,0.5968152284622192,0.5846499800682068,-0.10340028256177902,0.9991684556007385,0.5478775501251221,0.7409825325012207,0.1220339760184288,0.8740364909172058,0.6767017245292664,0.6745933890342712,-0.06945324689149857,0.9770849943161011,0.46216481924057007,0.8317226767539978,0.163478285074234,0.9473206400871277,0.6682474613189697,0.8472583293914795,-0.017099756747484207,0.980742335319519,0.4435372054576874,0.8368175625801086,0.16673991084098816,0.9554570913314819,0.6622999310493469,0.8895845413208008,-0.014464540407061577,0.9463734030723572,0.47693488001823425,0.8911725878715515,0.14197735488414764,0.9426751136779785,0.7548830509185791,0.8621980547904968,-0.04771976172924042,0.9640833735466003
183,0.6697604060173035,0.3311566114425659,-0.04812364652752876,0.9998210072517395,0.6707086563110352,0.31514298915863037,-0.037084341049194336,0.9997102618217468,0.6699369549751282,0.3139956295490265,-0.037140853703022,0.9996266961097717,0.6690273284912109,0.3126397728919983,-0.03717848286032677,0.999729573726654,0.6707689762115479,0.3149798810482025,-0.07037144154310226,0.9997551441192627,0.6699913144111633,0.3137786388397217,-0.07037331163883209,0.9997034668922424,0.6692065596580505,0.31244251132011414,-0.07046051323413849,0.999774158000946,0.6601523160934448,0.3106209933757782,0.022342899814248085,0.9993851780891418,0.6612462401390076,0.3103064000606537,-0.12790414690971375,0.9996944069862366,0.663469672203064,0.3386503756046295,-0.02206527628004551,0.9995901584625244,0.6631419658660889,0.33844661712646484,-0.0659087747335434,0.9996505379676819,0.6323699355125427,0.373014897108078,0.1327591985464096,0.9993389248847961,0.6335853338241577,0.36965832114219666,-0.20628444850444794,0.9998588562011719,0.6179913878440857,0.49250781536102295,0.16618995368480682,0.08152798563241959,0.6054914593696594,0.4885634779930115,-0.2611837685108185,0.9616370797157288,0.6358446478843689,0.5807502865791321,0.09861990064382553,0.21740621328353882,0.6364628672599792,0.5952959060668945,-0.26254552602767944,0.9225795865058899,0.6407898664474487,0.6014176607131958,0.09727612137794495,0.24809545278549194,0.6449146866798401,0.6269001364707947,-0.2952134907245636,0.9051616787910461,0.6464316844940186,0.6007557511329651,0.07001771777868271,0.2547711431980133,0.6565420031547546,0.6249373555183411,-0.28286489844322205,0.896259069442749,0.6439326405525208,0.5929611325263977,0.08396057039499283,0.263784795999527,0.6532882452011108,0.6150650978088379,-0.25677579641342163,0.8553577065467834,0.5873310565948486,0.582388699054718,0.10325314849615097,0.9988261461257935,0.5882564783096313,0.5837202072143555,-0.10301792621612549,0.9990389943122864,0.6653681993484497,0.6860103607177734,0.06907705217599869,0.8731629848480225,0.5579007267951965,0.7238559126853943,-0.13639284670352936,0.9785028100013733,0.6494187116622925,0.8526536226272583,0.12424511462450027,0.9460486173629761,0.46743616461753845,0.8321257829666138,-0.09001658856868744,0.9815436005592346,0.6401404142379761,0.8834342956542969,0.12605634331703186,0.9528156518936157,0.44549238681793213,0.8407412171363831,-0.08811609447002411,0.945207953453064,0.6968408226966858,0.9040461778640747,0.08463884890079498,0.9413287043571472,0.4788864254951477,0.8784052729606628,-0.160492941737175,0.9646998047828674
184,0.6679671406745911,0.33067625761032104,-0.07515362650156021,0.9996792078018188,0.6667982339859009,0.31532275676727295,-0.0643574669957161,0.9993557929992676,0.6657791137695312,0.314456582069397,-0.06442302465438843,0.9993055462837219,0.6647318005561829,0.3133445680141449,-0.06447968631982803,0.9994439482688904,0.6665861010551453,0.31496161222457886,-0.09925175458192825,0.9994055032730103,0.6654266119003296,0.31404972076416016,-0.09926792979240417,0.9993696212768555,0.6642493009567261,0.31298959255218506,-0.09937171638011932,0.999454140663147,0.6540099382400513,0.3120635747909546,-0.007723232731223106,0.9988504648208618,0.6541877388954163,0.31249502301216125,-0.1652064025402069,0.9993823766708374,0.6607199311256409,0.33973416686058044,-0.050009988248348236,0.9992079734802246,0.660122811794281,0.3386552333831787,-0.09591803699731827,0.9994460344314575,0.6243070960044861,0.37415653467178345,0.10189453512430191,0.9991875290870667,0.6230173110961914,0.37263038754463196,-0.2360583245754242,0.9998665452003479,0.6055692434310913,0.49753910303115845,0.14419244229793549,0.07547280937433243,0.5976725220680237,0.49386540055274963,-0.2841602563858032,0.9601361751556396,0.6147722005844116,0.587615430355072,0.09961691498756409,0.19861476123332977,0.6219564080238342,0.6028603315353394,-0.2746236026287079,0.919172465801239,0.6169337630271912,0.6089118123054504,0.10179783403873444,0.2274150848388672,0.6290920376777649,0.6332424879074097,-0.3071020543575287,0.901140034198761,0.622759997844696,0.6085928678512573,0.0758347138762474,0.23330526053905487,0.6382811665534973,0.6297640800476074,-0.29366442561149597,0.8912253975868225,0.6217653155326843,0.6000872850418091,0.08639268577098846,0.2415505349636078,0.6359233856201172,0.6224334836006165,-0.2686834931373596,0.8452292084693909,0.5862039923667908,0.5847071409225464,0.10285811871290207,0.998677134513855,0.580571174621582,0.5865141153335571,-0.1027783453464508,0.998969316482544,0.6652638912200928,0.674231231212616,0.0900251641869545,0.8702846169471741,0.5445520281791687,0.7515585422515869,-0.11719071865081787,0.9795681238174438,0.6564663052558899,0.8506233096122742,0.1752270609140396,0.9441827535629272,0.45797014236450195,0.8323726058006287,-0.05431271344423294,0.9823498725891113,0.6484125852584839,0.8817917704582214,0.1795537769794464,0.9485334753990173,0.43874797224998474,0.8425565361976624,-0.04024603217840195,0.9442446231842041,0.6981249451637268,0.9014599323272705,0.1476307362318039,0.9381965398788452,0.4690089523792267,0.8907928466796875,-0.09695632755756378,0.9650838971138
185,0.6566509008407593,0.31671223044395447,-0.0975719764828682,0.9996446371078491,0.6538925766944885,0.30266717076301575,-0.08669666945934296,0.9992706775665283,0.6527484059333801,0.3019852340221405,-0.08675644546747208,0.999228835105896,0.6514473557472229,0.30124354362487793,-0.08680621534585953,0.9993712902069092,0.6537039279937744,0.3028762936592102,-0.12288647145032883,0.9993249177932739,0.6524278521537781,0.30237847566604614,-0.12289810925722122,0.999304473400116,0.651056706905365,0.301882266998291,-0.12299509346485138,0.9993807077407837,0.6394824385643005,0.3032481372356415,-0.029061445966362953,0.9986835718154907,0.6406434774398804,0.30525878071784973,-0.19284196197986603,0.9993076920509338,0.6505261659622192,0.32785269618034363,-0.07203282415866852,0.9991022944450378,0.6497738361358643,0.32687610387802124,-0.11979112774133682,0.9994102716445923,0.6112393140792847,0.3698863983154297,0.0826793685555458,0.9990935325622559,0.6157259345054626,0.3714596927165985,-0.261870801448822,0.9998752474784851,0.5959222912788391,0.49609947204589844,0.1361909806728363,0.06956469267606735,0.5899235606193542,0.49239102005958557,-0.3103639483451843,0.9607269763946533,0.6026293635368347,0.5861148238182068,0.09844059497117996,0.18131062388420105,0.6118277311325073,0.6031957268714905,-0.3056207597255707,0.9196205735206604,0.6042103171348572,0.6065722703933716,0.10105600208044052,0.20835110545158386,0.6175677180290222,0.6339561939239502,-0.3396592438220978,0.9013713002204895,0.6097686886787415,0.6059526801109314,0.07536746561527252,0.2135232836008072,0.6254307627677917,0.6310383081436157,-0.32880839705467224,0.8909914493560791,0.608765184879303,0.5979143977165222,0.08536835759878159,0.22104790806770325,0.6209827065467834,0.6224011182785034,-0.3006824851036072,0.8412796258926392,0.5827289819717407,0.5841498970985413,0.10225658863782883,0.9986476898193359,0.5789136290550232,0.5868796706199646,-0.10220061987638474,0.9989773035049438,0.6572286486625671,0.6761563420295715,0.10650955140590668,0.8746896982192993,0.5418900847434998,0.7470549941062927,-0.12836121022701263,0.9810329079627991,0.6523162722587585,0.8592122197151184,0.1999107301235199,0.9463607668876648,0.45336678624153137,0.8351436853408813,-0.06639308482408524,0.9835368394851685,0.6445170640945435,0.8874773383140564,0.20529936254024506,0.9482898712158203,0.4332750737667084,0.8472151756286621,-0.06205909699201584,0.9444971680641174,0.7006680369377136,0.9021381139755249,0.16901586949825287,0.9400843381881714,0.4741534888744354,0.8954100608825684,-0.13696087896823883,0.9667028188705444
186,0.6472522616386414,0.31833985447883606,-0.10006295889616013,0.9996093511581421,0.644748866558075,0.302666574716568,-0.08808459341526031,0.9991778135299683,0.6435157656669617,0.30178210139274597,-0.08813939988613129,0.9991318583488464,0.6422743201255798,0.30103248357772827,-0.0881849080324173,0.9992929100990295,0.6449084877967834,0.30344101786613464,-0.125278040766716,0.9992386698722839,0.643742561340332,0.30310359597206116,-0.12528744339942932,0.9992320537567139,0.6425437927246094,0.30288609862327576,-0.1253940612077713,0.9993094801902771,0.6306542754173279,0.3034104108810425,-0.027542171999812126,0.9984384179115295,0.6322444677352905,0.3060104548931122,-0.19588087499141693,0.999226450920105,0.639997661113739,0.3285989463329315,-0.0734001025557518,0.9989899396896362,0.6396524310112,0.32817262411117554,-0.12256480008363724,0.9993736743927002,0.6013834476470947,0.36472150683403015,0.08721020817756653,0.9990447163581848,0.6061777472496033,0.37429437041282654,-0.26857855916023254,0.999883770942688,0.5846182107925415,0.48740777373313904,0.13810944557189941,0.06508904695510864,0.5805914998054504,0.49510109424591064,-0.3204566240310669,0.9623340368270874,0.5863826870918274,0.5862290859222412,0.10156869888305664,0.16694147884845734,0.6010520458221436,0.6142178773880005,-0.31354430317878723,0.9228250980377197,0.5868165493011475,0.6100926995277405,0.10153587907552719,0.19254547357559204,0.6063043475151062,0.6442890167236328,-0.34859296679496765,0.9047847390174866,0.5916378498077393,0.6100635528564453,0.07645919173955917,0.19690923392772675,0.6134819388389587,0.6421018838882446,-0.33662500977516174,0.8945222496986389,0.5910397171974182,0.6005436778068542,0.08773669600486755,0.20379149913787842,0.611735463142395,0.6331217288970947,-0.3078720271587372,0.8436172008514404,0.5729207396507263,0.5794488191604614,0.10363677889108658,0.9986064434051514,0.5712121725082397,0.5845348238945007,-0.10379476845264435,0.998941957950592,0.6592745184898376,0.6779989004135132,0.10588189214468002,0.8782393932342529,0.536726713180542,0.7476591467857361,-0.13469825685024261,0.9819916486740112,0.6521259546279907,0.8654391169548035,0.1838495433330536,0.9475311040878296,0.4498836398124695,0.8349819779396057,-0.06938781589269638,0.9841221570968628,0.6444140076637268,0.8955467343330383,0.18881908059120178,0.9474570751190186,0.42964670062065125,0.8456859588623047,-0.06507230550050735,0.9430136680603027,0.7037712931632996,0.9077395796775818,0.15217949450016022,0.9403707981109619,0.4676316976547241,0.8977568745613098,-0.13421742618083954,0.9670048952102661
